"Ngày","Lần cuối","Mở","Cao","Thấp","KL","% Thay đổi"
"31/12/2025","25,300.0","25,000.0","25,300.0","24,950.0","23.82M","1.20%"
"30/12/2025","25,000.0","24,900.0","25,200.0","24,850.0","12.06M","0.60%"
"29/12/2025","24,850.0","24,850.0","25,000.0","24,700.0","11.45M","0.00%"
"26/12/2025","24,850.0","24,700.0","25,000.0","24,200.0","24.37M","-0.60%"
"25/12/2025","25,000.0","25,250.0","25,550.0","25,000.0","17.93M","-1.19%"
"24/12/2025","25,300.0","25,100.0","25,550.0","24,950.0","24.79M","0.80%"
"23/12/2025","25,100.0","25,350.0","25,650.0","24,900.0","22.00M","-0.59%"
"22/12/2025","25,250.0","24,850.0","25,400.0","24,650.0","26.66M","2.23%"
"19/12/2025","24,700.0","24,650.0","24,700.0","24,500.0","10.34M","0.20%"
"18/12/2025","24,650.0","24,300.0","24,700.0","24,250.0","12.96M","1.02%"
"17/12/2025","24,400.0","24,550.0","24,700.0","24,350.0","9.52M","-0.20%"
"16/12/2025","24,450.0","23,850.0","24,750.0","23,500.0","21.42M","2.95%"
"15/12/2025","23,750.0","24,000.0","24,200.0","23,650.0","16.02M","-1.04%"
"12/12/2025","24,000.0","24,900.0","24,950.0","24,000.0","21.85M","-3.42%"
"11/12/2025","24,850.0","25,250.0","25,300.0","24,700.0","15.19M","-1.19%"
"10/12/2025","25,150.0","24,700.0","25,450.0","24,600.0","25.87M","1.82%"
"09/12/2025","24,700.0","25,050.0","25,200.0","24,350.0","34.38M","-2.37%"
"08/12/2025","25,300.0","25,000.0","25,550.0","24,850.0","22.62M","0.60%"
"05/12/2025","25,150.0","25,800.0","25,800.0","25,100.0","29.44M","-2.14%"
"04/12/2025","25,700.0","24,800.0","26,000.0","24,800.0","80.91M","4.68%"
"03/12/2025","24,550.0","23,550.0","24,600.0","23,550.0","56.67M","4.25%"
"02/12/2025","23,550.0","23,200.0","23,600.0","23,000.0","19.17M","1.51%"
"01/12/2025","23,200.0","23,300.0","23,400.0","23,200.0","7.80M","-0.22%"
"28/11/2025","23,250.0","23,500.0","23,500.0","23,250.0","11.76M","-1.06%"
"27/11/2025","23,500.0","23,350.0","23,650.0","23,300.0","22.89M","1.08%"
"26/11/2025","23,250.0","22,900.0","23,450.0","22,850.0","21.64M","1.75%"
"25/11/2025","22,850.0","23,200.0","23,300.0","22,800.0","18.50M","-1.30%"
"24/11/2025","23,150.0","23,250.0","23,400.0","23,050.0","10.53M","-0.22%"
"21/11/2025","23,200.0","23,250.0","23,250.0","23,000.0","26.67M","-0.64%"
"20/11/2025","23,350.0","23,700.0","23,700.0","23,300.0","13.62M","-0.64%"
"19/11/2025","23,500.0","23,750.0","23,800.0","23,400.0","17.69M","-0.84%"
"18/11/2025","23,700.0","23,800.0","23,950.0","23,700.0","19.49M","-0.42%"
"17/11/2025","23,800.0","23,600.0","23,950.0","23,600.0","16.84M","1.28%"
"14/11/2025","23,500.0","23,450.0","23,650.0","23,300.0","16.56M","0.00%"
"13/11/2025","23,500.0","23,750.0","23,800.0","23,500.0","19.63M","-0.84%"
"12/11/2025","23,700.0","23,350.0","23,800.0","23,200.0","17.53M","2.16%"
"11/11/2025","23,200.0","23,150.0","23,350.0","23,000.0","15.21M","0.43%"
"10/11/2025","23,100.0","23,300.0","23,600.0","23,050.0","17.03M","-0.86%"
"07/11/2025","23,300.0","23,750.0","23,750.0","23,150.0","21.33M","-1.69%"
"06/11/2025","23,700.0","24,000.0","24,100.0","23,600.0","10.72M","-0.84%"
"05/11/2025","23,900.0","24,000.0","24,100.0","23,800.0","12.42M","-0.42%"
"04/11/2025","24,000.0","23,500.0","24,350.0","23,200.0","38.23M","3.90%"
"03/11/2025","23,100.0","23,700.0","24,000.0","23,100.0","29.96M","-2.12%"
"31/10/2025","23,600.0","23,800.0","24,100.0","23,600.0","19.85M","-1.46%"
"30/10/2025","23,950.0","24,400.0","24,400.0","23,850.0","24.50M","-1.64%"
"29/10/2025","24,350.0","24,200.0","24,600.0","24,050.0","24.11M","1.46%"
"28/10/2025","24,000.0","23,800.0","24,000.0","23,150.0","49.52M","0.84%"
"27/10/2025","23,800.0","24,550.0","24,650.0","23,800.0","52.33M","-2.46%"
"24/10/2025","24,400.0","25,150.0","25,150.0","24,350.0","46.36M","-3.17%"
"23/10/2025","25,200.0","25,500.0","25,700.0","25,200.0","19.90M","-0.98%"
"22/10/2025","25,450.0","25,600.0","25,650.0","24,800.0","29.60M","0.59%"
"21/10/2025","25,300.0","25,350.0","26,000.0","24,800.0","51.67M","0.20%"
"20/10/2025","25,250.0","26,950.0","27,100.0","25,250.0","74.53M","-6.83%"
"17/10/2025","27,100.0","27,250.0","27,800.0","27,100.0","43.53M","-0.37%"
"16/10/2025","27,200.0","27,300.0","27,550.0","27,150.0","26.48M","-0.18%"
"15/10/2025","27,250.0","27,150.0","27,650.0","27,100.0","31.49M","0.74%"
"14/10/2025","27,050.0","27,500.0","27,700.0","27,050.0","49.40M","-1.10%"
"13/10/2025","27,350.0","27,150.0","27,400.0","27,000.0","46.45M","-0.36%"
"10/10/2025","27,450.0","27,400.0","27,750.0","27,200.0","56.78M","0.37%"
"09/10/2025","27,350.0","27,000.0","27,400.0","26,850.0","38.67M","1.86%"
"08/10/2025","26,850.0","27,200.0","27,300.0","26,850.0","32.17M","0.00%"
"07/10/2025","26,850.0","27,500.0","27,550.0","26,850.0","22.19M","-1.83%"
"06/10/2025","27,350.0","26,950.0","27,500.0","26,650.0","38.98M","3.01%"
"03/10/2025","26,550.0","26,700.0","26,800.0","26,400.0","14.51M","-0.93%"
"02/10/2025","26,800.0","26,500.0","27,350.0","26,450.0","44.09M","1.52%"
"01/10/2025","26,400.0","26,250.0","26,600.0","26,150.0","11.54M","0.76%"
"30/09/2025","26,200.0","26,200.0","26,600.0","26,050.0","19.76M","0.19%"
"29/09/2025","26,150.0","26,250.0","26,350.0","26,100.0","16.25M","-0.38%"
"26/09/2025","26,250.0","26,500.0","26,700.0","26,250.0","12.95M","-1.13%"
"25/09/2025","26,550.0","27,000.0","27,000.0","26,400.0","15.49M","-0.93%"
"24/09/2025","26,800.0","26,350.0","26,800.0","25,900.0","22.75M","1.71%"
"23/09/2025","26,350.0","26,450.0","26,550.0","26,150.0","10.10M","0.76%"
"22/09/2025","26,150.0","26,550.0","26,600.0","26,100.0","26.37M","-1.88%"
"19/09/2025","26,650.0","26,950.0","26,950.0","26,500.0","14.48M","-0.56%"
"18/09/2025","26,800.0","26,950.0","27,100.0","26,600.0","17.72M","-0.74%"
"17/09/2025","27,000.0","27,400.0","27,550.0","27,000.0","15.82M","-1.82%"
"16/09/2025","27,500.0","27,100.0","27,850.0","27,050.0","51.37M","2.42%"
"15/09/2025","26,850.0","26,750.0","26,850.0","26,550.0","21.48M","0.94%"
"12/09/2025","26,600.0","26,900.0","27,000.0","26,600.0","19.23M","-0.37%"
"11/09/2025","26,700.0","26,800.0","26,950.0","26,050.0","31.17M","-0.93%"
"10/09/2025","26,950.0","27,000.0","27,550.0","26,800.0","28.90M","1.13%"
"09/09/2025","26,650.0","26,700.0","27,000.0","26,300.0","32.84M","-0.19%"
"08/09/2025","26,700.0","27,200.0","27,250.0","26,700.0","62.87M","-2.55%"
"05/09/2025","27,400.0","28,500.0","28,650.0","27,400.0","66.55M","-3.01%"
"04/09/2025","28,250.0","28,450.0","28,600.0","28,100.0","28.05M","-0.70%"
"03/09/2025","28,450.0","27,800.0","28,800.0","27,500.0","46.65M","2.52%"
"29/08/2025","27,750.0","27,450.0","28,200.0","27,200.0","55.72M","2.02%"
"28/08/2025","27,200.0","27,400.0","27,550.0","26,700.0","32.47M","-0.73%"
"27/08/2025","27,400.0","28,200.0","28,250.0","27,400.0","39.08M","-0.54%"
"26/08/2025","27,550.0","26,200.0","27,600.0","26,100.0","40.43M","5.15%"
"25/08/2025","26,200.0","27,150.0","27,300.0","25,800.0","56.19M","-2.60%"
"22/08/2025","26,900.0","27,750.0","28,000.0","26,900.0","72.90M","-4.61%"
"21/08/2025","28,200.0","28,050.0","28,700.0","27,750.0","57.15M","1.44%"
"20/08/2025","27,800.0","28,200.0","28,300.0","26,850.0","77.39M","-1.42%"
"19/08/2025","28,200.0","28,350.0","29,400.0","27,900.0","54.01M","1.44%"
"18/08/2025","27,800.0","28,550.0","28,600.0","27,650.0","51.03M","-1.59%"
"15/08/2025","28,250.0","29,500.0","29,500.0","27,700.0","117.47M","2.36%"
"14/08/2025","27,600.0","27,600.0","27,600.0","27,600.0","40.32M","6.98%"
"13/08/2025","25,800.0","25,400.0","25,800.0","24,700.0","79.61M","5.85%"
"12/08/2025","24,373.3","24,298.1","24,373.3","23,809.1","74.74M","1.89%"
"11/08/2025","23,921.9","23,169.7","24,410.9","23,094.4","64.24M","4.09%"
"08/08/2025","22,981.6","23,282.5","23,320.1","22,831.1","33.78M","-0.65%"
"07/08/2025","23,132.0","23,244.9","23,282.5","22,831.1","35.61M","0.49%"
"06/08/2025","23,019.2","22,944.0","23,282.5","22,718.3","40.11M","3.03%"
"05/08/2025","22,342.2","21,740.4","22,342.2","20,800.0","93.86M","6.83%"
"04/08/2025","20,912.9","20,386.3","20,912.9","20,348.7","28.04M","2.39%"
"01/08/2025","20,423.9","20,649.6","20,800.0","20,348.7","23.62M","-1.09%"
"31/07/2025","20,649.6","20,800.0","20,912.9","20,273.5","32.96M","0.18%"
"30/07/2025","20,612.0","20,461.5","20,950.5","20,198.2","42.38M","2.05%"
"29/07/2025","20,198.2","21,665.1","21,702.7","20,198.2","64.67M","-6.61%"
"28/07/2025","21,627.5","21,401.8","21,627.5","21,326.6","32.87M","1.05%"
"25/07/2025","21,401.8","21,439.5","21,702.7","21,364.2","23.90M","0.18%"
"24/07/2025","21,364.2","20,724.8","21,401.8","20,724.8","52.81M","3.65%"
"23/07/2025","20,612.0","20,461.5","20,762.4","20,386.3","35.89M","0.92%"
"22/07/2025","20,423.9","20,235.8","20,423.9","20,047.8","20.41M","0.74%"
"21/07/2025","20,273.5","20,536.7","20,800.0","20,235.8","23.69M","-0.92%"
"18/07/2025","20,461.5","20,160.6","20,499.1","20,010.2","33.22M","1.68%"
"17/07/2025","20,123.0","20,123.0","20,235.8","19,972.5","22.89M","0.19%"
"16/07/2025","20,085.4","19,934.9","20,123.0","19,897.3","23.26M","0.38%"
"15/07/2025","20,010.2","20,160.6","20,386.3","20,010.2","25.51M","-0.75%"
"14/07/2025","20,160.6","20,123.0","20,235.8","19,859.7","19.87M","0.37%"
"11/07/2025","20,085.4","19,934.9","20,235.8","19,897.3","28.28M","0.95%"
"10/07/2025","19,897.3","20,085.4","20,085.4","19,859.7","19.02M","-0.56%"
"09/07/2025","20,010.2","19,972.5","20,160.6","19,859.7","33.37M","0.76%"
"08/07/2025","19,859.7","19,934.9","20,085.4","19,822.1","21.26M","0.00%"
"07/07/2025","19,859.7","19,634.0","19,934.9","19,634.0","24.53M","1.54%"
"04/07/2025","19,558.8","19,558.8","19,596.4","19,446.0","19.77M","0.19%"
"03/07/2025","19,521.2","19,671.6","19,822.1","19,521.2","33.75M","-0.38%"
"02/07/2025","19,596.4","19,596.4","19,784.5","19,558.8","18.47M","0.19%"
"01/07/2025","19,558.8","19,483.6","19,671.6","19,408.3","29.49M","0.78%"
"30/06/2025","19,408.3","19,370.7","19,483.6","19,333.1","14.16M","0.39%"
"27/06/2025","19,333.1","19,483.6","19,634.0","19,333.1","16.88M","-0.77%"
"26/06/2025","19,483.6","19,333.1","19,483.6","19,182.7","25.67M","1.17%"
"25/06/2025","19,257.9","19,558.8","19,596.4","19,257.9","27.71M","-1.16%"
"24/06/2025","19,483.6","19,634.0","19,859.7","19,483.6","34.30M","0.00%"
"23/06/2025","19,483.6","19,220.3","19,634.0","19,182.7","31.26M","0.39%"
"20/06/2025","19,408.3","18,957.0","19,671.6","18,919.4","67.52M","2.79%"
"19/06/2025","18,881.8","18,957.0","18,957.0","18,768.9","20.04M","0.20%"
"18/06/2025","18,844.2","18,881.8","19,032.2","18,731.3","34.57M","0.20%"
"17/06/2025","18,806.5","18,994.6","19,107.4","18,693.7","29.01M","-0.40%"
"16/06/2025","18,881.8","18,693.7","18,957.0","18,656.1","27.88M","1.01%"
"13/06/2025","18,693.7","18,392.8","18,806.5","18,355.2","55.84M","0.61%"
"12/06/2025","18,580.9","18,280.0","18,580.9","18,280.0","29.76M","1.86%"
"11/06/2025","18,242.3","18,204.7","18,280.0","18,167.1","8.14M","0.21%"
"10/06/2025","18,204.7","18,280.0","18,468.0","18,129.5","17.08M","-0.21%"
"09/06/2025","18,242.3","18,167.1","18,280.0","18,129.5","17.21M","0.41%"
"06/06/2025","18,167.1","18,317.6","18,355.2","18,167.1","23.71M","-1.02%"
"05/06/2025","18,355.2","18,468.0","18,543.2","18,355.2","13.20M","-0.61%"
"04/06/2025","18,468.0","18,618.5","18,656.1","18,430.4","17.80M","-0.61%"
"03/06/2025","18,580.9","18,543.2","18,656.1","18,543.2","25.41M","0.41%"
"02/06/2025","18,505.6","18,392.8","18,580.9","18,167.1","25.32M","1.03%"
"30/05/2025","18,317.6","18,543.2","18,543.2","18,317.6","23.24M","-0.61%"
"29/05/2025","18,430.4","18,618.5","18,618.5","18,392.8","16.85M","-0.41%"
"28/05/2025","18,505.6","18,693.7","18,693.7","18,468.0","18.94M","-0.61%"
"27/05/2025","18,618.5","18,806.5","18,806.5","18,543.2","23.69M","-0.20%"
"26/05/2025","18,656.1","18,580.9","18,656.1","18,054.3","24.09M","0.61%"
"23/05/2025","18,543.2","18,731.3","18,731.3","18,468.0","19.13M","0.00%"
"22/05/2025","18,543.2","19,069.8","19,069.8","18,430.4","34.00M","-1.60%"
"21/05/2025","18,844.2","18,957.0","19,220.3","18,693.7","40.08M","0.80%"
"20/05/2025","18,693.7","18,580.9","18,881.8","18,430.4","41.43M","1.02%"
"19/05/2025","18,505.6","18,430.4","18,731.3","18,317.6","33.38M","-0.20%"
"16/05/2025","18,543.2","18,919.4","18,919.4","18,543.2","38.26M","-1.60%"
"15/05/2025","18,844.2","18,505.6","19,145.1","18,505.6","91.19M","2.24%"
"14/05/2025","18,430.4","18,430.4","18,580.9","18,317.6","39.16M","0.00%"
"13/05/2025","18,430.4","18,091.9","18,430.4","18,054.3","52.92M","2.94%"
"12/05/2025","17,903.8","17,602.9","17,979.1","17,565.3","45.80M","1.28%"
"09/05/2025","17,678.1","17,828.6","17,828.6","17,602.9","19.85M","-0.21%"
"08/05/2025","17,715.8","17,527.7","17,753.4","17,452.5","27.74M","1.29%"
"07/05/2025","17,490.1","17,715.8","17,753.4","17,452.5","28.90M","-1.27%"
"06/05/2025","17,715.8","17,753.4","17,828.6","17,678.1","30.09M","0.00%"
"05/05/2025","17,715.8","17,828.6","17,866.2","17,640.5","24.89M","0.00%"
"29/04/2025","17,715.8","17,828.6","17,866.2","17,715.8","17.40M","-0.63%"
"28/04/2025","17,828.6","17,903.8","17,941.4","17,715.8","30.45M","0.64%"
"25/04/2025","17,715.8","17,678.1","17,866.2","17,527.7","53.74M","1.29%"
"24/04/2025","17,490.1","17,602.9","17,602.9","17,339.6","23.89M","-0.64%"
"23/04/2025","17,602.9","17,640.5","17,828.6","17,377.2","44.70M","1.30%"
"22/04/2025","17,377.2","17,189.2","17,414.9","16,211.2","59.89M","0.65%"
"21/04/2025","17,264.4","17,678.1","17,678.1","17,151.6","49.03M","-1.29%"
"18/04/2025","17,490.1","17,377.2","17,640.5","17,339.6","41.66M","1.09%"
"17/04/2025","17,302.0","17,076.3","17,302.0","17,001.1","28.48M","0.44%"
"16/04/2025","17,226.8","17,302.0","17,490.1","17,114.0","28.90M","-0.43%"
"15/04/2025","17,302.0","17,302.0","17,602.9","17,226.8","38.96M","-1.92%"
"14/04/2025","17,640.5","17,678.1","17,715.8","17,414.9","41.82M","0.00%"
"11/04/2025","17,640.5","16,925.9","17,678.1","16,850.7","104.22M","6.35%"
"10/04/2025","16,587.4","16,587.4","16,587.4","16,587.4","2.23M","6.78%"
"09/04/2025","15,534.2","14,631.5","16,098.4","14,631.5","80.82M","-1.20%"
"08/04/2025","15,722.3","15,910.3","16,474.5","15,722.3","85.17M","-6.90%"
"04/04/2025","16,888.3","15,872.7","16,888.3","15,872.7","96.51M","-0.88%"
"03/04/2025","17,038.7","17,753.4","17,828.6","17,038.7","113.87M","-6.98%"
"02/04/2025","18,317.6","18,505.6","18,543.2","18,317.6","12.92M","-1.02%"
"01/04/2025","18,505.6","18,167.1","18,505.6","18,054.3","18.37M","2.07%"
"31/03/2025","18,129.5","17,941.4","18,129.5","17,903.8","24.68M","0.84%"
"28/03/2025","17,979.1","18,054.3","18,129.5","17,903.8","17.21M","0.00%"
"27/03/2025","17,979.1","18,054.3","18,129.5","17,979.1","16.40M","-0.42%"
"26/03/2025","18,054.3","18,167.1","18,355.2","18,054.3","24.13M","-0.83%"
"25/03/2025","18,204.7","18,430.4","18,468.0","18,167.1","16.82M","-0.82%"
"24/03/2025","18,355.2","18,280.0","18,355.2","18,016.7","20.55M","0.41%"
"21/03/2025","18,280.0","18,280.0","18,430.4","18,204.7","20.55M","0.21%"
"20/03/2025","18,242.3","18,054.3","18,317.6","17,979.1","27.91M","1.68%"
"19/03/2025","17,941.4","17,979.1","18,054.3","17,828.6","26.91M","-0.21%"
"18/03/2025","17,979.1","18,355.2","18,355.2","17,979.1","35.13M","-1.65%"
"17/03/2025","18,280.0","18,355.2","18,392.8","18,129.5","33.79M","0.00%"
"14/03/2025","18,280.0","18,242.3","18,392.8","18,167.1","26.04M","0.00%"
"13/03/2025","18,280.0","18,543.2","18,580.9","18,204.7","30.44M","-1.22%"
"12/03/2025","18,505.6","18,731.3","18,806.5","18,505.6","40.86M","-0.81%"
"11/03/2025","18,656.1","18,204.7","18,656.1","18,167.1","35.01M","1.22%"
"10/03/2025","18,430.4","18,618.5","18,731.3","18,392.8","25.63M","0.00%"
"07/03/2025","18,430.4","18,242.3","18,731.3","18,129.5","62.59M","1.66%"
"06/03/2025","18,129.5","17,828.6","18,129.5","17,678.1","34.21M","2.34%"
"05/03/2025","17,715.8","17,602.9","18,129.5","17,527.7","40.07M","0.64%"
"04/03/2025","17,602.9","17,339.6","17,753.4","17,189.2","28.20M","1.30%"
"03/03/2025","17,377.2","17,302.0","17,377.2","17,264.4","12.14M","0.43%"
"28/02/2025","17,302.0","17,377.2","17,414.9","17,264.4","14.59M","-0.86%"
"27/02/2025","17,452.5","17,452.5","17,490.1","17,264.4","16.85M","0.00%"
"26/02/2025","17,452.5","17,678.1","17,715.8","17,452.5","11.06M","-0.85%"
"25/02/2025","17,602.9","17,339.6","17,715.8","17,339.6","49.76M","1.74%"
"24/02/2025","17,302.0","17,151.6","17,339.6","17,151.6","17.77M","0.44%"
"21/02/2025","17,226.8","17,226.8","17,414.9","17,151.6","27.08M","0.22%"
"20/02/2025","17,189.2","17,302.0","17,302.0","17,189.2","14.30M","0.00%"
"19/02/2025","17,189.2","17,151.6","17,264.4","17,076.3","12.10M","0.66%"
"18/02/2025","17,076.3","17,038.7","17,264.4","17,001.1","13.31M","0.22%"
"17/02/2025","17,038.7","17,226.8","17,226.8","17,001.1","11.46M","-0.88%"
"14/02/2025","17,189.2","17,302.0","17,302.0","17,151.6","10.77M","-0.22%"
"13/02/2025","17,226.8","17,189.2","17,226.8","17,001.1","9.84M","0.88%"
"12/02/2025","17,076.3","17,302.0","17,339.6","17,076.3","9.49M","-1.30%"
"11/02/2025","17,302.0","17,302.0","17,302.0","17,189.2","10.22M","0.44%"
"10/02/2025","17,226.8","17,076.3","17,490.1","16,888.3","25.52M","0.66%"
"07/02/2025","17,114.0","17,076.3","17,302.0","16,850.7","18.73M","0.66%"
"06/02/2025","17,001.1","16,963.5","17,264.4","16,963.5","14.20M","0.44%"
"05/02/2025","16,925.9","16,925.9","16,963.5","16,775.4","9.54M","0.22%"
"04/02/2025","16,888.3","16,700.2","17,001.1","16,625.0","14.60M","1.81%"
"03/02/2025","16,587.4","16,587.4","16,737.8","16,512.1","12.00M","-1.56%"
"24/01/2025","16,850.7","16,587.4","16,888.3","16,587.4","12.93M","0.90%"
"23/01/2025","16,700.2","16,474.5","16,737.8","16,399.3","18.13M","1.83%"
"22/01/2025","16,399.3","16,512.1","16,512.1","16,361.7","7.87M","-0.23%"
"21/01/2025","16,436.9","16,512.1","16,587.4","16,361.7","8.94M","0.00%"
"20/01/2025","16,436.9","16,173.6","16,512.1","16,173.6","10.88M","1.63%"
"17/01/2025","16,173.6","16,173.6","16,173.6","16,060.8","5.92M","0.47%"
"16/01/2025","16,098.4","16,173.6","16,248.9","16,060.8","9.67M","0.23%"
"15/01/2025","16,060.8","16,136.0","16,173.6","16,023.2","6.24M","0.23%"
"14/01/2025","16,023.2","16,098.4","16,173.6","15,910.3","7.57M","-0.93%"
"13/01/2025","16,173.6","15,910.3","16,173.6","15,759.9","10.39M","1.65%"
"10/01/2025","15,910.3","16,136.0","16,173.6","15,910.3","11.46M","-1.63%"
"09/01/2025","16,173.6","16,248.9","16,324.1","16,136.0","5.77M","-0.46%"
"08/01/2025","16,248.9","16,136.0","16,324.1","16,136.0","8.63M","-0.23%"
"07/01/2025","16,286.5","16,324.1","16,324.1","15,947.9","15.58M","2.04%"
"06/01/2025","15,961.0","16,157.3","16,288.1","15,961.0","22.10M","-1.21%"
"03/01/2025","16,157.3","16,484.3","16,484.3","16,157.3","16.75M","-1.98%"
"02/01/2025","16,484.3","16,451.6","16,647.9","16,386.2","18.88M","0.40%"
"31/12/2024","16,418.9","16,222.7","16,418.9","16,222.7","17.06M","1.21%"
"30/12/2024","16,222.7","16,451.6","16,451.6","16,222.7","16.80M","-1.00%"
"27/12/2024","16,386.2","16,386.2","16,549.8","16,353.5","25.35M","0.60%"
"26/12/2024","16,288.1","16,026.4","16,288.1","15,993.7","30.22M","1.84%"
"25/12/2024","15,993.7","15,666.7","16,222.7","15,666.7","22.50M","2.30%"
"24/12/2024","15,634.0","15,732.1","15,732.1","15,601.2","5.28M","-0.62%"
"23/12/2024","15,732.1","15,699.4","15,797.5","15,699.4","5.00M","0.21%"
"20/12/2024","15,699.4","15,601.2","15,699.4","15,568.5","6.26M","0.63%"
"19/12/2024","15,601.2","15,568.5","15,732.1","15,568.5","15.87M","-1.45%"
"18/12/2024","15,830.2","15,797.5","15,830.2","15,732.1","5.74M","0.21%"
"17/12/2024","15,797.5","15,732.1","15,830.2","15,732.1","5.87M","0.21%"
"16/12/2024","15,764.8","15,862.9","15,928.3","15,699.4","8.64M","-0.62%"
"13/12/2024","15,862.9","15,862.9","15,928.3","15,830.2","6.67M","-0.21%"
"12/12/2024","15,895.6","15,961.0","16,059.1","15,895.6","8.73M","0.00%"
"11/12/2024","15,895.6","15,862.9","15,961.0","15,764.8","8.54M","0.21%"
"10/12/2024","15,862.9","15,961.0","16,026.4","15,862.9","7.60M","-0.61%"
"09/12/2024","15,961.0","15,961.0","16,059.1","15,862.9","8.88M","0.21%"
"06/12/2024","15,928.3","16,091.9","16,091.9","15,928.3","9.29M","-0.81%"
"05/12/2024","16,059.1","15,601.2","16,091.9","15,568.5","16.03M","2.94%"
"04/12/2024","15,601.2","15,634.0","15,699.4","15,568.5","9.31M","-0.42%"
"03/12/2024","15,666.7","15,797.5","15,830.2","15,666.7","9.98M","-0.83%"
"02/12/2024","15,797.5","15,830.2","15,895.6","15,732.1","6.24M","0.00%"
"29/11/2024","15,797.5","15,732.1","15,797.5","15,666.7","6.59M","0.62%"
"28/11/2024","15,699.4","15,830.2","15,862.9","15,699.4","10.00M","-0.41%"
"27/11/2024","15,764.8","15,699.4","15,862.9","15,634.0","6.18M","0.00%"
"26/11/2024","15,764.8","15,732.1","15,830.2","15,699.4","6.73M","0.63%"
"25/11/2024","15,666.7","15,699.4","15,732.1","15,634.0","7.30M","-0.21%"
"22/11/2024","15,699.4","15,666.7","15,830.2","15,634.0","11.15M","0.00%"
"21/11/2024","15,699.4","15,437.7","15,699.4","15,306.9","9.99M","1.91%"
"20/11/2024","15,405.0","15,143.3","15,503.1","15,143.3","14.75M","1.73%"
"19/11/2024","15,143.3","15,372.3","15,437.7","15,143.3","11.51M","-1.07%"
"18/11/2024","15,306.9","15,372.3","15,470.4","15,110.6","22.81M","-0.43%"
"15/11/2024","15,372.3","15,503.1","15,568.5","15,372.3","17.89M","-1.26%"
"14/11/2024","15,568.5","15,764.8","15,764.8","15,568.5","12.80M","-1.45%"
"13/11/2024","15,797.5","15,764.8","15,862.9","15,601.2","16.18M","0.21%"
"12/11/2024","15,764.8","15,895.6","15,928.3","15,764.8","13.37M","-0.82%"
"11/11/2024","15,895.6","16,059.1","16,091.9","15,666.7","26.02M","-1.02%"
"08/11/2024","16,059.1","16,255.4","16,288.1","15,961.0","11.66M","-1.01%"
"07/11/2024","16,222.7","16,353.5","16,353.5","16,222.7","7.17M","-0.20%"
"06/11/2024","16,255.4","16,124.6","16,288.1","16,026.4","9.96M","1.64%"
"05/11/2024","15,993.7","16,059.1","16,091.9","15,961.0","9.86M","0.00%"
"04/11/2024","15,993.7","16,157.3","16,190.0","15,961.0","18.07M","-0.61%"
"01/11/2024","16,091.9","16,320.8","16,386.2","16,091.9","14.14M","-1.80%"
"31/10/2024","16,386.2","16,353.5","16,484.3","16,222.7","10.11M","0.20%"
"30/10/2024","16,353.5","16,353.5","16,451.6","16,157.3","9.59M","0.00%"
"29/10/2024","16,353.5","16,288.1","16,418.9","16,255.4","8.11M","0.81%"
"28/10/2024","16,222.7","16,190.0","16,255.4","16,124.6","5.88M","0.61%"
"25/10/2024","16,124.6","16,222.7","16,222.7","16,059.1","16.10M","-0.20%"
"24/10/2024","16,157.3","16,517.0","16,615.2","16,157.3","24.66M","-2.18%"
"23/10/2024","16,517.0","16,517.0","16,582.5","16,451.6","17.66M","0.00%"
"22/10/2024","16,517.0","16,680.6","16,778.7","16,451.6","30.86M","-1.17%"
"21/10/2024","16,713.3","16,844.1","16,942.2","16,713.3","14.29M","-0.78%"
"18/10/2024","16,844.1","17,007.6","17,138.5","16,811.4","28.05M","-0.58%"
"17/10/2024","16,942.2","16,713.3","16,942.2","16,582.5","17.73M","1.57%"
"16/10/2024","16,680.6","16,778.7","16,778.7","16,615.2","16.44M","-0.58%"
"15/10/2024","16,778.7","16,974.9","17,073.1","16,778.7","23.40M","-0.77%"
"14/10/2024","16,909.5","16,778.7","17,073.1","16,680.6","23.64M","1.17%"
"11/10/2024","16,713.3","16,680.6","16,746.0","16,582.5","9.84M","0.20%"
"10/10/2024","16,680.6","16,811.4","16,974.9","16,680.6","18.71M","-0.39%"
"09/10/2024","16,746.0","16,549.8","16,778.7","16,517.0","21.76M","1.59%"
"08/10/2024","16,484.3","16,484.3","16,680.6","16,418.9","18.17M","0.00%"
"07/10/2024","16,484.3","16,549.8","16,615.2","16,353.5","15.46M","0.40%"
"04/10/2024","16,418.9","16,680.6","16,680.6","16,418.9","28.24M","-1.57%"
"03/10/2024","16,680.6","16,778.7","17,073.1","16,615.2","31.87M","-0.78%"
"02/10/2024","16,811.4","16,713.3","16,909.5","16,680.6","19.46M","0.19%"
"01/10/2024","16,778.7","16,844.1","17,105.8","16,778.7","28.49M","-0.19%"
"30/09/2024","16,811.4","16,647.9","16,876.8","16,647.9","21.86M","0.00%"
"27/09/2024","16,811.4","16,811.4","17,105.8","16,746.0","27.53M","0.00%"
"26/09/2024","16,811.4","16,844.1","16,974.9","16,680.6","40.19M","-0.19%"
"25/09/2024","16,844.1","16,615.2","16,942.2","16,582.5","48.65M","1.98%"
"24/09/2024","16,517.0","16,288.1","16,549.8","16,222.7","26.69M","1.81%"
"23/09/2024","16,222.7","16,222.7","16,615.2","16,222.7","28.60M","0.20%"
"20/09/2024","16,190.0","16,059.1","16,353.5","16,059.1","39.96M","1.43%"
"19/09/2024","15,961.0","15,993.7","16,059.1","15,928.3","10.20M","0.00%"
"18/09/2024","15,961.0","15,895.6","16,091.9","15,797.5","20.58M","0.62%"
"17/09/2024","15,862.9","15,699.4","15,862.9","15,568.5","12.57M","1.46%"
"16/09/2024","15,634.0","15,634.0","15,862.9","15,601.2","12.78M","0.00%"
"13/09/2024","15,634.0","15,732.1","15,732.1","15,601.2","6.68M","-0.42%"
"12/09/2024","15,699.4","15,699.4","15,797.5","15,666.7","8.54M","0.42%"
"11/09/2024","15,634.0","15,535.8","15,732.1","15,372.3","14.71M","0.63%"
"10/09/2024","15,535.8","15,732.1","15,830.2","15,470.4","18.79M","-0.84%"
"09/09/2024","15,666.7","15,634.0","15,666.7","15,535.8","11.79M","-0.21%"
"06/09/2024","15,699.4","15,634.0","15,732.1","15,535.8","22.29M","0.21%"
"05/09/2024","15,666.7","15,961.0","16,157.3","15,634.0","24.98M","-1.84%"
"04/09/2024","15,961.0","15,993.7","16,091.9","15,928.3","23.00M","-1.81%"
"30/08/2024","16,255.4","16,255.4","16,353.5","16,222.7","13.46M","0.00%"
"29/08/2024","16,255.4","16,124.6","16,484.3","16,124.6","34.33M","0.81%"
"28/08/2024","16,124.6","15,993.7","16,157.3","15,928.3","18.36M","1.02%"
"27/08/2024","15,961.0","15,928.3","16,026.4","15,895.6","15.33M","-0.20%"
"26/08/2024","15,993.7","16,157.3","16,222.7","15,895.6","15.51M","-0.41%"
"23/08/2024","16,059.1","15,961.0","16,124.6","15,895.6","14.53M","0.61%"
"22/08/2024","15,961.0","16,255.4","16,288.1","15,961.0","19.84M","-1.41%"
"21/08/2024","16,190.0","15,862.9","16,222.7","15,732.1","32.68M","2.06%"
"20/08/2024","15,862.9","15,764.8","16,026.4","15,732.1","24.86M","0.83%"
"19/08/2024","15,732.1","15,764.8","15,862.9","15,666.7","13.57M","0.00%"
"16/08/2024","15,732.1","15,306.9","15,764.8","15,274.2","31.89M","3.44%"
"15/08/2024","15,208.8","15,306.9","15,405.0","15,208.8","11.97M","-0.64%"
"14/08/2024","15,306.9","15,535.8","15,535.8","15,306.9","9.98M","-0.85%"
"13/08/2024","15,437.7","15,470.4","15,535.8","15,306.9","10.20M","-0.42%"
"12/08/2024","15,503.1","15,372.3","15,503.1","15,274.2","15.53M","1.07%"
"09/08/2024","15,339.6","15,176.1","15,372.3","15,176.1","12.86M","1.74%"
"08/08/2024","15,077.9","15,241.5","15,372.3","15,045.2","15.49M","-1.28%"
"07/08/2024","15,274.2","15,306.9","15,372.3","15,176.1","15.50M","-0.21%"
"06/08/2024","15,306.9","15,176.1","15,372.3","15,045.2","25.75M","1.96%"
"05/08/2024","15,012.5","15,077.9","15,405.0","14,914.4","47.39M","-3.57%"
"02/08/2024","15,568.5","15,045.2","15,568.5","15,045.2","36.08M","1.71%"
"01/08/2024","15,306.9","15,961.0","16,059.1","15,208.8","49.09M","-4.10%"
"31/07/2024","15,961.0","16,026.4","16,288.1","15,830.2","30.96M","-0.41%"
"30/07/2024","16,026.4","15,764.8","16,026.4","15,601.2","29.71M","1.66%"
"29/07/2024","15,764.8","15,993.7","15,993.7","15,764.8","14.43M","-0.82%"
"26/07/2024","15,895.6","15,634.0","15,928.3","15,601.2","18.46M","1.46%"
"25/07/2024","15,666.7","15,601.2","15,764.8","15,372.3","30.95M","0.00%"
"24/07/2024","15,666.7","15,568.5","15,862.9","15,470.4","39.22M","0.21%"
"23/07/2024","15,634.0","16,582.5","16,582.5","15,568.5","72.71M","-5.16%"
"22/07/2024","16,484.3","16,549.8","16,844.1","16,124.6","51.32M","-0.79%"
"19/07/2024","16,615.2","16,288.1","16,778.7","16,222.7","69.20M","2.01%"
"18/07/2024","16,288.1","16,091.9","16,353.5","15,764.8","45.65M","1.63%"
"17/07/2024","16,026.4","15,568.5","16,451.6","15,405.0","109.84M","4.03%"
"16/07/2024","15,405.0","15,110.6","15,666.7","15,077.9","37.60M","2.17%"
"15/07/2024","15,077.9","15,077.9","15,176.1","15,012.5","6.69M","0.22%"
"12/07/2024","15,045.2","15,012.5","15,176.1","14,979.8","11.19M","-0.43%"
"11/07/2024","15,110.6","15,339.6","15,372.3","15,110.6","11.69M","-0.86%"
"10/07/2024","15,241.5","15,143.3","15,437.7","15,143.3","29.13M","0.65%"
"09/07/2024","15,143.3","14,914.4","15,143.3","14,816.3","20.38M","1.98%"
"08/07/2024","14,849.0","14,914.4","15,012.5","14,783.6","10.69M","-0.44%"
"05/07/2024","14,914.4","14,914.4","14,947.1","14,783.6","9.46M","0.00%"
"04/07/2024","14,914.4","14,979.8","15,045.2","14,783.6","8.67M","-0.44%"
"03/07/2024","14,979.8","14,914.4","15,012.5","14,783.6","10.66M","0.88%"
"02/07/2024","14,849.0","14,718.2","14,947.1","14,685.5","15.08M","1.11%"
"01/07/2024","14,685.5","14,554.6","14,685.5","14,489.2","6.27M","1.13%"
"28/06/2024","14,521.9","14,750.9","14,750.9","14,521.9","14.53M","-1.33%"
"27/06/2024","14,718.2","14,685.5","14,783.6","14,652.7","9.36M","0.00%"
"26/06/2024","14,718.2","14,783.6","14,816.3","14,620.0","16.83M","-0.44%"
"25/06/2024","14,783.6","14,849.0","14,947.1","14,718.2","13.48M","-0.22%"
"24/06/2024","14,816.3","15,110.6","15,176.1","14,750.9","38.61M","-2.37%"
"21/06/2024","15,176.1","15,208.8","15,274.2","15,110.6","15.38M","-0.22%"
"20/06/2024","15,208.8","15,306.9","15,339.6","15,143.3","20.79M","-0.21%"
"19/06/2024","15,241.5","15,306.9","15,339.6","15,077.9","20.16M","0.22%"
"18/06/2024","15,208.8","15,372.3","15,405.0","15,208.8","18.16M","0.00%"
"17/06/2024","15,208.8","15,306.9","15,306.9","15,012.5","25.89M","0.65%"
"14/06/2024","15,110.6","15,699.4","15,699.4","15,110.6","38.75M","-1.91%"
"13/06/2024","15,405.0","15,176.1","15,503.1","15,143.3","59.13M","1.95%"
"12/06/2024","15,110.6","14,750.9","15,110.6","14,652.7","38.26M","2.44%"
"11/06/2024","14,750.9","14,816.3","14,849.0","14,685.5","16.03M","-0.44%"
"10/06/2024","14,816.3","14,750.9","14,979.8","14,718.2","20.26M","0.89%"
"07/06/2024","14,685.5","14,750.9","14,816.3","14,587.3","12.86M","0.45%"
"06/06/2024","14,620.0","14,652.7","14,783.6","14,587.3","15.20M","0.68%"
"05/06/2024","14,521.9","14,750.9","14,849.0","14,521.9","20.73M","-1.33%"
"04/06/2024","14,718.2","14,881.7","14,914.4","14,718.2","13.72M","-0.44%"
"03/06/2024","14,783.6","14,358.4","14,914.4","14,358.4","37.50M","3.91%"
"31/05/2024","14,227.6","14,293.0","14,391.1","14,227.6","22.67M","-0.46%"
"30/05/2024","14,293.0","14,456.5","14,489.2","14,194.8","43.74M","-2.02%"
"29/05/2024","14,587.3","14,783.6","14,816.3","14,587.3","25.97M","-1.33%"
"28/05/2024","14,783.6","14,849.0","14,881.7","14,620.0","19.90M","0.67%"
"27/05/2024","14,685.5","14,783.6","14,783.6","14,620.0","12.13M","0.00%"
"24/05/2024","14,685.5","14,750.9","15,241.5","14,489.2","55.19M","-1.54%"
"23/05/2024","14,914.4","14,849.0","14,947.1","14,718.2","19.86M","0.44%"
"22/05/2024","14,849.0","15,105.0","15,137.0","14,849.0","30.42M","-1.69%"
"21/05/2024","15,105.0","15,009.0","15,105.0","14,881.0","24.90M","0.64%"
"20/05/2024","15,009.0","15,105.0","15,105.0","14,977.0","27.21M","0.86%"
"17/05/2024","14,881.0","15,009.0","15,009.0","14,817.0","23.48M","-0.64%"
"16/05/2024","14,977.0","14,817.0","15,073.0","14,721.0","47.71M","2.18%"
"15/05/2024","14,657.0","14,689.0","14,753.0","14,593.0","23.23M","0.22%"
"14/05/2024","14,625.0","14,657.0","14,849.0","14,529.0","25.30M","0.88%"
"13/05/2024","14,497.0","14,465.0","14,721.0","14,465.0","21.26M","0.22%"
"10/05/2024","14,465.0","14,561.0","14,657.0","14,401.0","17.33M","-0.22%"
"09/05/2024","14,497.0","14,465.0","14,593.0","14,304.9","23.75M","0.44%"
"08/05/2024","14,433.0","14,336.9","14,529.0","14,272.9","32.54M","-0.88%"
"07/05/2024","14,561.0","14,721.0","14,753.0","14,497.0","14.58M","-0.66%"
"06/05/2024","14,657.0","14,433.0","14,689.0","14,433.0","24.59M","2.23%"
"03/05/2024","14,336.9","14,465.0","14,593.0","14,272.9","18.00M","0.00%"
"02/05/2024","14,336.9","14,272.9","14,433.0","14,208.9","16.82M","0.67%"
"26/04/2024","14,240.9","14,080.9","14,369.0","14,080.9","20.24M","0.00%"
"25/04/2024","14,240.9","14,465.0","14,465.0","14,176.9","19.74M","-1.33%"
"24/04/2024","14,433.0","14,208.9","14,497.0","14,048.9","28.31M","2.50%"
"23/04/2024","14,080.9","14,465.0","14,529.0","13,920.9","48.57M","-2.65%"
"22/04/2024","14,465.0","14,593.0","14,753.0","14,433.0","26.69M","-0.44%"
"19/04/2024","14,529.0","14,465.0","14,913.0","14,465.0","42.78M","-1.73%"
"17/04/2024","14,785.0","15,361.0","15,393.0","14,785.0","36.40M","-3.35%"
"16/04/2024","15,297.0","14,977.0","15,297.0","14,753.0","49.67M","2.14%"
"15/04/2024","14,977.0","15,649.0","16,033.1","14,721.0","72.25M","-5.07%"
"12/04/2024","15,777.0","15,265.0","15,809.0","15,201.0","36.30M","3.79%"
"11/04/2024","15,201.0","15,041.0","15,265.0","14,977.0","13.68M","-0.21%"
"10/04/2024","15,233.0","15,553.0","15,585.0","15,233.0","32.00M","-0.83%"
"09/04/2024","15,361.0","15,041.0","15,361.0","14,977.0","23.89M","2.13%"
"08/04/2024","15,041.0","14,977.0","15,233.0","14,817.0","37.52M","0.64%"
"05/04/2024","14,945.0","15,073.0","15,201.0","14,913.0","38.52M","-1.89%"
"04/04/2024","15,233.0","15,489.0","15,521.0","15,233.0","42.19M","-1.65%"
"03/04/2024","15,489.0","15,873.0","15,873.0","15,489.0","34.25M","-2.42%"
"02/04/2024","15,873.0","15,745.0","15,873.0","15,489.0","43.98M","-0.40%"
"01/04/2024","15,937.1","16,129.1","16,161.1","15,809.0","29.20M","-1.97%"
"29/03/2024","16,257.1","16,353.1","16,353.1","16,097.1","17.69M","-0.39%"
"28/03/2024","16,321.1","16,417.1","16,449.1","16,129.1","24.27M","0.79%"
"27/03/2024","16,193.1","16,161.1","16,257.1","16,001.1","17.31M","0.20%"
"26/03/2024","16,161.1","15,809.0","16,161.1","15,745.0","23.69M","2.23%"
"25/03/2024","15,809.0","16,033.1","16,225.1","15,745.0","32.20M","-1.40%"
"22/03/2024","16,033.1","16,001.1","16,449.1","15,905.1","63.05M","1.21%"
"21/03/2024","15,841.0","15,553.0","15,841.0","15,425.0","47.02M","2.48%"
"20/03/2024","15,457.0","14,849.0","15,617.0","14,785.0","59.74M","4.09%"
"19/03/2024","14,849.0","14,849.0","14,945.0","14,689.0","20.65M","0.00%"
"18/03/2024","14,849.0","15,201.0","15,233.0","14,336.9","48.25M","-2.52%"
"15/03/2024","15,233.0","15,009.0","15,265.0","14,817.0","28.67M","1.49%"
"14/03/2024","15,009.0","15,329.0","15,329.0","14,977.0","27.87M","-1.68%"
"13/03/2024","15,265.0","14,785.0","15,265.0","14,785.0","23.17M","3.25%"
"12/03/2024","14,785.0","14,657.0","14,881.0","14,561.0","29.02M","0.65%"
"11/03/2024","14,689.0","15,073.0","15,105.0","14,593.0","53.00M","-2.75%"
"08/03/2024","15,105.0","15,681.0","15,681.0","15,105.0","74.96M","-3.28%"
"07/03/2024","15,617.0","15,809.0","15,873.0","15,585.0","29.99M","-0.81%"
"06/03/2024","15,745.0","15,745.0","16,097.1","15,585.0","45.34M","0.00%"
"05/03/2024","15,745.0","15,489.0","15,777.0","15,425.0","34.56M","1.65%"
"04/03/2024","15,489.0","15,425.0","15,649.0","15,201.0","48.50M","0.83%"
"01/03/2024","15,361.0","15,425.0","15,457.0","15,233.0","31.08M","-0.62%"
"29/02/2024","15,457.0","15,681.0","15,713.0","15,329.0","36.48M","-1.02%"
"28/02/2024","15,617.0","15,585.0","15,713.0","15,457.0","29.26M","0.62%"
"27/02/2024","15,521.0","15,393.0","15,649.0","15,265.0","34.77M","1.04%"
"26/02/2024","15,361.0","15,297.0","15,393.0","15,137.0","32.46M","0.42%"
"23/02/2024","15,297.0","15,361.0","15,809.0","15,201.0","74.46M","-0.21%"
"22/02/2024","15,329.0","15,361.0","15,425.0","15,265.0","22.68M","-0.21%"
"21/02/2024","15,361.0","15,265.0","15,489.0","15,169.0","37.93M","0.63%"
"20/02/2024","15,265.0","15,265.0","15,425.0","15,137.0","30.84M","-0.42%"
"19/02/2024","15,329.0","15,361.0","15,425.0","15,105.0","31.81M","-0.21%"
"16/02/2024","15,361.0","15,425.0","15,425.0","15,169.0","24.54M","-0.62%"
"15/02/2024","15,457.0","15,169.0","15,489.0","15,073.0","36.57M","2.77%"
"07/02/2024","15,041.0","14,785.0","15,169.0","14,785.0","32.15M","1.95%"
"06/02/2024","14,753.0","14,721.0","14,817.0","14,689.0","17.49M","0.44%"
"05/02/2024","14,689.0","13,920.9","14,817.0","13,920.9","56.31M","5.52%"
"02/02/2024","13,920.9","14,016.9","14,080.9","13,920.9","22.90M","-0.68%"
"01/02/2024","14,016.9","13,888.9","14,048.9","13,824.9","17.30M","0.69%"
"31/01/2024","13,920.9","14,240.9","14,240.9","13,856.9","42.27M","-1.58%"
"30/01/2024","14,144.9","14,176.9","14,240.9","13,984.9","21.79M","-0.23%"
"29/01/2024","14,176.9","14,080.9","14,369.0","14,080.9","23.78M","0.68%"
"26/01/2024","14,080.9","14,016.9","14,176.9","14,016.9","14.41M","0.46%"
"25/01/2024","14,016.9","14,048.9","14,048.9","13,888.9","22.31M","0.00%"
"24/01/2024","14,016.9","13,984.9","14,176.9","13,952.9","19.26M","-0.23%"
"23/01/2024","14,048.9","14,144.9","14,304.9","14,016.9","24.14M","-0.68%"
"22/01/2024","14,144.9","14,272.9","14,433.0","14,080.9","44.22M","0.23%"
"19/01/2024","14,112.9","13,952.9","14,176.9","13,888.9","32.80M","1.61%"
"18/01/2024","13,888.9","13,696.9","13,920.9","13,632.9","35.86M","0.93%"
"17/01/2024","13,760.9","13,824.9","13,952.9","13,632.9","31.09M","0.00%"
"16/01/2024","13,760.9","13,728.9","13,760.9","13,536.9","26.55M","0.23%"
"15/01/2024","13,728.9","13,760.9","14,016.9","13,696.9","38.08M","0.47%"
"12/01/2024","13,664.9","13,120.9","13,792.9","13,056.9","69.68M","3.39%"
"11/01/2024","13,216.9","13,376.9","13,504.9","13,120.9","37.47M","-1.20%"
"10/01/2024","13,376.9","13,344.9","13,536.9","13,216.9","37.47M","0.24%"
"09/01/2024","13,344.9","13,280.9","13,376.9","13,120.9","30.05M","0.72%"
"08/01/2024","13,248.9","13,184.9","13,344.9","13,056.9","30.58M","0.98%"
"05/01/2024","13,120.9","12,864.9","13,120.9","12,864.9","34.18M","1.99%"
"04/01/2024","12,864.9","12,256.8","13,088.9","12,256.8","75.01M","4.96%"
"03/01/2024","12,256.8","12,000.8","12,288.8","11,968.8","21.03M","1.59%"
"02/01/2024","12,064.8","11,968.8","12,160.8","11,936.8","20.93M","1.07%"
"29/12/2023","11,936.8","11,904.8","12,064.8","11,872.8","20.97M","0.54%"
"28/12/2023","11,872.8","11,776.8","11,904.8","11,744.8","15.00M","0.82%"
"27/12/2023","11,776.8","11,840.8","11,840.8","11,744.8","8.78M","-0.27%"
"26/12/2023","11,808.8","11,776.8","11,840.8","11,712.8","6.47M","0.27%"
"25/12/2023","11,776.8","11,744.8","11,872.8","11,712.8","10.00M","0.55%"
"22/12/2023","11,712.8","11,616.8","11,808.8","11,584.8","12.97M","0.83%"
"21/12/2023","11,616.8","11,584.8","11,616.8","11,520.8","6.04M","0.00%"
"20/12/2023","11,616.8","11,616.8","11,648.8","11,552.8","4.68M","0.00%"
"19/12/2023","11,616.8","11,520.8","11,648.8","11,488.8","8.95M","0.83%"
"18/12/2023","11,520.8","11,552.8","11,616.8","11,488.8","8.01M","-0.28%"
"15/12/2023","11,552.8","11,552.8","11,648.8","11,520.8","8.41M","0.00%"
"14/12/2023","11,552.8","11,616.8","11,648.8","11,520.8","8.05M","0.00%"
"13/12/2023","11,552.8","11,680.8","11,744.8","11,552.8","10.89M","-1.10%"
"12/12/2023","11,680.8","11,616.8","11,680.8","11,584.8","7.40M","0.55%"
"11/12/2023","11,616.8","11,648.8","11,680.8","11,552.8","7.40M","-0.27%"
"08/12/2023","11,648.8","11,680.8","11,744.8","11,616.8","11.34M","-0.27%"
"07/12/2023","11,680.8","11,616.8","11,744.8","11,552.8","21.12M","0.83%"
"06/12/2023","11,584.8","11,552.8","11,616.8","11,520.8","10.65M","0.28%"
"05/12/2023","11,552.8","11,552.8","11,584.8","11,488.8","9.28M","0.00%"
"04/12/2023","11,552.8","11,392.8","11,584.8","11,392.8","26.31M","1.40%"
"01/12/2023","11,392.8","11,424.8","11,424.8","11,328.7","6.69M","0.00%"
"30/11/2023","11,392.8","11,424.8","11,488.8","11,360.8","8.60M","-0.28%"
"29/11/2023","11,424.8","11,392.8","11,456.8","11,328.7","8.27M","0.00%"
"28/11/2023","11,424.8","11,264.7","11,456.8","11,168.7","10.09M","1.42%"
"27/11/2023","11,264.7","11,424.8","11,488.8","11,232.7","10.79M","-1.40%"
"24/11/2023","11,424.8","11,456.8","11,520.8","11,264.7","12.17M","-0.28%"
"23/11/2023","11,456.8","11,584.8","11,616.8","11,456.8","10.67M","-0.83%"
"22/11/2023","11,552.8","11,616.8","11,616.8","11,488.8","11.55M","-0.28%"
"21/11/2023","11,584.8","11,648.8","11,680.8","11,488.8","8.89M","0.56%"
"20/11/2023","11,520.8","11,360.8","11,680.8","11,360.8","13.63M","-1.10%"
"17/11/2023","11,648.8","11,904.8","11,904.8","11,456.8","20.17M","-1.62%"
"16/11/2023","11,840.8","11,808.8","11,872.8","11,744.8","7.70M","-0.27%"
"15/11/2023","11,872.8","11,968.8","12,000.8","11,808.8","20.63M","0.54%"
"14/11/2023","11,808.8","11,616.8","11,936.8","11,616.8","21.00M","1.93%"
"13/11/2023","11,584.8","11,520.8","11,616.8","11,424.8","10.10M","0.56%"
"10/11/2023","11,520.8","11,648.8","11,776.8","11,488.8","19.44M","-1.91%"
"09/11/2023","11,744.8","11,776.8","11,840.8","11,680.8","14.77M","0.00%"
"08/11/2023","11,744.8","11,392.8","11,776.8","11,328.7","16.27M","3.09%"
"07/11/2023","11,392.8","11,488.8","11,520.8","11,328.7","6.89M","-0.84%"
"06/11/2023","11,488.8","11,264.7","11,520.8","11,232.7","13.16M","3.16%"
"03/11/2023","11,136.7","11,392.8","11,424.8","11,136.7","18.01M","-1.69%"
"02/11/2023","11,328.7","11,104.7","11,360.8","11,072.7","10.52M","2.91%"
"01/11/2023","11,008.7","11,008.7","11,072.7","10,944.7","8.08M","0.58%"
"31/10/2023","10,944.7","11,008.7","11,072.7","10,848.7","10.00M","0.59%"
"30/10/2023","10,880.7","11,040.7","11,168.7","10,880.7","5.07M","-2.58%"
"27/10/2023","11,168.7","11,040.7","11,200.7","10,976.7","13.77M","1.45%"
"26/10/2023","11,008.7","11,296.7","11,296.7","10,912.7","18.75M","-3.37%"
"25/10/2023","11,392.8","11,488.8","11,552.8","11,392.8","6.82M","-0.56%"
"24/10/2023","11,456.8","11,392.8","11,520.8","11,360.8","6.66M","0.56%"
"23/10/2023","11,392.8","11,488.8","11,520.8","11,328.7","5.64M","-0.84%"
"20/10/2023","11,488.8","11,296.7","11,520.8","11,200.7","7.87M","1.70%"
"19/10/2023","11,296.7","11,360.8","11,456.8","11,264.7","8.57M","-0.56%"
"18/10/2023","11,360.8","11,584.8","11,648.8","11,264.7","16.62M","-1.93%"
"17/10/2023","11,584.8","11,712.8","11,808.8","11,584.8","8.26M","-0.55%"
"16/10/2023","11,648.8","11,808.8","11,808.8","11,648.8","8.29M","-1.36%"
"13/10/2023","11,808.8","11,712.8","11,840.8","11,680.8","8.83M","0.54%"
"12/10/2023","11,744.8","11,840.8","11,872.8","11,744.8","8.26M","-0.81%"
"11/10/2023","11,840.8","11,776.8","11,840.8","11,712.8","7.29M","0.27%"
"10/10/2023","11,808.8","11,776.8","11,872.8","11,744.8","11.19M","0.82%"
"09/10/2023","11,712.8","11,616.8","11,712.8","11,520.8","16.94M","0.83%"
"06/10/2023","11,616.8","11,552.8","11,648.8","11,488.8","7.38M","0.55%"
"05/10/2023","11,552.8","11,648.8","11,712.8","11,520.8","11.26M","-0.55%"
"04/10/2023","11,616.8","11,552.8","11,680.8","11,488.8","11.25M","0.55%"
"03/10/2023","11,552.8","11,776.8","11,840.8","11,520.8","17.09M","-2.96%"
"02/10/2023","11,904.8","11,872.8","11,968.8","11,776.8","6.87M","0.54%"
"29/09/2023","11,840.8","11,840.8","11,936.8","11,840.8","6.30M","0.00%"
"28/09/2023","11,840.8","11,744.8","11,872.8","11,648.8","10.18M","0.00%"
"27/09/2023","11,840.8","11,616.8","11,840.8","11,616.8","13.16M","1.37%"
"26/09/2023","11,680.8","11,616.8","11,808.8","11,584.8","16.84M","0.83%"
"25/09/2023","11,584.8","11,968.8","12,000.8","11,584.8","20.38M","-3.21%"
"22/09/2023","11,968.8","12,000.8","12,032.8","11,712.8","28.79M","-1.32%"
"21/09/2023","12,128.8","12,288.8","12,384.8","12,064.8","19.11M","-1.30%"
"20/09/2023","12,288.8","12,192.8","12,288.8","12,128.8","13.53M","1.05%"
"19/09/2023","12,160.8","12,256.8","12,288.8","12,096.8","17.52M","-0.78%"
"18/09/2023","12,256.8","12,416.8","12,416.8","12,160.8","17.89M","-1.29%"
"15/09/2023","12,416.8","12,288.8","12,608.8","12,224.8","39.97M","1.31%"
"14/09/2023","12,256.8","12,224.8","12,384.8","12,160.8","22.67M","0.52%"
"13/09/2023","12,192.8","12,352.8","12,384.8","12,096.8","20.44M","-1.04%"
"12/09/2023","12,320.8","12,064.8","12,320.8","12,000.8","16.58M","2.67%"
"11/09/2023","12,000.8","12,384.8","12,384.8","12,000.8","22.83M","-1.83%"
"08/09/2023","12,224.8","12,352.8","12,384.8","12,224.8","16.95M","-1.04%"
"07/09/2023","12,352.8","12,320.8","12,544.8","12,256.8","33.79M","0.26%"
"06/09/2023","12,320.8","12,288.8","12,320.8","12,096.8","20.97M","0.52%"
"05/09/2023","12,256.8","11,904.8","12,320.8","11,872.8","32.59M","3.51%"
"31/08/2023","11,840.8","11,776.8","11,872.8","11,776.8","9.92M","0.54%"
"30/08/2023","11,776.8","11,712.8","11,840.8","11,680.8","10.56M","0.82%"
"29/08/2023","11,680.8","11,680.8","11,744.8","11,616.8","14.35M","0.27%"
"28/08/2023","11,648.8","11,680.8","11,712.8","11,552.8","10.65M","0.55%"
"25/08/2023","11,584.8","11,648.8","11,648.8","11,584.8","7.24M","-0.82%"
"24/08/2023","11,680.8","11,584.8","11,744.8","11,520.8","10.16M","1.39%"
"23/08/2023","11,520.8","11,712.8","11,712.8","11,520.8","8.80M","-1.10%"
"22/08/2023","11,648.8","11,712.8","11,712.8","11,360.8","12.23M","0.28%"
"21/08/2023","11,616.8","11,520.8","11,744.8","11,424.8","13.99M","0.28%"
"18/08/2023","11,584.8","12,032.8","12,032.8","11,456.8","33.41M","-3.98%"
"17/08/2023","12,064.8","12,160.8","12,160.8","12,064.8","12.01M","-0.79%"
"16/08/2023","12,160.8","12,096.8","12,288.8","12,032.8","14.80M","0.26%"
"15/08/2023","12,128.8","12,128.8","12,160.8","12,032.8","8.52M","0.00%"
"14/08/2023","12,128.8","12,128.8","12,224.8","12,000.8","12.28M","0.26%"
"11/08/2023","12,096.8","12,160.8","12,192.8","11,936.8","13.17M","0.00%"
"10/08/2023","12,096.8","12,288.8","12,288.8","12,096.8","13.98M","-1.31%"
"09/08/2023","12,256.8","12,288.8","12,320.8","12,160.8","16.25M","-0.26%"
"08/08/2023","12,288.8","12,480.8","12,480.8","12,256.8","14.02M","-0.78%"
"07/08/2023","12,384.8","12,256.8","12,416.8","12,192.8","23.09M","1.84%"
"04/08/2023","12,160.8","12,064.8","12,256.8","12,032.8","22.60M","0.80%"
"03/08/2023","12,064.8","12,128.8","12,224.8","12,032.8","16.82M","-0.26%"
"02/08/2023","12,096.8","12,064.8","12,128.8","12,000.8","9.35M","0.27%"
"01/08/2023","12,064.8","12,096.8","12,384.8","12,064.8","21.74M","0.00%"
"31/07/2023","12,064.8","12,064.8","12,096.8","11,968.8","15.14M","0.80%"
"28/07/2023","11,968.8","11,872.8","11,968.8","11,872.8","10.66M","0.54%"
"27/07/2023","11,904.8","12,000.8","12,032.8","11,840.8","14.36M","-0.80%"
"26/07/2023","12,000.8","12,032.8","12,064.8","11,936.8","9.00M","-0.27%"
"25/07/2023","12,032.8","12,000.8","12,224.8","11,968.8","14.49M","0.27%"
"24/07/2023","12,000.8","11,936.8","12,000.8","11,872.8","13.59M","0.54%"
"21/07/2023","11,936.8","11,872.8","11,936.8","11,776.8","12.73M","1.08%"
"20/07/2023","11,808.8","11,776.8","11,840.8","11,712.8","9.79M","0.27%"
"19/07/2023","11,776.8","11,904.8","11,968.8","11,776.8","17.74M","-1.08%"
"18/07/2023","11,904.8","11,904.8","11,936.8","11,808.8","11.42M","0.00%"
"17/07/2023","11,904.8","12,000.8","12,064.8","11,840.8","16.71M","-0.27%"
"14/07/2023","11,936.8","11,936.8","12,000.8","11,776.8","28.12M","1.65%"
"13/07/2023","11,743.4","11,715.6","11,826.9","11,632.1","31.32M","0.48%"
"12/07/2023","11,687.7","11,799.0","11,854.7","11,632.1","22.89M","-0.94%"
"11/07/2023","11,799.0","11,548.6","11,799.0","11,548.6","30.29M","2.17%"
"10/07/2023","11,548.6","11,465.1","11,604.2","11,437.3","29.31M","1.47%"
"07/07/2023","11,381.6","11,242.5","11,381.6","11,186.8","20.80M","1.24%"
"06/07/2023","11,242.5","11,381.6","11,437.3","11,214.7","26.51M","-0.98%"
"05/07/2023","11,353.8","11,409.4","11,492.9","11,298.1","22.69M","0.25%"
"04/07/2023","11,326.0","11,242.5","11,326.0","11,186.8","12.01M","0.74%"
"03/07/2023","11,242.5","11,298.1","11,326.0","11,186.8","17.10M","0.00%"
"30/06/2023","11,242.5","11,298.1","11,353.8","11,214.7","11.67M","-0.49%"
"29/06/2023","11,298.1","11,520.8","11,520.8","11,298.1","24.45M","-1.93%"
"28/06/2023","11,520.8","11,242.5","11,576.4","11,186.8","36.40M","2.99%"
"27/06/2023","11,186.8","11,270.3","11,298.1","11,131.2","18.75M","-0.50%"
"26/06/2023","11,242.5","11,242.5","11,437.3","11,103.3","18.47M","0.00%"
"23/06/2023","11,242.5","11,214.7","11,298.1","11,159.0","21.49M","1.51%"
"22/06/2023","11,075.5","11,186.8","11,326.0","11,075.5","25.85M","0.25%"
"21/06/2023","11,047.7","10,964.2","11,047.7","10,936.4","10.56M","1.02%"
"20/06/2023","10,936.4","10,908.5","10,936.4","10,825.1","9.58M","0.51%"
"19/06/2023","10,880.7","10,964.2","11,019.9","10,880.7","12.28M","-0.76%"
"16/06/2023","10,964.2","11,047.7","11,242.5","10,964.2","24.34M","0.00%"
"15/06/2023","10,964.2","10,992.0","11,047.7","10,936.4","16.58M","-0.25%"
"14/06/2023","10,992.0","11,186.8","11,242.5","10,992.0","19.09M","-0.25%"
"13/06/2023","11,019.9","11,074.1","11,074.1","10,938.4","18.50M","-0.25%"
"12/06/2023","11,047.0","11,019.9","11,074.1","10,857.0","15.71M","0.49%"
"09/06/2023","10,992.7","10,911.3","10,992.7","10,857.0","18.08M","1.25%"
"08/06/2023","10,857.0","11,047.0","11,101.3","10,857.0","23.89M","-1.72%"
"07/06/2023","11,047.0","11,101.3","11,155.6","10,992.7","23.46M","-0.49%"
"06/06/2023","11,101.3","10,802.7","11,101.3","10,748.4","39.79M","3.28%"
"05/06/2023","10,748.4","10,802.7","10,911.3","10,721.3","33.97M","0.51%"
"02/06/2023","10,694.1","10,368.4","10,775.6","10,341.3","57.59M","4.79%"
"01/06/2023","10,205.6","10,097.0","10,205.6","10,069.9","14.73M","1.08%"
"31/05/2023","10,097.0","10,205.6","10,232.7","10,097.0","12.02M","-0.80%"
"30/05/2023","10,178.4","10,205.6","10,232.7","10,124.1","11.50M","0.00%"
"29/05/2023","10,178.4","10,097.0","10,178.4","10,042.7","10.42M","1.63%"
"26/05/2023","10,015.6","10,042.7","10,042.7","9,988.4","6.82M","0.00%"
"25/05/2023","10,015.6","10,097.0","10,097.0","10,015.6","8.26M","-0.81%"
"24/05/2023","10,097.0","10,205.6","10,232.7","10,069.9","9.68M","-0.80%"
"23/05/2023","10,178.4","10,259.9","10,314.1","10,151.3","12.98M","-0.53%"
"22/05/2023","10,232.7","10,151.3","10,259.9","10,124.1","14.41M","1.07%"
"19/05/2023","10,124.1","10,097.0","10,151.3","10,069.9","6.62M","0.27%"
"18/05/2023","10,097.0","10,069.9","10,124.1","10,015.6","11.63M","0.81%"
"17/05/2023","10,015.6","10,178.4","10,205.6","10,015.6","15.87M","-1.86%"
"16/05/2023","10,205.6","10,232.7","10,287.0","10,151.3","11.78M","-0.27%"
"15/05/2023","10,232.7","10,178.4","10,368.4","10,151.3","31.02M","1.07%"
"12/05/2023","10,124.1","10,069.9","10,124.1","9,988.4","12.71M","0.81%"
"11/05/2023","10,042.7","10,097.0","10,124.1","10,015.6","12.92M","0.00%"
"10/05/2023","10,042.7","9,934.2","10,042.7","9,907.0","11.96M","1.09%"
"09/05/2023","9,934.2","9,934.2","9,961.3","9,879.9","7.89M","0.27%"
"08/05/2023","9,907.0","9,879.9","9,934.2","9,852.7","7.37M","0.83%"
"05/05/2023","9,825.6","9,879.9","9,907.0","9,825.6","6.99M","-0.55%"
"04/05/2023","9,879.9","9,961.3","10,015.6","9,852.7","10.18M","-1.36%"
"28/04/2023","10,015.6","10,042.7","10,069.9","9,961.3","7.69M","0.27%"
"27/04/2023","9,988.4","9,988.4","10,015.6","9,934.2","6.33M","0.27%"
"26/04/2023","9,961.3","9,907.0","9,961.3","9,825.6","8.72M","0.55%"
"25/04/2023","9,907.0","9,988.4","9,988.4","9,852.7","7.97M","0.00%"
"24/04/2023","9,907.0","9,798.4","9,934.2","9,771.3","9.26M","1.11%"
"21/04/2023","9,798.4","9,852.7","9,907.0","9,798.4","6.74M","-0.55%"
"20/04/2023","9,852.7","9,825.6","9,879.9","9,798.4","5.45M","0.28%"
"19/04/2023","9,825.6","9,907.0","9,934.2","9,825.6","7.26M","-0.28%"
"18/04/2023","9,852.7","9,961.3","9,988.4","9,798.4","10.41M","-0.55%"
"17/04/2023","9,907.0","9,879.9","9,961.3","9,852.7","9.66M","-0.27%"
"14/04/2023","9,934.2","10,097.0","10,151.3","9,934.2","13.70M","-1.35%"
"13/04/2023","10,069.9","10,151.3","10,178.4","10,042.7","10.40M","-0.80%"
"12/04/2023","10,151.3","10,205.6","10,205.6","10,069.9","13.90M","-0.27%"
"11/04/2023","10,178.4","10,097.0","10,205.6","10,015.6","11.59M","0.81%"
"10/04/2023","10,097.0","10,151.3","10,314.1","10,097.0","22.88M","0.00%"
"07/04/2023","10,097.0","10,042.7","10,097.0","9,961.3","14.91M","0.54%"
"06/04/2023","10,042.7","10,232.7","10,259.9","10,042.7","21.01M","-1.60%"
"05/04/2023","10,205.6","10,178.4","10,232.7","10,097.0","17.27M","0.27%"
"04/04/2023","10,178.4","10,178.4","10,205.6","10,097.0","19.75M","0.27%"
"03/04/2023","10,151.3","10,042.7","10,151.3","9,988.4","35.65M","2.47%"
"31/03/2023","9,907.0","9,934.2","9,988.4","9,852.7","18.40M","0.00%"
"30/03/2023","9,907.0","9,988.4","10,042.7","9,907.0","15.67M","-0.27%"
"29/03/2023","9,934.2","9,852.7","9,988.4","9,825.6","18.23M","1.67%"
"28/03/2023","9,771.3","9,798.4","9,934.2","9,771.3","21.62M","0.28%"
"27/03/2023","9,744.2","9,662.7","9,771.3","9,608.4","14.03M","1.13%"
"24/03/2023","9,635.6","9,608.4","9,744.2","9,554.2","28.47M","2.01%"
"23/03/2023","9,445.6","9,391.3","9,472.7","9,391.3","6.60M","0.00%"
"22/03/2023","9,445.6","9,499.9","9,527.0","9,418.4","9.23M","0.29%"
"21/03/2023","9,418.4","9,472.7","9,499.9","9,337.0","14.04M","0.29%"
"20/03/2023","9,391.3","9,554.2","9,554.2","9,391.3","10.45M","-0.86%"
"17/03/2023","9,472.7","9,608.4","9,608.4","9,472.7","7.45M","0.00%"
"16/03/2023","9,472.7","9,608.4","9,608.4","9,445.6","10.04M","-1.97%"
"15/03/2023","9,662.7","9,554.2","9,689.9","9,499.9","10.97M","3.49%"
"14/03/2023","9,337.0","9,499.9","9,527.0","9,337.0","14.79M","-1.71%"
"13/03/2023","9,499.9","9,418.4","9,554.2","9,418.4","14.89M","-1.41%"
"10/03/2023","9,635.6","9,662.7","9,662.7","9,554.2","9.24M","-0.28%"
"09/03/2023","9,662.7","9,581.3","9,744.2","9,554.2","14.07M","1.14%"
"08/03/2023","9,554.2","9,391.3","9,554.2","9,337.0","12.93M","1.15%"
"07/03/2023","9,445.6","9,445.6","9,554.2","9,418.4","10.78M","0.58%"
"06/03/2023","9,391.3","9,445.6","9,608.4","9,391.3","11.93M","0.87%"
"03/03/2023","9,309.9","9,499.9","9,499.9","9,309.9","8.28M","-1.44%"
"02/03/2023","9,445.6","9,581.3","9,608.4","9,418.4","6.70M","-1.42%"
"01/03/2023","9,581.3","9,309.9","9,581.3","9,228.4","11.03M","2.32%"
"28/02/2023","9,364.2","9,418.4","9,581.3","9,309.9","10.76M","0.00%"
"27/02/2023","9,364.2","9,472.7","9,499.9","9,364.2","14.05M","-2.54%"
"24/02/2023","9,608.4","9,852.7","9,907.0","9,608.4","17.58M","-2.48%"
"23/02/2023","9,852.7","9,771.3","9,879.9","9,608.4","28.51M","-0.55%"
"22/02/2023","9,907.0","9,988.4","10,042.7","9,907.0","17.24M","-1.88%"
"21/02/2023","10,097.0","10,314.1","10,368.4","10,097.0","12.14M","-1.59%"
"20/02/2023","10,259.9","9,825.6","10,259.9","9,825.6","15.02M","4.42%"
"17/02/2023","9,825.6","9,907.0","9,988.4","9,825.6","8.37M","-0.82%"
"16/02/2023","9,907.0","9,825.6","9,961.3","9,798.4","8.28M","1.39%"
"15/02/2023","9,771.3","9,635.6","9,907.0","9,635.6","11.38M","0.84%"
"14/02/2023","9,689.9","9,771.3","9,852.7","9,662.7","11.52M","-0.83%"
"13/02/2023","9,771.3","9,879.9","9,879.9","9,635.6","17.23M","-1.64%"
"10/02/2023","9,934.2","10,069.9","10,097.0","9,934.2","10.46M","-0.81%"
"09/02/2023","10,015.6","9,988.4","10,151.3","9,961.3","11.06M","0.27%"
"08/02/2023","9,988.4","10,042.7","10,151.3","9,907.0","9.76M","0.27%"
"07/02/2023","9,961.3","10,232.7","10,232.7","9,961.3","13.40M","-1.87%"
"06/02/2023","10,151.3","10,097.0","10,259.9","10,042.7","11.59M","0.54%"
"03/02/2023","10,097.0","10,287.0","10,368.4","10,097.0","17.50M","-1.85%"
"02/02/2023","10,287.0","10,368.4","10,368.4","10,069.9","21.31M","0.26%"
"01/02/2023","10,259.9","10,694.1","10,829.9","10,259.9","27.48M","-3.32%"
"31/01/2023","10,612.7","10,422.7","10,612.7","10,178.4","26.13M","1.56%"
"30/01/2023","10,449.9","10,748.4","10,748.4","10,449.9","22.11M","-2.28%"
"27/01/2023","10,694.1","10,802.7","10,911.3","10,667.0","16.07M","0.51%"
"19/01/2023","10,639.9","10,585.6","10,721.3","10,531.3","19.31M","0.26%"
"18/01/2023","10,612.7","10,585.6","10,612.7","10,422.7","17.30M","0.77%"
"17/01/2023","10,531.3","10,151.3","10,531.3","10,097.0","32.99M","4.86%"
"16/01/2023","10,042.7","9,934.2","10,069.9","9,879.9","10.91M","1.37%"
"13/01/2023","9,907.0","9,988.4","10,069.9","9,907.0","13.96M","0.00%"
"12/01/2023","9,907.0","9,934.2","9,988.4","9,852.7","12.80M","0.00%"
"11/01/2023","9,907.0","9,907.0","10,015.6","9,879.9","11.29M","0.27%"
"10/01/2023","9,879.9","9,879.9","9,961.3","9,825.6","11.17M","-0.27%"
"09/01/2023","9,907.0","10,042.7","10,042.7","9,879.9","10.39M","0.00%"
"06/01/2023","9,907.0","9,798.4","10,178.4","9,771.3","19.06M","0.27%"
"05/01/2023","9,879.9","9,771.3","9,907.0","9,662.7","13.52M","1.39%"
"04/01/2023","9,744.2","9,825.6","9,907.0","9,744.2","13.53M","-0.28%"
"03/01/2023","9,771.3","9,337.0","9,771.3","9,337.0","13.16M","5.26%"
"30/12/2022","9,282.7","9,527.0","9,527.0","9,282.7","7.21M","-1.72%"
"29/12/2022","9,445.6","9,391.3","9,554.2","9,391.3","7.30M","-0.29%"
"28/12/2022","9,472.7","9,391.3","9,554.2","9,255.6","8.04M","1.16%"
"27/12/2022","9,364.2","9,147.0","9,391.3","9,092.7","9.82M","2.68%"
"26/12/2022","9,119.9","9,608.4","9,635.6","9,119.9","16.46M","-5.35%"
"23/12/2022","9,635.6","9,744.2","9,744.2","9,554.2","7.87M","-1.39%"
"22/12/2022","9,771.3","9,717.0","9,934.2","9,608.4","13.45M","1.69%"
"21/12/2022","9,608.4","9,689.9","9,717.0","9,282.7","15.09M","0.57%"
"20/12/2022","9,554.2","9,934.2","10,015.6","9,445.6","31.78M","-4.09%"
"19/12/2022","9,961.3","10,205.6","10,449.9","9,961.3","25.09M","-2.39%"
"16/12/2022","10,205.6","10,151.3","10,368.4","10,151.3","20.38M","-0.79%"
"15/12/2022","10,287.0","9,771.3","10,422.7","9,771.3","42.18M","4.41%"
"14/12/2022","9,852.7","9,961.3","9,988.4","9,771.3","18.22M","0.83%"
"13/12/2022","9,771.3","9,635.6","9,771.3","9,499.9","13.91M","1.69%"
"12/12/2022","9,608.4","9,879.9","9,988.4","9,581.3","21.77M","-2.75%"
"09/12/2022","9,879.9","9,879.9","9,934.2","9,635.6","16.46M","0.55%"
"08/12/2022","9,825.6","9,608.4","10,042.7","9,527.0","24.12M","4.62%"
"07/12/2022","9,391.3","9,581.3","9,717.0","9,364.2","21.22M","-2.26%"
"06/12/2022","9,608.4","10,314.1","10,341.3","9,608.4","38.54M","-6.84%"
"05/12/2022","10,314.1","10,314.1","10,477.0","10,178.4","34.80M","1.06%"
"02/12/2022","10,205.6","9,662.7","10,205.6","9,527.0","28.51M","5.62%"
"01/12/2022","9,662.7","9,608.4","9,988.4","9,472.7","48.32M","2.30%"
"30/11/2022","9,445.6","9,391.3","9,527.0","9,201.3","23.03M","1.16%"
"29/11/2022","9,337.0","9,337.0","9,472.7","9,119.9","26.41M","0.00%"
"28/11/2022","9,337.0","8,929.9","9,337.0","8,902.7","26.98M","6.17%"
"25/11/2022","8,794.2","8,577.0","8,794.2","8,549.9","17.20M","3.18%"
"24/11/2022","8,522.7","8,495.6","8,604.2","8,359.9","11.09M","0.00%"
"23/11/2022","8,522.7","8,577.0","8,739.9","8,522.7","12.87M","-0.63%"
"22/11/2022","8,577.0","8,522.7","8,929.9","8,468.5","23.38M","0.64%"
"21/11/2022","8,522.7","8,631.3","8,739.9","8,468.5","18.73M","0.00%"
"18/11/2022","8,522.7","8,414.2","8,794.2","8,142.7","22.52M","0.00%"
"17/11/2022","8,522.7","8,332.7","8,631.3","8,197.0","25.88M","3.97%"
"16/11/2022","8,197.0","7,301.3","8,197.0","7,165.6","45.55M","6.71%"
"15/11/2022","7,681.3","8,142.7","8,251.3","7,681.3","40.99M","-6.91%"
"14/11/2022","8,251.3","8,658.5","8,658.5","8,197.0","21.00M","-5.00%"
"11/11/2022","8,685.6","8,821.3","9,065.6","8,658.5","20.90M","1.27%"
"10/11/2022","8,577.0","9,147.0","9,174.2","8,577.0","34.98M","-6.78%"
"09/11/2022","9,201.3","9,391.3","9,527.0","9,174.2","14.73M","-1.45%"
"08/11/2022","9,337.0","9,092.7","9,472.7","9,011.3","15.22M","1.47%"
"07/11/2022","9,201.3","9,554.2","9,635.6","9,201.3","20.22M","-5.31%"
"04/11/2022","9,717.0","9,418.4","9,717.0","8,957.0","43.61M","1.42%"
"03/11/2022","9,581.3","9,581.3","9,771.3","9,554.2","15.54M","-1.40%"
"02/11/2022","9,717.0","9,771.3","9,879.9","9,662.7","17.83M","-0.56%"
"01/11/2022","9,771.3","9,771.3","9,988.4","9,689.9","36.40M","1.69%"
"31/10/2022","9,608.4","9,608.4","9,717.0","9,228.4","21.29M","0.28%"
"28/10/2022","9,581.3","9,662.7","9,852.7","9,445.6","24.35M","0.86%"
"27/10/2022","9,499.9","8,957.0","9,499.9","8,957.0","22.87M","6.71%"
"26/10/2022","8,902.7","8,902.7","9,119.9","8,821.3","12.68M","0.00%"
"25/10/2022","8,902.7","8,549.9","9,038.4","8,414.2","27.99M","5.13%"
"24/10/2022","8,468.5","8,848.5","8,929.9","8,387.0","30.41M","-3.11%"
"21/10/2022","8,739.9","9,364.2","9,364.2","8,739.9","23.99M","-6.12%"
"20/10/2022","9,309.9","9,472.7","9,499.9","9,309.9","11.84M","-2.00%"
"19/10/2022","9,499.9","9,608.4","9,662.7","9,364.2","9.76M","-0.28%"
"18/10/2022","9,527.0","9,744.2","9,879.9","9,472.7","16.69M","0.29%"
"17/10/2022","9,499.9","9,608.4","9,662.7","9,282.7","17.03M","-1.69%"
"14/10/2022","9,662.7","9,717.0","9,934.2","9,554.2","21.20M","2.30%"
"13/10/2022","9,445.6","9,309.9","9,527.0","9,228.4","11.89M","1.46%"
"12/10/2022","9,309.9","8,767.0","9,309.9","8,767.0","21.45M","6.85%"
"11/10/2022","8,712.7","9,391.3","9,391.3","8,712.7","33.86M","-6.96%"
"10/10/2022","9,364.2","9,201.3","9,445.6","8,984.2","19.85M","1.77%"
"07/10/2022","9,201.3","9,527.0","9,662.7","9,147.0","71.87M","-6.35%"
"06/10/2022","9,825.6","10,395.6","10,395.6","9,798.4","13.14M","-5.73%"
"05/10/2022","10,422.7","10,368.4","10,558.4","10,341.3","8.78M","2.13%"
"04/10/2022","10,205.6","10,422.7","10,422.7","10,042.7","14.66M","0.53%"
"03/10/2022","10,151.3","10,802.7","10,802.7","10,097.0","15.83M","-6.50%"
"30/09/2022","10,857.0","10,694.1","10,857.0","10,477.0","13.15M","1.01%"
"29/09/2022","10,748.4","10,965.6","10,992.7","10,748.4","7.53M","-0.75%"
"28/09/2022","10,829.9","10,857.0","10,992.7","10,829.9","6.11M","-1.24%"
"27/09/2022","10,965.6","11,047.0","11,047.0","10,857.0","6.94M","0.50%"
"26/09/2022","10,911.3","11,182.7","11,345.6","10,802.7","17.78M","-4.29%"
"23/09/2022","11,399.8","11,508.4","11,589.8","11,399.8","6.49M","-1.18%"
"22/09/2022","11,535.6","11,399.8","11,535.6","11,318.4","9.30M","0.24%"
"21/09/2022","11,508.4","11,508.4","11,508.4","11,372.7","7.03M","-0.70%"
"20/09/2022","11,589.8","11,589.8","11,589.8","11,372.7","9.02M","1.67%"
"19/09/2022","11,399.8","11,779.8","11,834.1","11,399.8","14.51M","-3.67%"
"16/09/2022","11,834.1","12,078.4","12,132.7","11,807.0","12.25M","-1.58%"
"15/09/2022","12,024.1","12,187.0","12,241.3","11,969.8","6.26M","-1.12%"
"14/09/2022","12,159.8","11,969.8","12,187.0","11,942.7","11.92M","-0.67%"
"13/09/2022","12,241.3","12,295.5","12,349.8","12,214.1","9.02M","-0.22%"
"12/09/2022","12,268.4","12,485.5","12,485.5","12,268.4","5.26M","-0.44%"
"09/09/2022","12,322.7","12,458.4","12,458.4","12,078.4","15.10M","-0.44%"
"08/09/2022","12,377.0","12,539.8","12,621.3","12,349.8","13.90M","-0.87%"
"07/09/2022","12,485.5","12,865.5","12,919.8","12,485.5","30.39M","-2.75%"
"06/09/2022","12,838.4","12,811.3","12,974.1","12,784.1","12.03M","0.21%"
"05/09/2022","12,811.3","12,865.5","12,974.1","12,784.1","11.14M","-0.63%"
"31/08/2022","12,892.7","12,838.4","13,001.3","12,784.1","12.09M","0.42%"
"30/08/2022","12,838.4","12,784.1","12,974.1","12,729.8","16.14M","1.07%"
"29/08/2022","12,702.7","12,512.7","12,757.0","12,431.3","20.88M","-0.85%"
"26/08/2022","12,811.3","12,892.7","12,974.1","12,811.3","17.51M","-0.21%"
"25/08/2022","12,838.4","12,702.7","12,838.4","12,621.3","20.08M","1.50%"
"24/08/2022","12,648.4","12,621.3","12,702.7","12,567.0","12.67M","0.43%"
"23/08/2022","12,594.1","12,377.0","12,621.3","12,377.0","9.83M","0.43%"
"22/08/2022","12,539.8","12,648.4","12,729.8","12,485.5","18.57M","0.43%"
"19/08/2022","12,485.5","12,530.8","12,530.8","12,440.3","19.12M","-0.18%"
"18/08/2022","12,508.2","12,530.8","12,598.6","12,462.9","18.96M","-0.36%"
"17/08/2022","12,553.4","12,349.8","12,598.6","12,349.8","32.27M","1.83%"
"16/08/2022","12,327.2","12,349.8","12,395.1","12,282.0","14.74M","-0.37%"
"15/08/2022","12,372.4","12,349.8","12,485.5","12,327.2","16.98M","1.11%"
"12/08/2022","12,236.7","12,123.6","12,259.4","12,078.4","9.32M","0.93%"
"11/08/2022","12,123.6","12,417.7","12,440.3","12,101.0","23.53M","-1.47%"
"10/08/2022","12,304.6","12,395.1","12,417.7","12,259.4","13.34M","-0.55%"
"09/08/2022","12,372.4","12,395.1","12,485.5","12,304.6","22.21M","0.92%"
"08/08/2022","12,259.4","12,214.1","12,304.6","12,123.6","18.97M","0.56%"
"05/08/2022","12,191.5","12,168.9","12,191.5","12,010.5","15.69M","0.00%"
"04/08/2022","12,191.5","12,191.5","12,304.6","12,123.6","23.44M","0.19%"
"03/08/2022","12,168.9","12,033.2","12,168.9","11,852.2","20.72M","0.75%"
"02/08/2022","12,078.4","11,965.3","12,146.3","11,897.5","22.86M","0.75%"
"01/08/2022","11,987.9","11,626.0","11,987.9","11,603.4","25.14M","3.31%"
"29/07/2022","11,603.4","11,626.0","11,648.6","11,535.6","15.54M","0.39%"
"28/07/2022","11,558.2","11,422.5","11,648.6","11,354.6","19.55M","2.61%"
"27/07/2022","11,264.1","11,309.4","11,354.6","11,196.3","12.03M","-0.99%"
"26/07/2022","11,377.2","11,422.5","11,512.9","11,354.6","7.52M","-0.40%"
"25/07/2022","11,422.5","11,512.9","11,558.2","11,399.8","7.62M","-1.17%"
"22/07/2022","11,558.2","11,580.8","11,716.5","11,558.2","14.84M","-0.20%"
"21/07/2022","11,580.8","11,535.6","11,648.6","11,535.6","14.00M","0.20%"
"20/07/2022","11,558.2","11,535.6","11,603.4","11,490.3","14.42M","1.39%"
"19/07/2022","11,399.8","11,467.7","11,490.3","11,309.4","9.94M","-0.79%"
"18/07/2022","11,490.3","11,535.6","11,626.0","11,490.3","12.86M","-0.20%"
"15/07/2022","11,512.9","11,535.6","11,626.0","11,490.3","16.96M","-0.20%"
"14/07/2022","11,535.6","11,377.2","11,558.2","11,377.2","15.24M","0.79%"
"13/07/2022","11,445.1","11,445.1","11,648.6","11,354.6","20.22M","1.00%"
"12/07/2022","11,332.0","11,083.2","11,399.8","11,015.3","12.27M","2.66%"
"11/07/2022","11,037.9","11,264.1","11,332.0","10,992.7","17.32M","-2.59%"
"08/07/2022","11,332.0","11,445.1","11,445.1","11,286.7","11.62M","-0.20%"
"07/07/2022","11,354.6","11,264.1","11,467.7","11,083.2","13.77M","0.80%"
"06/07/2022","11,264.1","11,309.4","11,558.2","11,241.5","15.66M","-2.16%"
"05/07/2022","11,512.9","11,151.0","11,671.3","11,083.2","34.56M","3.46%"
"04/07/2022","11,128.4","11,015.3","11,151.0","10,902.2","13.24M","1.65%"
"01/07/2022","10,947.5","10,743.9","11,037.9","10,608.2","15.83M","0.00%"
"30/06/2022","10,947.5","11,196.3","11,264.1","10,947.5","15.05M","-2.02%"
"29/06/2022","11,173.7","11,105.8","11,354.6","11,015.3","17.96M","0.00%"
"28/06/2022","11,173.7","10,721.3","11,399.8","10,698.7","25.96M","2.49%"
"27/06/2022","10,902.2","10,766.5","10,947.5","10,676.0","11.70M","1.69%"
"24/06/2022","10,721.3","10,947.5","10,947.5","10,721.3","8.07M","-1.46%"
"23/06/2022","10,879.6","10,517.7","10,879.6","10,517.7","11.81M","2.56%"
"22/06/2022","10,608.2","10,246.3","10,811.8","10,246.3","21.92M","4.45%"
"21/06/2022","10,155.8","10,178.4","10,359.4","9,974.9","13.09M","-0.22%"
"20/06/2022","10,178.4","10,540.3","10,698.7","9,884.4","20.27M","-3.43%"
"17/06/2022","10,540.3","10,698.7","10,902.2","10,495.1","43.86M","-6.43%"
"16/06/2022","11,264.1","11,309.4","11,490.3","11,264.1","14.92M","0.00%"
"15/06/2022","11,264.1","11,422.5","11,535.6","10,947.5","32.66M","-2.35%"
"14/06/2022","11,535.6","11,309.4","11,716.5","11,309.4","18.30M","-0.58%"
"13/06/2022","11,603.4","12,123.6","12,123.6","11,580.8","33.76M","-6.73%"
"10/06/2022","12,440.3","12,440.3","12,666.5","12,417.7","9.83M","-1.08%"
"09/06/2022","12,576.0","12,734.3","12,734.3","12,440.3","9.50M","-0.54%"
"08/06/2022","12,643.9","12,304.6","12,711.7","12,191.5","24.76M","3.71%"
"07/06/2022","12,191.5","12,349.8","12,349.8","11,942.7","11.57M","-1.10%"
"06/06/2022","12,327.2","12,395.1","12,462.9","12,168.9","14.54M","-0.55%"
"03/06/2022","12,395.1","12,327.2","12,395.1","12,055.8","10.83M","0.74%"
"02/06/2022","12,304.6","12,462.9","12,598.6","12,304.6","13.59M","-1.45%"
"01/06/2022","12,485.5","12,485.5","12,666.5","12,462.9","8.23M","-0.54%"
"31/05/2022","12,553.4","12,666.5","12,666.5","12,440.3","11.07M","-1.25%"
"30/05/2022","12,711.7","12,779.6","12,779.6","12,621.3","16.63M","0.36%"
"27/05/2022","12,666.5","12,530.8","12,734.3","12,462.9","17.54M","1.27%"
"26/05/2022","12,508.2","12,802.2","12,802.2","12,508.2","15.21M","-1.43%"
"25/05/2022","12,689.1","12,214.1","12,779.6","12,214.1","22.87M","4.47%"
"24/05/2022","12,146.3","11,987.9","12,146.3","11,829.6","14.02M","2.09%"
"23/05/2022","11,897.5","12,214.1","12,259.4","11,807.0","13.13M","-2.59%"
"20/05/2022","12,214.1","12,123.6","12,327.2","12,033.2","10.57M","0.93%"
"19/05/2022","12,101.0","11,852.2","12,236.7","11,761.7","13.09M","0.38%"
"18/05/2022","12,055.8","12,123.6","12,440.3","11,942.7","18.17M","1.33%"
"17/05/2022","11,897.5","11,151.0","11,897.5","11,105.8","16.97M","6.91%"
"16/05/2022","11,128.4","11,399.8","11,467.7","11,083.2","15.46M","2.07%"
"13/05/2022","10,902.2","11,761.7","11,852.2","10,902.2","33.79M","-6.04%"
"12/05/2022","11,603.4","12,214.1","12,349.8","11,603.4","21.33M","-6.73%"
"11/05/2022","12,440.3","12,236.7","12,440.3","12,078.4","12.08M","1.66%"
"10/05/2022","12,236.7","11,671.3","12,236.7","11,354.6","22.71M","3.24%"
"09/05/2022","11,852.2","12,485.5","12,576.0","11,829.6","32.99M","-6.43%"
"06/05/2022","12,666.5","12,892.7","13,028.4","12,666.5","18.54M","-3.45%"
"05/05/2022","13,118.9","13,254.6","13,254.6","12,779.6","14.46M","0.35%"
"04/05/2022","13,073.6","13,480.8","13,503.4","13,073.6","16.50M","-3.02%"
"29/04/2022","13,480.8","13,277.2","13,526.0","13,254.6","17.78M","1.19%"
"28/04/2022","13,322.4","13,480.8","13,526.0","13,299.8","13.13M","-0.84%"
"27/04/2022","13,435.5","13,232.0","13,458.1","13,051.0","15.03M","1.19%"
"26/04/2022","13,277.2","12,666.5","13,322.4","12,214.1","30.96M","4.45%"
"25/04/2022","12,711.7","13,661.7","13,797.4","12,621.3","33.93M","-6.33%"
"22/04/2022","13,571.2","13,707.0","13,933.1","13,480.8","23.99M","0.00%"
"21/04/2022","13,571.2","13,345.1","13,820.0","13,164.1","26.41M","1.69%"
"20/04/2022","13,345.1","13,299.8","13,593.9","13,186.7","27.31M","0.68%"
"19/04/2022","13,254.6","13,797.4","13,955.8","13,254.6","26.71M","-3.30%"
"18/04/2022","13,707.0","14,159.3","14,159.3","13,639.1","37.48M","-3.50%"
"15/04/2022","14,204.6","14,611.7","14,634.3","14,159.3","31.65M","-2.79%"
"14/04/2022","14,611.7","14,792.7","14,883.1","14,611.7","16.56M","-0.92%"
"13/04/2022","14,747.4","14,589.1","14,837.9","14,566.5","28.41M","1.09%"
"12/04/2022","14,589.1","15,018.8","15,041.5","14,566.5","32.14M","-2.86%"
"08/04/2022","15,018.8","15,267.6","15,380.7","14,973.6","23.94M","-1.48%"
"07/04/2022","15,245.0","15,177.2","15,561.7","15,154.6","50.50M","1.05%"
"06/04/2022","15,086.7","14,770.0","15,154.6","14,702.2","35.17M","2.14%"
"05/04/2022","14,770.0","14,905.7","15,018.8","14,770.0","20.88M","-1.06%"
"04/04/2022","14,928.4","15,267.6","15,267.6","14,928.4","25.54M","-0.90%"
"01/04/2022","15,064.1","14,928.4","15,154.6","14,837.9","34.07M","1.06%"
"31/03/2022","14,905.7","14,770.0","14,973.6","14,770.0","26.86M","0.92%"
"30/03/2022","14,770.0","14,430.8","15,109.3","14,385.5","63.13M","2.03%"
"29/03/2022","14,476.0","14,317.7","14,476.0","14,249.8","15.64M","1.59%"
"28/03/2022","14,249.8","14,385.5","14,453.4","14,068.9","27.13M","-0.94%"
"25/03/2022","14,385.5","14,498.6","14,566.5","14,385.5","16.96M","-0.78%"
"24/03/2022","14,498.6","14,498.6","14,634.3","14,476.0","17.00M","-0.31%"
"23/03/2022","14,543.8","14,702.2","14,792.7","14,543.8","19.06M","-0.92%"
"22/03/2022","14,679.6","14,566.5","14,792.7","14,566.5","23.06M","0.78%"
"21/03/2022","14,566.5","14,611.7","14,611.7","14,385.5","24.49M","0.31%"
"18/03/2022","14,521.2","14,702.2","14,724.8","14,476.0","20.83M","-0.47%"
"17/03/2022","14,589.1","14,679.6","14,815.3","14,566.5","21.46M","0.47%"
"16/03/2022","14,521.2","14,543.8","14,656.9","14,430.8","23.52M","1.58%"
"15/03/2022","14,295.0","14,430.8","14,430.8","14,181.9","18.22M","-0.16%"
"14/03/2022","14,317.7","14,249.8","14,476.0","14,114.1","33.48M","0.64%"
"11/03/2022","14,227.2","14,046.2","14,340.3","14,046.2","23.60M","1.29%"
"10/03/2022","14,046.2","14,159.3","14,362.9","14,023.6","24.86M","0.98%"
"09/03/2022","13,910.5","14,023.6","14,159.3","13,684.3","50.51M","-0.81%"
"08/03/2022","14,023.6","14,385.5","14,476.0","14,023.6","53.70M","-3.73%"
"07/03/2022","14,566.5","14,566.5","14,770.0","14,476.0","39.59M","-2.13%"
"04/03/2022","14,883.1","14,928.4","15,064.1","14,747.4","23.46M","-0.60%"
"03/03/2022","14,973.6","14,883.1","15,064.1","14,295.0","62.82M","1.85%"
"02/03/2022","14,702.2","15,290.3","15,290.3","14,656.9","108.14M","-4.41%"
"01/03/2022","15,380.7","15,652.2","15,787.9","15,312.9","34.19M","-1.16%"
"28/02/2022","15,561.7","15,403.4","15,742.6","15,380.7","26.75M","0.88%"
"25/02/2022","15,426.0","15,584.3","15,787.9","15,426.0","35.20M","0.29%"
"24/02/2022","15,380.7","15,380.7","15,742.6","15,018.8","62.45M","-1.02%"
"23/02/2022","15,539.1","15,652.2","15,787.9","15,448.6","36.27M","-0.15%"
"22/02/2022","15,561.7","14,702.2","15,561.7","14,521.2","78.47M","5.36%"
"21/02/2022","14,770.0","14,747.4","14,883.1","14,408.1","39.43M","0.00%"
"18/02/2022","14,770.0","14,883.1","14,951.0","14,724.8","26.14M","-1.66%"
"17/02/2022","15,018.8","14,770.0","15,018.8","14,747.4","19.55M","1.68%"
"16/02/2022","14,770.0","14,905.7","14,951.0","14,589.1","19.51M","-0.15%"
"15/02/2022","14,792.7","14,543.8","14,883.1","14,453.4","43.45M","2.19%"
"14/02/2022","14,476.0","15,154.6","15,290.3","14,476.0","57.22M","-5.74%"
"11/02/2022","15,358.1","15,267.6","15,448.6","15,245.0","29.67M","0.59%"
"10/02/2022","15,267.6","15,018.8","15,471.2","14,951.0","49.63M","1.35%"
"09/02/2022","15,064.1","15,290.3","15,448.6","15,064.1","44.17M","-1.48%"
"08/02/2022","15,290.3","15,199.8","15,448.6","15,064.1","39.10M","0.00%"
"07/02/2022","15,290.3","15,516.5","15,606.9","15,177.2","35.20M","0.30%"
"28/01/2022","15,245.0","15,064.1","15,471.2","15,018.8","50.33M","2.12%"
"27/01/2022","14,928.4","14,928.4","15,086.7","14,724.8","37.00M","-0.90%"
"26/01/2022","15,064.1","14,905.7","15,335.5","14,837.9","58.06M","2.15%"
"25/01/2022","14,747.4","14,476.0","14,792.7","14,430.8","41.56M","1.56%"
"24/01/2022","14,521.2","14,408.1","14,928.4","14,317.7","67.30M","0.94%"
"21/01/2022","14,385.5","13,661.7","14,611.7","13,616.5","106.70M","5.30%"
"20/01/2022","13,661.7","13,435.5","13,797.4","13,232.0","32.74M","2.03%"
"19/01/2022","13,390.3","13,661.7","13,933.1","13,390.3","25.95M","-1.00%"
"18/01/2022","13,526.0","13,435.5","13,729.6","13,345.1","30.03M","1.36%"
"17/01/2022","13,345.1","13,435.5","13,910.5","13,345.1","61.65M","-0.51%"
"14/01/2022","13,412.9","13,345.1","13,639.1","13,232.0","19.84M","-0.17%"
"13/01/2022","13,435.5","13,435.5","13,955.8","13,367.7","72.80M","1.71%"
"12/01/2022","13,209.3","12,757.0","13,209.3","12,689.1","32.03M","4.66%"
"11/01/2022","12,621.3","12,779.6","12,892.7","12,621.3","14.33M","-0.71%"
"10/01/2022","12,711.7","12,915.3","13,005.8","12,711.7","18.71M","-1.75%"
"07/01/2022","12,937.9","12,824.8","13,051.0","12,802.2","19.96M","0.88%"
"06/01/2022","12,824.8","12,892.7","12,937.9","12,734.3","22.82M","-1.22%"
"05/01/2022","12,983.2","13,164.1","13,186.7","12,960.5","19.09M","-1.37%"
"04/01/2022","13,164.1","13,209.3","13,299.8","13,141.5","19.01M","0.69%"
"31/12/2021","13,073.6","12,983.2","13,277.2","12,892.7","27.22M","1.58%"
"30/12/2021","12,870.1","12,937.9","13,005.8","12,802.2","10.37M","0.53%"
"29/12/2021","12,802.2","12,870.1","13,051.0","12,779.6","19.34M","0.00%"
"28/12/2021","12,802.2","12,824.8","12,847.4","12,689.1","13.17M","0.53%"
"27/12/2021","12,734.3","12,802.2","12,847.4","12,621.3","8.10M","0.00%"
"24/12/2021","12,734.3","12,327.2","12,734.3","12,327.2","14.27M","3.11%"
"23/12/2021","12,349.8","12,576.0","12,598.6","12,259.4","21.25M","-1.27%"
"22/12/2021","12,508.2","12,643.9","12,689.1","12,462.9","18.15M","-1.07%"
"21/12/2021","12,643.9","12,711.7","12,757.0","12,598.6","13.34M","0.18%"
"20/12/2021","12,621.3","12,757.0","12,779.6","12,621.3","15.61M","-1.06%"
"17/12/2021","12,757.0","12,802.2","12,847.4","12,711.7","14.82M","-0.18%"
"16/12/2021","12,779.6","13,028.4","13,028.4","12,757.0","11.85M","-0.88%"
"15/12/2021","12,892.7","12,779.6","12,960.5","12,757.0","13.42M","0.88%"
"14/12/2021","12,779.6","12,824.8","12,937.9","12,757.0","12.85M","-0.53%"
"13/12/2021","12,847.4","12,824.8","12,892.7","12,802.2","18.56M","0.18%"
"10/12/2021","12,824.8","12,960.5","12,983.2","12,779.6","13.25M","-0.70%"
"09/12/2021","12,915.3","12,711.7","12,937.9","12,711.7","9.61M","0.53%"
"08/12/2021","12,847.4","12,757.0","12,983.2","12,689.1","15.41M","0.89%"
"07/12/2021","12,734.3","12,530.8","12,757.0","12,508.2","16.26M","2.36%"
"06/12/2021","12,440.3","12,802.2","12,915.3","12,214.1","34.22M","-2.83%"
"03/12/2021","12,802.2","13,254.6","13,299.8","12,802.2","26.07M","-2.75%"
"02/12/2021","13,164.1","13,412.9","13,435.5","13,164.1","15.32M","-1.36%"
"01/12/2021","13,345.1","13,118.9","13,345.1","13,028.4","22.10M","1.72%"
"30/11/2021","13,118.9","13,639.1","13,661.7","13,073.6","43.20M","-2.68%"
"29/11/2021","13,480.8","13,435.5","13,548.6","13,299.8","35.81M","-1.65%"
"26/11/2021","13,707.0","14,068.9","14,091.5","13,639.1","35.13M","-1.94%"
"25/11/2021","13,978.4","14,159.3","14,227.2","13,910.5","43.34M","0.00%"
"24/11/2021","13,978.4","13,073.6","13,978.4","13,005.8","90.09M","6.92%"
"23/11/2021","13,073.6","13,277.2","13,299.8","13,051.0","20.64M","-1.03%"
"22/11/2021","13,209.3","12,870.1","13,345.1","12,847.4","49.12M","3.18%"
"19/11/2021","12,802.2","12,757.0","13,096.2","12,666.5","38.28M","0.00%"
"18/11/2021","12,802.2","12,983.2","12,983.2","12,802.2","19.56M","-1.39%"
"17/11/2021","12,983.2","12,960.5","12,983.2","12,847.4","14.52M","0.17%"
"16/11/2021","12,960.5","13,028.4","13,096.2","12,892.7","29.09M","0.17%"
"15/11/2021","12,937.9","12,983.2","13,118.9","12,870.1","26.42M","0.18%"
"12/11/2021","12,915.3","12,666.5","12,915.3","12,666.5","19.85M","1.60%"
"11/11/2021","12,711.7","12,937.9","12,937.9","12,666.5","26.94M","-1.75%"
"10/11/2021","12,937.9","13,028.4","13,028.4","12,915.3","22.20M","0.00%"
"09/11/2021","12,937.9","12,937.9","13,096.2","12,892.7","25.90M","0.35%"
"08/11/2021","12,892.7","12,960.5","13,028.4","12,847.4","28.51M","-0.52%"
"05/11/2021","12,960.5","13,096.2","13,096.2","12,937.9","16.91M","-0.87%"
"04/11/2021","13,073.6","13,232.0","13,277.2","13,051.0","22.61M","-0.86%"
"03/11/2021","13,186.7","12,847.4","13,345.1","12,847.4","57.50M","2.64%"
"02/11/2021","12,847.4","12,802.2","12,892.7","12,779.6","18.02M","0.00%"
"01/11/2021","12,847.4","12,937.9","12,983.2","12,802.2","22.32M","-0.35%"
"29/10/2021","12,892.7","12,892.7","12,937.9","12,757.0","22.40M","0.00%"
"28/10/2021","12,892.7","12,960.5","12,960.5","12,824.8","18.40M","0.35%"
"27/10/2021","12,847.4","12,666.5","12,847.4","12,643.9","21.51M","1.61%"
"26/10/2021","12,643.9","12,530.8","12,643.9","12,485.5","14.32M","1.27%"
"25/10/2021","12,485.5","12,643.9","12,666.5","12,485.5","18.76M","-1.08%"
"22/10/2021","12,621.3","12,734.3","12,734.3","12,598.6","15.88M","0.00%"
"21/10/2021","12,621.3","12,892.7","12,892.7","12,621.3","21.36M","-1.06%"
"20/10/2021","12,757.0","12,892.7","12,892.7","12,576.0","18.72M","0.00%"
"19/10/2021","12,757.0","12,892.7","12,892.7","12,711.7","16.11M","-0.70%"
"18/10/2021","12,847.4","13,005.8","13,005.8","12,824.8","17.46M","0.00%"
"15/10/2021","12,847.4","13,005.8","13,005.8","12,824.8","17.16M","-0.35%"
"14/10/2021","12,892.7","13,005.8","13,028.4","12,892.7","22.39M","-0.35%"
"13/10/2021","12,937.9","13,164.1","13,164.1","12,937.9","20.48M","-0.52%"
"12/10/2021","13,005.8","13,186.7","13,186.7","12,915.3","31.16M","-0.17%"
"11/10/2021","13,028.4","12,576.0","13,028.4","12,553.4","52.82M","3.97%"
"08/10/2021","12,530.8","12,508.2","12,576.0","12,462.9","16.89M","0.18%"
"07/10/2021","12,508.2","12,621.3","12,621.3","12,462.9","13.49M","0.55%"
"06/10/2021","12,440.3","12,440.3","12,462.9","12,282.0","21.03M","0.36%"
"05/10/2021","12,395.1","12,236.7","12,395.1","12,236.7","19.82M","1.11%"
"04/10/2021","12,259.4","12,417.7","12,440.3","12,168.9","25.58M","-1.28%"
"01/10/2021","12,417.7","12,621.3","12,643.9","12,327.2","28.36M","-1.44%"
"30/09/2021","12,598.6","12,576.0","12,734.3","12,553.4","13.92M","0.18%"
"29/09/2021","12,576.0","12,666.5","12,757.0","12,553.4","23.27M","-0.71%"
"28/09/2021","12,666.5","12,666.5","12,711.7","12,576.0","15.48M","0.00%"
"27/09/2021","12,666.5","13,073.6","13,118.9","12,666.5","19.52M","-2.44%"
"24/09/2021","12,983.2","12,666.5","13,051.0","12,621.3","61.02M","2.87%"
"23/09/2021","12,621.3","12,666.5","12,757.0","12,576.0","24.70M","-0.36%"
"22/09/2021","12,666.5","12,666.5","12,734.3","12,530.8","19.49M","0.00%"
"21/09/2021","12,666.5","12,621.3","12,711.7","12,508.2","19.80M","-0.88%"
"20/09/2021","12,779.6","12,734.3","12,892.7","12,711.7","34.91M","1.44%"
"17/09/2021","12,598.6","12,666.5","12,666.5","12,508.2","20.35M","0.18%"
"16/09/2021","12,576.0","12,440.3","12,576.0","12,440.3","20.48M","1.28%"
"15/09/2021","12,417.7","12,440.3","12,485.5","12,304.6","25.04M","-0.54%"
"14/09/2021","12,485.5","12,530.8","12,666.5","12,485.5","20.05M","-1.08%"
"13/09/2021","12,621.3","12,643.9","12,802.2","12,553.4","28.90M","-1.06%"
"10/09/2021","12,757.0","12,847.4","12,847.4","12,757.0","17.76M","-0.70%"
"09/09/2021","12,847.4","12,757.0","12,892.7","12,666.5","21.99M","0.35%"
"08/09/2021","12,802.2","13,028.4","13,028.4","12,757.0","19.60M","-1.05%"
"07/09/2021","12,937.9","12,892.7","13,051.0","12,824.8","42.71M","1.06%"
"06/09/2021","12,802.2","12,643.9","12,824.8","12,530.8","36.30M","1.43%"
"01/09/2021","12,621.3","12,621.3","12,757.0","12,530.8","26.71M","0.00%"
"31/08/2021","12,621.3","12,937.9","12,983.2","12,621.3","21.71M","-1.76%"
"30/08/2021","12,847.4","12,711.7","13,073.6","12,666.5","33.19M","1.43%"
"27/08/2021","12,666.5","12,553.4","12,689.1","12,327.2","38.97M","-0.36%"
"26/08/2021","12,711.7","12,937.9","12,960.5","12,666.5","26.74M","-1.75%"
"25/08/2021","12,937.9","12,757.0","12,937.9","12,598.6","38.42M","0.18%"
"24/08/2021","12,915.3","12,937.9","13,005.8","12,711.7","29.29M","-0.17%"
"23/08/2021","12,937.9","13,345.1","13,458.1","12,915.3","46.08M","-4.35%"
"20/08/2021","13,526.0","14,023.6","14,023.6","13,322.4","66.81M","-3.86%"
"19/08/2021","14,068.9","13,933.1","14,068.9","13,707.0","44.16M","0.00%"
"18/08/2021","14,068.9","14,023.6","14,181.9","14,023.6","26.10M","-0.32%"
"17/08/2021","14,114.1","14,227.2","14,385.5","14,023.6","38.71M","0.65%"
"16/08/2021","14,023.6","13,390.3","14,114.1","13,345.1","66.94M","4.73%"
"13/08/2021","13,390.3","13,345.1","13,435.5","13,164.1","23.59M","0.34%"
"12/08/2021","13,345.1","13,480.8","13,571.2","13,345.1","20.41M","-0.67%"
"11/08/2021","13,435.5","13,435.5","13,661.7","13,345.1","40.92M","0.17%"
"10/08/2021","13,412.9","13,593.9","13,661.7","13,345.1","28.91M","-0.84%"
"09/08/2021","13,526.0","13,254.6","13,526.0","13,164.1","26.93M","0.84%"
"06/08/2021","13,412.9","13,571.2","13,616.5","13,390.3","28.67M","-1.17%"
"05/08/2021","13,571.2","13,390.3","13,571.2","13,299.8","34.92M","1.01%"
"04/08/2021","13,435.5","13,345.1","13,503.4","13,322.4","36.47M","1.37%"
"03/08/2021","13,254.6","13,073.6","13,299.8","13,028.4","40.47M","1.74%"
"02/08/2021","13,028.4","13,073.6","13,164.1","12,937.9","26.47M","-0.35%"
"30/07/2021","13,073.6","12,892.7","13,209.3","12,847.4","39.74M","1.76%"
"29/07/2021","12,847.4","12,621.3","12,847.4","12,576.0","31.68M","2.90%"
"28/07/2021","12,485.5","12,417.7","12,598.6","12,372.4","12.91M","0.73%"
"27/07/2021","12,395.1","12,395.1","12,553.4","12,349.8","24.29M","0.74%"
"26/07/2021","12,304.6","12,349.8","12,508.2","12,123.6","33.52M","-1.98%"
"23/07/2021","12,553.4","12,711.7","12,847.4","12,553.4","24.82M","-2.12%"
"22/07/2021","12,824.8","12,666.5","12,892.7","12,440.3","21.38M","1.25%"
"21/07/2021","12,666.5","12,711.7","12,937.9","12,621.3","25.66M","0.36%"
"20/07/2021","12,621.3","12,530.8","12,621.3","11,987.9","32.53M","2.76%"
"19/07/2021","12,282.0","12,666.5","12,983.2","12,259.4","46.40M","-6.70%"
"16/07/2021","13,164.1","13,345.1","13,390.3","13,096.2","23.68M","-0.68%"
"15/07/2021","13,254.6","12,937.9","13,322.4","12,892.7","33.80M","1.56%"
"14/07/2021","13,051.0","13,480.8","13,503.4","12,802.2","41.83M","-3.19%"
"13/07/2021","13,480.8","13,616.5","13,842.7","13,254.6","26.30M","0.00%"
"12/07/2021","13,480.8","14,295.0","14,385.5","13,073.6","72.34M","-3.87%"
"09/07/2021","14,023.6","13,956.6","14,274.9","13,805.8","107.65M","-0.59%"
"08/07/2021","14,107.4","14,107.4","14,308.4","13,939.8","58.06M","0.00%"
"07/07/2021","14,107.4","13,738.8","14,107.4","13,236.2","89.47M","4.99%"
"06/07/2021","13,437.2","14,509.5","14,559.8","13,437.2","63.49M","-6.96%"
"05/07/2021","14,442.5","14,576.5","14,593.3","14,157.7","74.48M","-0.81%"
"02/07/2021","14,559.8","14,677.0","14,677.0","14,526.3","50.23M","0.00%"
"01/07/2021","14,559.8","14,543.0","14,643.5","14,325.2","69.29M","0.23%"
"30/06/2021","14,526.3","14,576.5","14,894.9","14,526.3","73.52M","-0.23%"
"29/06/2021","14,559.8","14,476.0","14,677.0","14,241.4","51.77M","0.81%"
"28/06/2021","14,442.5","14,274.9","14,509.5","14,241.4","52.63M","2.38%"
"25/06/2021","14,107.4","14,073.9","14,140.9","13,839.3","53.03M","0.24%"
"24/06/2021","14,073.9","14,224.7","14,325.2","13,973.4","63.55M","0.24%"
"23/06/2021","14,040.4","14,157.7","14,224.7","13,906.3","66.97M","-0.24%"
"22/06/2021","14,073.9","13,738.8","14,224.7","13,705.3","100.26M","3.32%"
"21/06/2021","13,621.5","13,537.7","13,722.0","13,437.2","53.22M","0.25%"
"18/06/2021","13,588.0","13,738.8","13,738.8","13,554.5","73.60M","1.63%"
"17/06/2021","13,370.2","12,733.5","13,403.7","12,700.0","72.86M","3.10%"
"16/06/2021","12,968.1","13,152.4","13,252.9","12,951.3","58.55M","-1.53%"
"15/06/2021","13,169.1","13,169.1","13,386.9","12,951.3","70.39M","0.00%"
"14/06/2021","13,169.1","13,202.6","13,370.2","13,035.1","69.53M","-0.25%"
"11/06/2021","13,202.6","12,800.5","13,386.9","12,649.7","70.70M","3.96%"
"10/06/2021","12,700.0","12,901.1","13,051.9","12,633.0","44.00M","-1.69%"
"09/06/2021","12,917.8","12,431.9","13,001.6","12,314.6","86.61M","3.35%"
"08/06/2021","12,498.9","13,236.2","13,386.9","12,431.9","84.30M","-6.16%"
"07/06/2021","13,319.9","13,906.3","13,906.3","13,068.6","87.23M","-4.33%"
"04/06/2021","13,923.1","13,805.8","14,308.4","13,772.3","93.03M","0.97%"
"03/06/2021","13,789.1","13,403.7","13,789.1","13,353.4","82.26M","6.88%"
"02/06/2021","12,901.1","12,700.0","12,968.1","12,599.5","66.97M","0.79%"
"01/06/2021","12,800.5","12,934.6","13,018.3","12,767.0","46.19M","0.53%"
"31/05/2021","12,733.5","12,733.5","12,834.0","12,398.4","85.96M","0.80%"
"28/05/2021","12,633.0","12,264.4","12,633.0","12,130.3","74.60M","3.29%"
"27/05/2021","12,230.9","12,566.0","12,649.7","12,080.1","79.72M","-2.67%"
"26/05/2021","12,566.0","12,314.6","12,566.0","12,264.4","95.22M","4.75%"
"25/05/2021","11,996.3","11,661.2","11,996.3","11,644.5","64.45M","3.02%"
"24/05/2021","11,644.5","11,661.2","11,728.2","11,527.2","57.94M","0.29%"
"21/05/2021","11,611.0","11,527.2","11,812.0","11,476.9","56.23M","0.43%"
"20/05/2021","11,560.7","11,627.7","11,644.5","11,476.9","48.97M","0.00%"
"19/05/2021","11,560.7","11,292.6","11,560.7","11,192.1","83.06M","3.60%"
"18/05/2021","11,158.6","11,007.8","11,225.6","10,924.0","65.15M","1.22%"
"17/05/2021","11,024.5","11,225.6","11,225.6","10,991.0","54.25M","-0.30%"
"14/05/2021","11,058.1","11,192.1","11,192.1","11,007.8","61.23M","0.15%"
"13/05/2021","11,041.3","10,991.0","11,326.1","10,991.0","76.07M","-0.75%"
"12/05/2021","11,125.1","10,907.3","11,125.1","10,873.8","59.69M","1.53%"
"11/05/2021","10,957.5","11,125.1","11,192.1","10,957.5","57.65M","-1.51%"
"10/05/2021","11,125.1","10,588.9","11,208.8","10,572.2","102.91M","5.06%"
"07/05/2021","10,588.9","10,488.4","10,622.4","10,454.9","70.04M","0.00%"
"06/05/2021","10,588.9","10,622.4","10,756.5","10,505.1","53.49M","-0.32%"
"05/05/2021","10,622.4","10,572.2","10,857.0","10,555.4","73.18M","1.44%"
"04/05/2021","10,471.6","9,918.7","10,505.1","9,918.7","69.00M","2.97%"
"29/04/2021","10,170.1","10,220.3","10,371.1","10,170.1","53.56M","0.33%"
"28/04/2021","10,136.5","9,918.7","10,320.8","9,918.7","49.18M","2.20%"
"27/04/2021","9,918.7","9,918.7","10,036.0","9,784.7","28.43M","0.00%"
"26/04/2021","9,918.7","10,153.3","10,153.3","9,885.2","40.31M","-2.31%"
"23/04/2021","10,153.3","9,784.7","10,153.3","9,751.2","47.26M","3.77%"
"22/04/2021","9,784.7","10,186.8","10,220.3","9,784.7","37.43M","-4.26%"
"20/04/2021","10,220.3","10,287.3","10,387.9","10,086.3","36.60M","0.00%"
"19/04/2021","10,220.3","10,203.6","10,320.8","10,036.0","39.57M","0.99%"
"16/04/2021","10,119.8","10,186.8","10,270.6","9,985.8","50.08M","-1.31%"
"15/04/2021","10,253.8","10,471.6","10,471.6","10,237.1","53.45M","-2.08%"
"14/04/2021","10,471.6","10,320.8","10,505.1","10,253.8","42.69M","0.48%"
"13/04/2021","10,421.4","10,655.9","10,655.9","10,354.4","63.80M","-1.74%"
"12/04/2021","10,605.7","10,588.9","10,639.2","10,505.1","47.01M","0.96%"
"09/04/2021","10,505.1","10,421.4","10,538.7","10,337.6","47.81M","0.48%"
"08/04/2021","10,454.9","10,655.9","10,655.9","10,387.9","63.26M","-1.89%"
"07/04/2021","10,655.9","10,555.4","10,739.7","10,538.7","66.80M","1.27%"
"06/04/2021","10,521.9","10,287.3","10,538.7","10,220.3","93.99M","3.29%"
"05/04/2021","10,186.8","10,136.5","10,186.8","9,985.8","73.82M","2.70%"
"02/04/2021","9,918.7","9,918.7","9,952.2","9,801.5","50.59M","1.37%"
"01/04/2021","9,784.7","9,466.4","9,784.7","9,449.6","55.40M","3.73%"
"31/03/2021","9,432.9","9,499.9","9,566.9","9,416.1","29.72M","-0.53%"
"30/03/2021","9,483.1","9,466.4","9,617.2","9,365.8","37.29M","0.18%"
"29/03/2021","9,466.4","9,265.3","9,483.1","9,215.0","47.75M","2.73%"
"26/03/2021","9,215.0","9,148.0","9,298.8","8,963.7","40.47M","-0.18%"
"25/03/2021","9,231.8","9,282.1","9,382.6","9,215.0","37.33M","-0.18%"
"24/03/2021","9,248.6","9,382.6","9,432.9","9,181.5","45.46M","-2.65%"
"23/03/2021","9,499.9","9,600.4","9,617.2","9,466.4","42.72M","-1.05%"
"22/03/2021","9,600.4","9,784.7","9,801.5","9,550.1","44.20M","-1.88%"
"19/03/2021","9,784.7","9,717.7","9,835.0","9,717.7","28.05M","0.00%"
"18/03/2021","9,784.7","9,818.2","9,835.0","9,717.7","36.91M","0.69%"
"17/03/2021","9,717.7","9,600.4","9,717.7","9,600.4","40.12M","1.22%"
"16/03/2021","9,600.4","9,751.2","9,767.9","9,499.9","36.06M","-0.87%"
"15/03/2021","9,684.2","9,516.6","9,684.2","9,449.6","65.82M","2.30%"
"12/03/2021","9,466.4","9,516.6","9,533.4","9,432.9","46.21M","0.00%"
"11/03/2021","9,466.4","9,466.4","9,550.1","9,416.1","46.55M","1.07%"
"10/03/2021","9,365.8","9,181.5","9,416.1","9,081.0","61.06M","2.38%"
"09/03/2021","9,148.0","9,114.5","9,231.8","9,047.5","34.45M","-1.09%"
"08/03/2021","9,248.6","9,282.1","9,332.3","9,131.3","41.88M","0.91%"
"05/03/2021","9,164.8","9,081.0","9,215.0","8,980.5","53.83M","0.74%"
"04/03/2021","9,097.8","9,382.6","9,449.6","9,014.0","65.48M","-3.04%"
"03/03/2021","9,382.6","9,382.6","9,516.6","9,349.1","46.57M","-0.36%"
"02/03/2021","9,416.1","9,600.4","9,617.2","9,382.6","39.61M","-0.88%"
"01/03/2021","9,499.9","9,399.3","9,533.4","9,349.1","62.40M","2.53%"
"26/02/2021","9,265.3","8,980.5","9,315.6","8,947.0","63.21M","1.28%"
"25/02/2021","9,148.0","9,148.0","9,198.3","8,997.2","50.59M","1.11%"
"24/02/2021","9,047.5","9,265.3","9,315.6","9,014.0","56.25M","-1.46%"
"23/02/2021","9,181.5","8,963.7","9,215.0","8,913.5","89.33M","2.62%"
"22/02/2021","8,947.0","8,997.2","9,097.8","8,812.9","55.97M","-0.56%"
"19/02/2021","8,997.2","8,678.9","9,181.5","8,645.4","84.85M","2.48%"
"18/02/2021","8,779.4","8,712.4","8,812.9","8,578.4","66.02M","1.55%"
"17/02/2021","8,645.4","8,427.6","8,645.4","8,377.3","52.23M","4.24%"
"09/02/2021","8,293.5","8,042.2","8,293.5","7,975.2","45.06M","3.56%"
"08/02/2021","8,008.7","8,310.3","8,444.3","7,992.0","62.96M","-3.43%"
"05/02/2021","8,293.5","8,109.2","8,310.3","8,059.0","33.61M","2.91%"
"04/02/2021","8,059.0","8,142.7","8,159.5","7,975.2","31.36M","-0.82%"
"03/02/2021","8,126.0","7,941.7","8,159.5","7,841.2","56.10M","3.85%"
"02/02/2021","7,824.4","7,573.1","7,841.2","7,355.3","40.71M","6.14%"
"01/02/2021","7,372.0","7,707.1","7,874.7","7,355.3","45.71M","-6.18%"
"29/01/2021","7,857.9","7,137.5","7,874.7","7,137.5","55.45M","4.92%"
"28/01/2021","7,489.3","7,539.6","7,707.1","7,489.3","57.59M","-6.88%"
"27/01/2021","8,042.2","8,310.3","8,461.1","7,992.0","64.47M","-6.25%"
"26/01/2021","8,578.4","8,427.6","8,578.4","7,958.4","55.99M","1.59%"
"25/01/2021","8,444.3","8,511.3","8,645.4","8,427.6","30.90M","-1.56%"
"22/01/2021","8,578.4","8,611.9","8,695.6","8,477.8","35.07M","-0.78%"
"21/01/2021","8,645.4","8,377.3","8,645.4","8,176.3","41.61M","5.74%"
"20/01/2021","8,176.3","8,176.3","8,293.5","7,673.6","65.61M","0.00%"
"19/01/2021","8,176.3","8,779.4","8,779.4","8,176.3","62.74M","-6.87%"
"18/01/2021","8,779.4","8,963.7","8,997.2","8,779.4","39.14M","-2.06%"
"15/01/2021","8,963.7","9,014.0","9,114.5","8,896.7","56.34M","1.33%"
"14/01/2021","8,846.4","8,812.9","8,846.4","8,662.1","56.95M","1.54%"
"13/01/2021","8,712.4","8,762.7","8,913.5","8,678.9","52.74M","-0.57%"
"12/01/2021","8,762.7","8,829.7","8,880.0","8,611.9","46.81M","-0.76%"
"11/01/2021","8,829.7","9,047.5","9,114.5","8,779.4","66.12M","-0.94%"
"08/01/2021","8,913.5","8,779.4","9,164.8","8,712.4","73.14M","2.70%"
"07/01/2021","8,678.9","8,544.9","8,695.6","8,461.1","53.50M","2.37%"
"06/01/2021","8,477.8","8,544.9","8,712.4","8,377.3","62.40M","1.53%"
"05/01/2021","8,350.4","8,018.4","8,350.4","7,952.0","97.17M","5.01%"
"04/01/2021","7,952.0","7,769.4","8,084.8","7,669.8","120.93M","4.13%"
"31/12/2020","7,636.6","7,653.2","7,669.8","7,620.0","40.06M","0.44%"
"30/12/2020","7,603.4","7,603.4","7,686.4","7,603.4","36.54M","-0.22%"
"29/12/2020","7,620.0","7,653.2","7,653.2","7,586.8","31.15M","-0.43%"
"28/12/2020","7,653.2","7,802.6","7,802.6","7,586.8","47.35M","-0.22%"
"25/12/2020","7,669.8","7,570.2","7,686.4","7,503.8","36.56M","1.32%"
"24/12/2020","7,570.2","7,653.2","7,686.4","7,337.8","45.70M","-0.44%"
"23/12/2020","7,603.4","7,736.2","7,752.8","7,603.4","39.48M","-1.29%"
"22/12/2020","7,703.0","7,769.4","7,869.0","7,636.6","65.09M","-0.22%"
"21/12/2020","7,719.6","7,736.2","7,869.0","7,653.2","76.85M","0.65%"
"18/12/2020","7,669.8","7,470.6","7,669.8","7,354.4","49.95M","4.52%"
"17/12/2020","7,337.8","7,337.8","7,404.2","7,238.2","47.72M","-0.67%"
"16/12/2020","7,387.6","7,188.4","7,437.4","7,138.6","55.66M","3.49%"
"15/12/2020","7,138.6","7,254.8","7,254.8","7,105.4","37.34M","-1.60%"
"14/12/2020","7,254.8","7,171.8","7,271.4","7,171.8","40.02M","1.63%"
"11/12/2020","7,138.6","7,022.3","7,138.6","6,922.7","24.65M","2.14%"
"10/12/2020","6,989.1","7,122.0","7,155.2","6,972.5","38.82M","-1.64%"
"09/12/2020","7,105.4","7,138.6","7,221.6","7,088.7","36.80M","0.23%"
"08/12/2020","7,088.7","6,939.3","7,155.2","6,906.1","46.82M","2.15%"
"07/12/2020","6,939.3","6,955.9","6,989.1","6,906.1","23.56M","-0.24%"
"04/12/2020","6,955.9","6,972.5","7,022.3","6,922.7","52.56M","-0.24%"
"03/12/2020","6,972.5","7,155.2","7,155.2","6,922.7","64.07M","-1.64%"
"02/12/2020","7,088.7","6,939.3","7,105.4","6,922.7","51.58M","2.40%"
"01/12/2020","6,922.7","6,657.1","6,922.7","6,657.1","58.29M","2.46%"
"30/11/2020","6,756.7","6,773.3","6,839.7","6,706.9","52.83M","1.75%"
"27/11/2020","6,640.5","6,474.5","6,640.5","6,441.3","45.60M","2.56%"
"26/11/2020","6,474.5","6,391.5","6,474.5","6,374.9","35.45M","0.26%"
"25/11/2020","6,457.9","6,507.7","6,507.7","6,408.1","18.60M","0.52%"
"24/11/2020","6,424.7","6,441.3","6,474.5","6,374.9","24.45M","0.78%"
"23/11/2020","6,374.9","6,408.1","6,441.3","6,325.1","25.73M","-0.52%"
"20/11/2020","6,408.1","6,457.9","6,474.5","6,391.5","20.32M","-1.03%"
"19/11/2020","6,474.5","6,557.5","6,574.1","6,441.3","38.27M","-0.76%"
"18/11/2020","6,524.3","6,524.3","6,640.5","6,457.9","32.28M","0.51%"
"17/11/2020","6,491.1","6,358.3","6,491.1","6,341.7","28.39M","2.62%"
"16/11/2020","6,325.1","6,474.5","6,507.7","6,308.5","57.28M","-1.30%"
"13/11/2020","6,408.1","6,242.1","6,408.1","6,242.1","45.98M","3.21%"
"12/11/2020","6,208.9","6,076.1","6,208.9","6,059.5","30.10M","2.47%"
"11/11/2020","6,059.5","6,042.9","6,092.7","5,993.1","26.70M","0.83%"
"10/11/2020","6,009.7","6,109.3","6,142.5","6,009.7","19.34M","-0.82%"
"09/11/2020","6,059.5","6,009.7","6,076.1","5,993.1","10.59M","1.39%"
"06/11/2020","5,976.5","6,076.1","6,109.3","5,959.9","11.40M","-1.64%"
"05/11/2020","6,076.1","6,142.5","6,159.1","6,042.9","19.38M","-0.81%"
"04/11/2020","6,125.9","6,175.7","6,175.7","6,042.9","13.37M","1.10%"
"03/11/2020","6,059.5","6,009.7","6,092.7","5,976.5","10.25M","1.39%"
"02/11/2020","5,976.5","5,959.9","5,976.5","5,910.1","10.54M","1.12%"
"30/10/2020","5,910.1","5,943.3","5,959.9","5,843.7","16.37M","0.00%"
"29/10/2020","5,910.1","5,810.4","5,943.3","5,810.4","17.81M","1.42%"
"28/10/2020","5,827.1","5,893.5","5,959.9","5,810.4","19.52M","-1.96%"
"27/10/2020","5,943.3","6,109.3","6,109.3","5,943.3","27.22M","-2.72%"
"26/10/2020","6,109.3","6,242.1","6,258.7","6,109.3","25.33M","-2.39%"
"23/10/2020","6,258.7","6,308.5","6,308.5","6,192.3","18.85M","0.27%"
"22/10/2020","6,242.1","6,192.3","6,242.1","6,109.3","20.71M","1.35%"
"21/10/2020","6,159.1","6,275.3","6,325.1","6,159.1","27.12M","-0.80%"
"20/10/2020","6,208.9","6,076.1","6,225.5","6,059.5","30.05M","2.47%"
"19/10/2020","6,059.5","5,976.5","6,092.7","5,976.5","30.22M","2.24%"
"16/10/2020","5,926.7","5,893.5","5,943.3","5,876.9","26.12M","1.42%"
"15/10/2020","5,843.7","5,876.9","5,876.9","5,827.1","12.17M","-0.28%"
"14/10/2020","5,860.3","5,777.2","5,893.5","5,777.2","14.05M","0.86%"
"13/10/2020","5,810.4","5,843.7","5,843.7","5,760.6","11.57M","-0.28%"
"12/10/2020","5,827.1","5,860.3","5,893.5","5,793.8","13.78M","0.00%"
"09/10/2020","5,827.1","5,860.3","5,876.9","5,827.1","11.05M","-0.57%"
"08/10/2020","5,860.3","5,943.3","5,943.3","5,843.7","19.62M","0.28%"
"07/10/2020","5,843.7","5,893.5","5,910.1","5,843.7","20.68M","-1.40%"
"06/10/2020","5,926.7","5,959.9","5,959.9","5,876.9","20.30M","0.85%"
"05/10/2020","5,876.9","5,810.4","5,910.1","5,810.4","30.68M","2.54%"
"02/10/2020","5,731.1","5,745.5","5,774.4","5,673.3","35.74M","0.00%"
"01/10/2020","5,731.1","5,745.5","5,774.4","5,687.7","26.15M","0.51%"
"30/09/2020","5,702.2","5,673.3","5,716.6","5,644.4","15.66M","0.51%"
"29/09/2020","5,673.3","5,774.4","5,788.8","5,673.3","26.19M","-1.75%"
"28/09/2020","5,774.4","5,702.2","5,803.2","5,673.3","28.44M","2.04%"
"25/09/2020","5,658.9","5,687.7","5,702.2","5,586.7","21.35M","0.00%"
"24/09/2020","5,658.9","5,586.7","5,673.3","5,543.4","40.56M","2.08%"
"23/09/2020","5,543.4","5,572.3","5,601.1","5,514.5","22.20M","0.00%"
"22/09/2020","5,543.4","5,500.1","5,557.8","5,485.6","32.72M","0.79%"
"21/09/2020","5,500.1","5,485.6","5,557.8","5,442.3","35.50M","1.60%"
"18/09/2020","5,413.5","5,254.7","5,427.9","5,240.2","38.68M","3.59%"
"17/09/2020","5,225.8","5,211.4","5,326.8","5,211.4","24.32M","0.00%"
"16/09/2020","5,225.8","5,211.4","5,240.2","5,196.9","8.58M","0.00%"
"15/09/2020","5,225.8","5,240.2","5,269.1","5,211.4","12.13M","-0.28%"
"14/09/2020","5,240.2","5,196.9","5,269.1","5,182.5","15.04M","1.68%"
"11/09/2020","5,153.6","5,139.2","5,168.1","5,095.9","7.32M","0.28%"
"10/09/2020","5,139.2","5,168.1","5,196.9","5,139.2","10.27M","0.28%"
"09/09/2020","5,124.7","5,081.4","5,139.2","5,081.4","12.19M","-0.28%"
"08/09/2020","5,139.2","5,139.2","5,153.6","5,067.0","11.42M","0.56%"
"07/09/2020","5,110.3","5,240.2","5,240.2","5,110.3","25.12M","-1.94%"
"04/09/2020","5,211.4","5,153.6","5,225.8","5,153.6","16.62M","-0.82%"
"03/09/2020","5,254.7","5,254.7","5,298.0","5,225.8","16.25M","0.55%"
"01/09/2020","5,225.8","5,211.4","5,225.8","5,168.1","16.62M","0.84%"
"31/08/2020","5,182.5","5,196.9","5,254.7","5,168.1","12.85M","0.28%"
"28/08/2020","5,168.1","5,196.9","5,240.2","5,168.1","19.83M","0.00%"
"27/08/2020","5,168.1","5,168.1","5,196.9","5,124.7","11.81M","0.00%"
"26/08/2020","5,168.1","5,196.9","5,240.2","5,168.1","17.17M","-0.83%"
"25/08/2020","5,211.4","5,168.1","5,283.5","5,153.6","40.54M","1.40%"
"24/08/2020","5,139.2","5,023.7","5,153.6","5,023.7","27.39M","2.89%"
"21/08/2020","4,994.8","4,922.6","4,994.8","4,908.2","16.86M","1.47%"
"20/08/2020","4,922.6","4,922.6","4,951.5","4,893.8","13.77M","0.00%"
"19/08/2020","4,922.6","4,908.2","4,922.6","4,879.3","12.80M","0.29%"
"18/08/2020","4,908.2","4,937.1","4,951.5","4,879.3","8.91M","-0.58%"
"17/08/2020","4,937.1","4,951.5","4,965.9","4,864.9","12.66M","-0.29%"
"14/08/2020","4,951.5","4,879.3","4,965.9","4,864.9","18.66M","1.18%"
"13/08/2020","4,893.8","4,893.8","4,908.2","4,850.5","8.96M","0.59%"
"12/08/2020","4,864.9","4,763.8","4,879.3","4,763.8","18.36M","2.12%"
"11/08/2020","4,763.8","4,778.3","4,792.7","4,735.0","10.76M","0.30%"
"10/08/2020","4,749.4","4,763.8","4,778.3","4,720.5","12.13M","0.92%"
"07/08/2020","4,706.1","4,720.5","4,749.4","4,706.1","6.71M","-0.31%"
"06/08/2020","4,720.5","4,763.8","4,778.3","4,720.5","10.01M","-1.21%"
"05/08/2020","4,778.3","4,735.0","4,778.3","4,677.2","9.65M","0.91%"
"04/08/2020","4,735.0","4,706.1","4,763.8","4,677.2","8.39M","1.23%"
"03/08/2020","4,677.2","4,532.9","4,677.2","4,532.9","13.77M","2.86%"
"31/07/2020","4,547.3","4,532.9","4,590.6","4,475.1","9.27M","-0.63%"
"30/07/2020","4,576.2","4,561.7","4,590.6","4,532.9","8.99M","1.28%"
"29/07/2020","4,518.4","4,590.6","4,590.6","4,431.8","16.06M","-3.99%"
"28/07/2020","4,706.1","4,590.6","4,720.5","4,475.1","21.26M","6.19%"
"27/07/2020","4,431.8","4,590.6","4,648.4","4,431.8","32.78M","-6.97%"
"24/07/2020","4,763.8","4,908.2","4,908.2","4,735.0","27.20M","-3.23%"
"23/07/2020","4,922.6","4,951.5","4,965.9","4,893.8","10.53M","-0.58%"
"22/07/2020","4,951.5","5,023.7","5,023.7","4,951.5","8.94M","-0.87%"
"21/07/2020","4,994.8","4,994.8","4,994.8","4,951.5","10.07M","0.58%"
"20/07/2020","4,965.9","5,052.6","5,067.0","4,965.9","10.03M","-1.71%"
"17/07/2020","5,052.6","5,052.6","5,067.0","5,023.7","12.99M","0.00%"
"16/07/2020","5,052.6","5,052.6","5,052.6","4,994.8","12.42M","1.16%"
"15/07/2020","4,994.8","4,994.8","5,023.7","4,965.9","9.65M","0.87%"
"14/07/2020","4,951.5","4,951.5","4,965.9","4,908.2","11.66M","-0.29%"
"13/07/2020","4,965.9","4,980.4","5,023.7","4,951.5","7.62M","-0.29%"
"10/07/2020","4,980.4","5,023.7","5,023.7","4,965.9","7.06M","-1.15%"
"09/07/2020","5,038.1","4,980.4","5,052.6","4,965.9","12.40M","1.75%"
"08/07/2020","4,951.5","4,922.6","4,965.9","4,922.6","5.96M","0.29%"
"07/07/2020","4,937.1","4,951.5","4,965.9","4,908.2","11.69M","0.59%"
"06/07/2020","4,908.2","4,879.3","4,951.5","4,864.9","9.75M","0.89%"
"03/07/2020","4,864.9","4,879.3","4,893.8","4,850.5","4.07M","0.00%"
"02/07/2020","4,864.9","4,879.3","4,893.8","4,836.0","5.34M","-0.30%"
"01/07/2020","4,879.3","4,807.2","4,879.3","4,792.7","6.79M","1.81%"
"30/06/2020","4,792.7","4,908.2","4,937.1","4,778.3","11.16M","-1.48%"
"29/06/2020","4,864.9","4,965.9","4,994.8","4,836.0","19.57M","-2.88%"
"26/06/2020","5,009.3","5,038.1","5,052.6","4,980.4","6.56M","0.00%"
"25/06/2020","5,009.3","5,023.7","5,038.1","4,994.8","8.89M","-1.14%"
"24/06/2020","5,067.0","5,081.4","5,139.2","5,052.6","18.84M","0.29%"
"23/06/2020","5,052.6","5,052.6","5,095.9","5,038.1","12.09M","0.00%"
"22/06/2020","5,052.6","5,067.0","5,124.7","5,038.1","8.61M","0.00%"
"19/06/2020","5,052.6","5,023.7","5,052.6","4,994.8","10.21M","1.16%"
"18/06/2020","4,994.8","5,009.3","5,023.7","4,965.9","7.53M","0.00%"
"17/06/2020","4,994.8","5,023.7","5,052.6","4,980.4","7.09M","-0.57%"
"16/06/2020","5,023.7","4,980.4","5,052.6","4,951.5","19.29M","2.35%"
"15/06/2020","4,908.2","5,110.3","5,124.7","4,879.3","29.62M","-3.68%"
"12/06/2020","5,095.9","4,937.1","5,095.9","4,937.1","32.93M","0.86%"
"11/06/2020","5,052.6","5,399.0","5,442.3","5,052.6","32.35M","-5.91%"
"10/06/2020","5,370.2","5,211.4","5,442.3","5,182.5","33.79M","2.76%"
"09/06/2020","5,225.8","5,240.2","5,254.7","5,211.4","19.54M","0.00%"
"08/06/2020","5,225.8","5,240.2","5,283.5","5,211.4","26.63M","1.12%"
"05/06/2020","5,168.1","5,182.5","5,196.9","5,139.2","22.53M","-0.56%"
"04/06/2020","5,196.9","5,240.2","5,283.5","5,196.9","28.33M","-0.28%"
"03/06/2020","5,211.4","5,196.9","5,225.8","5,168.1","14.43M","0.84%"
"02/06/2020","5,168.1","5,196.9","5,283.5","5,168.1","46.02M","0.28%"
"01/06/2020","5,153.6","4,980.4","5,211.4","4,980.4","56.29M","3.78%"
"29/05/2020","4,965.9","4,994.8","4,994.8","4,951.5","14.34M","-0.58%"
"28/05/2020","4,994.8","5,009.3","5,052.6","4,980.4","11.29M","0.00%"
"27/05/2020","4,994.8","5,139.2","5,139.2","4,994.8","35.49M","-1.70%"
"26/05/2020","5,081.4","5,023.7","5,081.4","5,009.3","30.06M","1.73%"
"25/05/2020","4,994.8","4,980.4","5,038.1","4,965.9","13.93M","0.29%"
"22/05/2020","4,980.4","5,052.6","5,095.9","4,965.9","25.29M","-1.99%"
"21/05/2020","5,081.4","5,009.3","5,095.9","4,980.4","28.67M","1.73%"
"20/05/2020","4,994.8","4,980.4","5,023.7","4,951.5","13.34M","-0.57%"
"19/05/2020","5,023.7","5,023.7","5,052.6","4,980.4","30.10M","2.05%"
"18/05/2020","4,922.6","4,893.8","4,937.1","4,850.5","15.40M","0.59%"
"15/05/2020","4,893.8","5,023.7","5,038.1","4,893.8","26.43M","-2.02%"
"14/05/2020","4,994.8","4,994.8","5,067.0","4,937.1","24.19M","-1.14%"
"13/05/2020","5,052.6","5,023.7","5,095.9","4,908.2","34.58M","1.74%"
"12/05/2020","4,965.9","4,850.5","4,965.9","4,792.7","39.20M","2.38%"
"11/05/2020","4,850.5","4,879.3","4,908.2","4,763.8","45.53M","1.20%"
"08/05/2020","4,792.7","4,735.0","4,908.2","4,735.0","41.52M","1.84%"
"07/05/2020","4,706.1","4,605.1","4,720.5","4,605.1","20.47M","2.19%"
"06/05/2020","4,605.1","4,590.6","4,619.5","4,532.9","12.56M","0.95%"
"05/05/2020","4,561.7","4,590.6","4,605.1","4,518.4","8.25M","-0.32%"
"04/05/2020","4,576.2","4,605.1","4,633.9","4,576.2","7.44M","-0.63%"
"29/04/2020","4,605.1","4,590.6","4,648.4","4,576.2","8.98M","0.95%"
"28/04/2020","4,561.7","4,561.7","4,605.1","4,504.0","9.51M","0.64%"
"27/04/2020","4,532.9","4,648.4","4,677.2","4,532.9","15.93M","-2.18%"
"24/04/2020","4,633.9","4,619.5","4,662.8","4,590.6","8.74M","-0.62%"
"23/04/2020","4,662.8","4,735.0","4,749.4","4,633.9","11.71M","0.31%"
"22/04/2020","4,648.4","4,402.9","4,662.8","4,402.9","17.16M","2.88%"
"21/04/2020","4,518.4","4,735.0","4,749.4","4,518.4","35.01M","-6.01%"
"20/04/2020","4,807.2","4,908.2","4,951.5","4,792.7","35.77M","-2.06%"
"17/04/2020","4,908.2","4,821.6","4,951.5","4,792.7","24.86M","3.03%"
"16/04/2020","4,763.8","4,691.7","4,763.8","4,619.5","14.90M","0.92%"
"15/04/2020","4,720.5","4,619.5","4,763.8","4,590.6","33.84M","2.83%"
"14/04/2020","4,590.6","4,619.5","4,619.5","4,475.1","23.05M","0.95%"
"13/04/2020","4,547.3","4,489.6","4,633.9","4,475.1","20.67M","1.29%"
"10/04/2020","4,489.6","4,561.7","4,605.1","4,460.7","26.98M","-1.58%"
"09/04/2020","4,561.7","4,619.5","4,648.4","4,532.9","23.54M","0.64%"
"08/04/2020","4,532.9","4,475.1","4,576.2","4,446.3","16.34M","-1.57%"
"07/04/2020","4,605.1","4,662.8","4,677.2","4,532.9","41.28M","1.27%"
"06/04/2020","4,547.3","4,388.5","4,547.3","4,374.1","26.25M","6.78%"
"03/04/2020","4,258.6","4,128.7","4,316.3","4,114.2","16.91M","3.51%"
"01/04/2020","4,114.2","3,883.3","4,128.7","3,854.4","21.03M","5.17%"
"31/03/2020","3,912.1","3,984.3","4,070.9","3,796.6","18.68M","-0.37%"
"30/03/2020","3,926.6","4,042.1","4,070.9","3,926.6","23.92M","-6.85%"
"27/03/2020","4,215.3","4,359.6","4,374.1","4,186.4","17.65M","-2.99%"
"26/03/2020","4,345.2","4,475.1","4,489.6","4,345.2","15.19M","-3.83%"
"25/03/2020","4,518.4","4,417.4","4,518.4","4,345.2","22.73M","5.74%"
"24/03/2020","4,273.0","4,330.8","4,330.8","4,172.0","24.33M","-0.67%"
"23/03/2020","4,301.9","4,388.5","4,504.0","4,301.9","31.57M","-6.88%"
"20/03/2020","4,619.5","4,662.8","4,706.1","4,605.1","14.27M","-0.62%"
"19/03/2020","4,648.4","4,677.2","4,735.0","4,619.5","12.73M","-2.42%"
"18/03/2020","4,763.8","4,893.8","4,893.8","4,763.8","17.35M","-1.20%"
"17/03/2020","4,821.6","4,619.5","4,821.6","4,547.3","30.69M","1.52%"
"16/03/2020","4,749.4","4,951.5","4,994.8","4,735.0","13.97M","-3.80%"
"13/03/2020","4,937.1","4,576.2","5,168.1","4,561.7","38.31M","0.88%"
"12/03/2020","4,893.8","5,023.7","5,081.4","4,893.8","50.82M","-6.87%"
"11/03/2020","5,254.7","5,615.6","5,630.0","5,168.1","26.23M","-4.96%"
"10/03/2020","5,528.9","5,456.8","5,644.4","5,413.5","23.25M","-0.52%"
"09/03/2020","5,557.8","5,644.4","5,745.5","5,557.8","40.31M","-6.78%"
"06/03/2020","5,962.0","5,918.7","5,976.5","5,889.8","12.55M","0.00%"
"05/03/2020","5,962.0","6,034.2","6,048.6","5,962.0","14.81M","-0.48%"
"04/03/2020","5,990.9","6,005.3","6,019.8","5,947.6","12.66M","-0.72%"
"03/03/2020","6,034.2","6,077.5","6,106.4","6,005.3","19.00M","0.97%"
"02/03/2020","5,976.5","5,918.7","6,005.3","5,904.3","16.40M","1.47%"
"28/02/2020","5,889.8","5,918.7","5,990.9","5,875.4","23.04M","-2.39%"
"27/02/2020","6,034.2","5,933.2","6,034.2","5,904.3","13.28M","1.95%"
"26/02/2020","5,918.7","5,875.4","6,034.2","5,875.4","16.67M","-1.44%"
"25/02/2020","6,005.3","5,774.4","6,005.3","5,731.1","39.15M","3.48%"
"24/02/2020","5,803.2","5,976.5","6,005.3","5,803.2","39.84M","-5.19%"
"21/02/2020","6,120.8","6,265.2","6,265.2","6,106.4","28.87M","-2.08%"
"20/02/2020","6,250.7","6,294.1","6,322.9","6,236.3","20.04M","0.23%"
"19/02/2020","6,236.3","6,279.6","6,294.1","6,207.4","15.05M","-0.69%"
"18/02/2020","6,279.6","6,366.2","6,380.7","6,265.2","17.73M","-0.91%"
"17/02/2020","6,337.4","6,351.8","6,409.5","6,294.1","31.82M","0.92%"
"14/02/2020","6,279.6","6,236.3","6,322.9","6,221.9","29.81M","1.64%"
"13/02/2020","6,178.6","6,221.9","6,279.6","6,164.1","21.60M","-1.15%"
"12/02/2020","6,250.7","6,193.0","6,322.9","6,149.7","36.04M","2.12%"
"11/02/2020","6,120.8","6,091.9","6,149.7","6,077.5","14.22M","0.95%"
"10/02/2020","6,063.1","6,091.9","6,149.7","6,048.6","20.06M","-1.87%"
"07/02/2020","6,178.6","6,279.6","6,294.1","6,178.6","26.42M","-1.83%"
"06/02/2020","6,294.1","6,106.4","6,351.8","6,034.2","39.78M","3.07%"
"05/02/2020","6,106.4","6,178.6","6,236.3","6,077.5","23.56M","0.00%"
"04/02/2020","6,106.4","5,962.0","6,221.9","5,817.7","31.06M","3.93%"
"03/02/2020","5,875.4","5,817.7","6,005.3","5,630.0","47.33M","-2.16%"
"31/01/2020","6,005.3","6,077.5","6,221.9","6,005.3","26.47M","-2.12%"
"30/01/2020","6,135.3","6,322.9","6,380.7","6,120.8","29.52M","-5.13%"
"22/01/2020","6,467.3","6,510.6","6,525.0","6,452.8","16.38M","-0.67%"
"21/01/2020","6,510.6","6,380.7","6,525.0","6,366.2","17.20M","2.50%"
"20/01/2020","6,351.8","6,351.8","6,380.7","6,308.5","14.14M","0.00%"
"17/01/2020","6,351.8","6,366.2","6,424.0","6,322.9","15.68M","0.00%"
"16/01/2020","6,351.8","6,221.9","6,395.1","6,207.4","26.81M","2.56%"
"15/01/2020","6,193.0","6,207.4","6,236.3","6,193.0","11.90M","-0.23%"
"14/01/2020","6,207.4","6,149.7","6,250.7","6,135.3","14.96M","0.94%"
"13/01/2020","6,149.7","6,193.0","6,236.3","6,135.3","9.59M","-0.47%"
"10/01/2020","6,178.6","6,106.4","6,250.7","6,106.4","28.21M","1.66%"
"09/01/2020","6,077.5","6,048.6","6,106.4","5,990.9","10.83M","1.69%"
"08/01/2020","5,976.5","6,005.3","6,063.1","5,976.5","13.67M","-1.43%"
"07/01/2020","6,063.1","6,063.1","6,106.4","6,019.8","8.81M","0.24%"
"06/01/2020","6,048.6","6,106.4","6,120.8","6,048.6","8.56M","-1.41%"
"03/01/2020","6,135.3","6,193.0","6,207.4","6,120.8","11.41M","0.24%"
"02/01/2020","6,120.8","6,034.2","6,135.3","6,005.3","9.35M","1.92%"
"31/12/2019","6,005.3","6,063.1","6,077.5","6,005.3","7.20M","-0.72%"
"30/12/2019","6,048.6","6,063.1","6,135.3","6,034.2","11.27M","0.24%"
"27/12/2019","6,034.2","6,019.8","6,034.2","6,005.3","7.80M","0.24%"
"26/12/2019","6,019.8","6,063.1","6,077.5","6,019.8","7.04M","-0.71%"
"25/12/2019","6,063.1","5,990.9","6,091.9","5,990.9","9.88M","1.20%"
"24/12/2019","5,990.9","6,063.1","6,077.5","5,976.5","7.76M","-1.43%"
"23/12/2019","6,077.5","6,106.4","6,135.3","6,077.5","6.07M","0.24%"
"20/12/2019","6,063.1","5,976.5","6,091.9","5,976.5","6.32M","1.45%"
"19/12/2019","5,976.5","6,091.9","6,106.4","5,976.5","15.70M","-1.43%"
"18/12/2019","6,063.1","6,063.1","6,135.3","6,063.1","10.47M","-0.24%"
"17/12/2019","6,077.5","6,178.6","6,178.6","6,063.1","19.88M","-1.64%"
"16/12/2019","6,178.6","6,294.1","6,294.1","6,178.6","15.66M","-1.83%"
"13/12/2019","6,294.1","6,322.9","6,337.4","6,236.3","8.18M","0.00%"
"12/12/2019","6,294.1","6,294.1","6,366.2","6,279.6","9.06M","0.00%"
"11/12/2019","6,294.1","6,120.8","6,294.1","6,091.9","11.51M","3.32%"
"10/12/2019","6,091.9","6,178.6","6,193.0","6,091.9","13.93M","-1.63%"
"09/12/2019","6,193.0","6,308.5","6,308.5","6,178.6","13.64M","-1.83%"
"06/12/2019","6,308.5","6,294.1","6,322.9","6,279.6","4.37M","0.00%"
"05/12/2019","6,308.5","6,409.5","6,424.0","6,294.1","5.73M","-1.58%"
"04/12/2019","6,409.5","6,279.6","6,409.5","6,178.6","9.90M","3.02%"
"03/12/2019","6,221.9","6,178.6","6,265.2","6,091.9","10.72M","0.70%"
"02/12/2019","6,178.6","6,395.1","6,452.8","6,178.6","11.35M","-3.39%"
"29/11/2019","6,395.1","6,395.1","6,409.5","6,322.9","6.48M","0.23%"
"28/11/2019","6,380.7","6,510.6","6,539.5","6,380.7","9.77M","-2.21%"
"27/11/2019","6,525.0","6,539.5","6,582.8","6,481.7","5.25M","-0.22%"
"26/11/2019","6,539.5","6,510.6","6,553.9","6,467.3","9.70M","1.12%"
"25/11/2019","6,467.3","6,452.8","6,496.2","6,409.5","12.11M","0.22%"
"22/11/2019","6,452.8","6,525.0","6,553.9","6,380.7","17.08M","-0.22%"
"21/11/2019","6,467.3","6,510.6","6,539.5","6,380.7","20.50M","-0.88%"
"20/11/2019","6,525.0","6,553.9","6,582.8","6,510.6","6.85M","-0.66%"
"19/11/2019","6,568.3","6,525.0","6,568.3","6,496.2","8.29M","0.66%"
"18/11/2019","6,525.0","6,553.9","6,597.2","6,525.0","12.50M","-0.66%"
"15/11/2019","6,568.3","6,626.1","6,626.1","6,553.9","19.57M","-0.87%"
"14/11/2019","6,626.1","6,712.7","6,712.7","6,597.2","23.94M","-1.29%"
"13/11/2019","6,712.7","6,741.6","6,770.4","6,683.8","15.27M","-0.21%"
"12/11/2019","6,727.1","6,770.4","6,784.9","6,727.1","14.54M","-0.64%"
"11/11/2019","6,770.4","6,842.6","6,885.9","6,741.6","44.66M","0.21%"
"08/11/2019","6,756.0","6,799.3","6,828.2","6,741.6","23.35M","-0.43%"
"07/11/2019","6,784.9","6,813.7","6,842.6","6,756.0","19.74M","-0.21%"
"06/11/2019","6,799.3","6,727.1","6,900.4","6,712.7","35.76M","1.29%"
"05/11/2019","6,712.7","6,727.1","6,756.0","6,698.3","10.54M","-0.21%"
"04/11/2019","6,727.1","6,640.5","6,756.0","6,626.1","23.40M","1.53%"
"01/11/2019","6,626.1","6,640.5","6,698.3","6,597.2","13.23M","-0.22%"
"31/10/2019","6,640.5","6,640.5","6,683.8","6,611.6","5.86M","-0.22%"
"30/10/2019","6,654.9","6,597.2","6,669.4","6,582.8","11.87M","0.88%"
"29/10/2019","6,597.2","6,640.5","6,669.4","6,597.2","9.59M","-0.65%"
"28/10/2019","6,640.5","6,712.7","6,756.0","6,640.5","6.85M","-0.86%"
"25/10/2019","6,698.3","6,626.1","6,712.7","6,597.2","12.31M","1.09%"
"24/10/2019","6,626.1","6,611.6","6,654.9","6,597.2","11.94M","0.22%"
"23/10/2019","6,611.6","6,611.6","6,611.6","6,582.8","4.94M","0.22%"
"22/10/2019","6,597.2","6,539.5","6,626.1","6,539.5","6.92M","0.88%"
"21/10/2019","6,539.5","6,611.6","6,640.5","6,525.0","16.03M","-1.52%"
"18/10/2019","6,640.5","6,712.7","6,741.6","6,626.1","13.39M","-0.86%"
"17/10/2019","6,698.3","6,727.1","6,727.1","6,669.4","17.45M","-0.43%"
"16/10/2019","6,727.1","6,770.4","6,813.7","6,727.1","9.64M","-0.21%"
"15/10/2019","6,741.6","6,799.3","6,799.3","6,727.1","12.39M","-0.43%"
"14/10/2019","6,770.4","6,640.5","6,857.1","6,640.5","38.73M","3.08%"
"11/10/2019","6,568.3","6,582.8","6,611.6","6,553.9","7.55M","0.00%"
"10/10/2019","6,568.3","6,611.6","6,626.1","6,568.3","10.03M","-0.66%"
"09/10/2019","6,611.6","6,539.5","6,611.6","6,525.0","12.07M","0.88%"
"08/10/2019","6,553.9","6,452.8","6,553.9","6,452.8","16.14M","1.34%"
"07/10/2019","6,467.3","6,553.9","6,582.8","6,467.3","16.84M","-1.10%"
"04/10/2019","6,539.5","6,640.5","6,640.5","6,539.5","15.96M","-1.31%"
"03/10/2019","6,626.1","6,582.8","6,626.1","6,539.5","20.17M","-0.22%"
"02/10/2019","6,640.5","6,626.1","6,683.8","6,582.8","18.46M","-0.22%"
"01/10/2019","6,654.9","6,611.6","6,654.9","6,568.3","12.69M","1.10%"
"30/09/2019","6,582.8","6,568.3","6,654.9","6,568.3","21.10M","0.44%"
"27/09/2019","6,553.9","6,525.0","6,568.3","6,496.2","14.13M","0.44%"
"26/09/2019","6,525.0","6,395.1","6,525.0","6,395.1","14.40M","2.03%"
"25/09/2019","6,395.1","6,366.2","6,395.1","6,337.4","11.75M","0.00%"
"24/09/2019","6,395.1","6,380.7","6,395.1","6,322.9","12.50M","0.45%"
"23/09/2019","6,366.2","6,366.2","6,438.4","6,351.8","12.54M","0.00%"
"20/09/2019","6,366.2","6,351.8","6,424.0","6,351.8","13.13M","0.23%"
"19/09/2019","6,351.8","6,322.9","6,351.8","6,294.1","9.58M","0.69%"
"18/09/2019","6,308.5","6,380.7","6,395.1","6,308.5","22.01M","1.28%"
"17/09/2019","6,228.8","6,228.8","6,255.6","6,175.4","15.79M","-0.43%"
"16/09/2019","6,255.6","6,228.8","6,322.4","6,215.5","16.51M","0.43%"
"13/09/2019","6,228.8","6,175.4","6,282.3","6,135.3","26.50M","0.87%"
"12/09/2019","6,175.4","6,068.4","6,175.4","6,068.4","16.58M","1.99%"
"11/09/2019","6,055.1","6,055.1","6,068.4","6,028.3","6.70M","0.44%"
"10/09/2019","6,028.3","6,041.7","6,121.9","6,028.3","17.07M","-0.22%"
"09/09/2019","6,041.7","6,068.4","6,081.8","6,028.3","7.23M","0.00%"
"06/09/2019","6,041.7","6,041.7","6,068.4","6,015.0","10.92M","0.00%"
"05/09/2019","6,041.7","6,162.0","6,175.4","6,041.7","12.80M","-1.74%"
"04/09/2019","6,148.6","6,068.4","6,148.6","6,055.1","11.70M","0.88%"
"03/09/2019","6,095.2","6,188.7","6,255.6","6,095.2","30.92M","-1.30%"
"30/08/2019","6,175.4","6,242.2","6,268.9","6,175.4","14.12M","-1.07%"
"29/08/2019","6,242.2","6,255.6","6,268.9","6,148.6","17.16M","0.00%"
"28/08/2019","6,242.2","6,228.8","6,255.6","6,162.0","16.89M","0.21%"
"27/08/2019","6,228.8","6,282.3","6,349.1","6,188.7","40.47M","0.00%"
"26/08/2019","6,228.8","6,001.6","6,228.8","5,974.9","52.04M","2.87%"
"23/08/2019","6,055.1","6,068.4","6,095.2","6,015.0","10.18M","0.44%"
"22/08/2019","6,028.3","6,068.4","6,121.9","6,028.3","16.93M","0.22%"
"21/08/2019","6,015.0","5,961.5","6,068.4","5,934.8","21.80M","1.58%"
"20/08/2019","5,921.4","5,908.0","5,974.9","5,894.7","9.62M","0.45%"
"19/08/2019","5,894.7","6,001.6","6,041.7","5,894.7","9.73M","-1.56%"
"16/08/2019","5,988.2","5,961.5","6,041.7","5,948.1","14.88M","0.45%"
"15/08/2019","5,961.5","5,881.3","5,961.5","5,841.2","11.00M","0.00%"
"14/08/2019","5,961.5","6,015.0","6,041.7","5,961.5","10.92M","0.45%"
"13/08/2019","5,934.8","5,827.8","5,961.5","5,801.1","15.59M","1.37%"
"12/08/2019","5,854.6","5,774.4","5,867.9","5,747.6","14.49M","2.10%"
"09/08/2019","5,734.3","5,801.1","5,814.5","5,734.3","5.93M","-0.69%"
"08/08/2019","5,774.4","5,734.3","5,814.5","5,694.2","11.12M","1.41%"
"07/08/2019","5,694.2","5,720.9","5,761.0","5,680.8","6.11M","-0.23%"
"06/08/2019","5,707.5","5,747.6","5,774.4","5,694.2","13.84M","-2.06%"
"05/08/2019","5,827.8","5,854.6","5,867.9","5,787.7","11.35M","-0.68%"
"02/08/2019","5,867.9","5,787.7","5,908.0","5,787.7","12.45M","-0.23%"
"01/08/2019","5,881.3","5,908.0","5,921.4","5,854.6","6.87M","-0.90%"
"31/07/2019","5,934.8","5,841.2","5,934.8","5,827.8","13.72M","1.60%"
"30/07/2019","5,841.2","6,001.6","6,041.7","5,841.2","14.72M","-2.67%"
"29/07/2019","6,001.6","5,988.2","6,015.0","5,961.5","16.33M","0.45%"
"26/07/2019","5,974.9","5,988.2","6,001.6","5,934.8","15.77M","-0.22%"
"25/07/2019","5,988.2","6,015.0","6,095.2","5,974.9","17.95M","-0.88%"
"24/07/2019","6,041.7","6,095.2","6,148.6","6,041.7","19.36M","-0.44%"
"23/07/2019","6,068.4","5,961.5","6,081.8","5,921.4","25.75M","2.25%"
"22/07/2019","5,934.8","5,961.5","6,041.7","5,921.4","20.51M","0.00%"
"19/07/2019","5,934.8","5,988.2","6,001.6","5,934.8","16.49M","0.00%"
"18/07/2019","5,934.8","5,854.6","5,934.8","5,854.6","18.23M","0.45%"
"17/07/2019","5,908.0","5,827.8","5,934.8","5,801.1","28.38M","1.61%"
"16/07/2019","5,814.5","5,761.0","5,867.9","5,761.0","17.57M","1.40%"
"15/07/2019","5,734.3","5,734.3","5,747.6","5,680.8","10.17M","0.47%"
"12/07/2019","5,707.5","5,734.3","5,814.5","5,707.5","18.76M","-0.23%"
"11/07/2019","5,720.9","5,667.4","5,734.3","5,640.7","9.69M","1.42%"
"10/07/2019","5,640.7","5,694.2","5,734.3","5,640.7","9.04M","-0.47%"
"09/07/2019","5,667.4","5,640.7","5,680.8","5,614.0","5.98M","0.47%"
"08/07/2019","5,640.7","5,680.8","5,720.9","5,614.0","8.50M","-0.94%"
"05/07/2019","5,694.2","5,667.4","5,720.9","5,667.4","9.37M","0.71%"
"04/07/2019","5,654.1","5,654.1","5,694.2","5,627.3","10.60M","0.71%"
"03/07/2019","5,614.0","5,640.7","5,654.1","5,587.2","6.51M","-0.71%"
"02/07/2019","5,654.1","5,654.1","5,694.2","5,614.0","7.30M","0.00%"
"01/07/2019","5,654.1","5,614.0","5,667.4","5,600.6","8.11M","1.20%"
"28/06/2019","5,587.2","5,533.8","5,587.2","5,453.6","8.64M","1.46%"
"27/06/2019","5,507.0","5,573.9","5,614.0","5,507.0","7.57M","-1.20%"
"26/06/2019","5,573.9","5,627.3","5,667.4","5,573.9","9.88M","-1.18%"
"25/06/2019","5,640.7","5,680.8","5,694.2","5,627.3","4.70M","-0.94%"
"24/06/2019","5,694.2","5,694.2","5,707.5","5,667.4","5.35M","0.00%"
"21/06/2019","5,694.2","5,694.2","5,734.3","5,667.4","7.63M","0.00%"
"20/06/2019","5,694.2","5,520.4","5,694.2","5,520.4","10.45M","3.15%"
"19/06/2019","5,520.4","5,533.8","5,560.5","5,507.0","4.51M","0.24%"
"18/06/2019","5,507.0","5,533.8","5,547.1","5,507.0","2.61M","-0.48%"
"17/06/2019","5,533.8","5,560.5","5,573.9","5,520.4","4.82M","0.00%"
"14/06/2019","5,533.8","5,507.0","5,600.6","5,493.7","5.40M","0.49%"
"13/06/2019","5,507.0","5,480.3","5,520.4","5,453.6","3.07M","0.00%"
"12/06/2019","5,507.0","5,520.4","5,547.1","5,507.0","3.10M","-0.48%"
"11/06/2019","5,533.8","5,507.0","5,547.1","5,507.0","3.78M","0.49%"
"10/06/2019","5,507.0","5,560.5","5,573.9","5,480.3","5.64M","0.24%"
"07/06/2019","5,493.7","5,440.2","5,493.7","5,440.2","3.74M","1.73%"
"06/06/2019","5,400.1","5,413.5","5,480.3","5,373.4","6.39M","-0.25%"
"05/06/2019","5,413.5","5,480.3","5,507.0","5,413.5","6.29M","-0.49%"
"04/06/2019","5,440.2","5,466.9","5,480.3","5,426.8","5.21M","0.00%"
"03/06/2019","5,440.2","5,533.8","5,560.5","5,440.2","7.72M","-2.40%"
"31/05/2019","5,573.9","5,640.7","5,667.4","5,573.9","8.36M","-1.42%"
"30/05/2019","5,654.1","5,640.7","5,707.5","5,640.7","4.58M","-0.24%"
"29/05/2019","5,667.4","5,707.5","5,707.5","5,654.1","5.31M","-0.70%"
"28/05/2019","5,707.5","5,694.2","5,720.9","5,667.4","5.86M","0.23%"
"27/05/2019","5,694.2","5,707.5","5,720.9","5,680.8","5.27M","-0.23%"
"24/05/2019","5,707.5","5,787.7","5,801.1","5,707.5","9.46M","-1.39%"
"23/05/2019","5,787.7","5,747.6","5,814.5","5,747.6","6.54M","0.46%"
"22/05/2019","5,761.0","5,694.2","5,841.2","5,680.8","17.07M","1.17%"
"21/05/2019","5,694.2","5,667.4","5,720.9","5,654.1","8.37M","0.71%"
"20/05/2019","5,654.1","5,627.3","5,707.5","5,627.3","9.14M","-0.24%"
"17/05/2019","5,667.4","5,694.2","5,720.9","5,640.7","5.28M","-0.47%"
"16/05/2019","5,694.2","5,747.6","5,747.6","5,694.2","5.52M","-0.70%"
"15/05/2019","5,734.3","5,680.8","5,774.4","5,680.8","9.18M","0.70%"
"14/05/2019","5,694.2","5,614.0","5,694.2","5,614.0","5.40M","0.24%"
"13/05/2019","5,680.8","5,600.6","5,707.5","5,573.9","10.05M","1.67%"
"10/05/2019","5,587.2","5,614.0","5,667.4","5,560.5","11.19M","-0.48%"
"09/05/2019","5,614.0","5,694.2","5,734.3","5,560.5","14.62M","-1.41%"
"08/05/2019","5,694.2","5,640.7","5,734.3","5,640.7","9.10M","-0.70%"
"07/05/2019","5,734.3","5,787.7","5,801.1","5,734.3","4.57M","-0.23%"
"06/05/2019","5,747.6","5,814.5","5,827.8","5,707.5","12.33M","-2.71%"
"03/05/2019","5,908.0","5,854.6","5,921.4","5,801.1","12.84M","0.91%"
"02/05/2019","5,854.6","5,841.2","5,908.0","5,827.8","10.38M","0.46%"
"26/04/2019","5,827.8","5,747.6","5,827.8","5,720.9","7.70M","1.40%"
"25/04/2019","5,747.6","5,747.6","5,774.4","5,720.9","3.97M","0.00%"
"24/04/2019","5,747.6","5,707.5","5,747.6","5,694.2","5.57M","0.94%"
"23/04/2019","5,694.2","5,694.2","5,734.3","5,667.4","7.12M","-0.47%"
"22/04/2019","5,720.9","5,787.7","5,787.7","5,654.1","10.59M","-0.93%"
"19/04/2019","5,774.4","5,774.4","5,801.1","5,734.3","6.37M","0.23%"
"18/04/2019","5,761.0","5,747.6","5,841.2","5,720.9","13.87M","0.23%"
"17/04/2019","5,747.6","5,787.7","5,814.5","5,747.6","9.70M","0.00%"
"16/04/2019","5,747.6","5,707.5","5,801.1","5,707.5","10.04M","-1.83%"
"12/04/2019","5,854.6","5,908.0","5,908.0","5,841.2","3.77M","-0.45%"
"11/04/2019","5,881.3","5,867.9","5,894.7","5,841.2","4.97M","0.23%"
"10/04/2019","5,867.9","5,894.7","5,934.8","5,854.6","8.40M","-1.35%"
"09/04/2019","5,948.1","5,988.2","6,001.6","5,908.0","10.56M","-0.45%"
"08/04/2019","5,974.9","5,921.4","5,974.9","5,894.7","11.84M","0.90%"
"05/04/2019","5,921.4","5,974.9","5,988.2","5,921.4","10.21M","0.45%"
"04/04/2019","5,894.7","5,881.6","5,920.7","5,868.6","11.36M","0.67%"
"03/04/2019","5,855.6","5,816.6","5,868.6","5,816.6","11.74M","0.22%"
"02/04/2019","5,842.6","5,868.6","5,881.6","5,816.6","11.10M","0.22%"
"01/04/2019","5,829.6","5,842.6","5,868.6","5,803.6","6.30M","0.00%"
"29/03/2019","5,829.6","5,842.6","5,868.6","5,816.6","8.83M","0.00%"
"28/03/2019","5,829.6","5,803.6","5,855.6","5,803.6","6.19M","0.00%"
"27/03/2019","5,829.6","5,777.5","5,881.6","5,777.5","8.75M","1.13%"
"26/03/2019","5,764.5","5,803.6","5,855.6","5,764.5","15.23M","0.00%"
"25/03/2019","5,764.5","5,829.6","5,868.6","5,738.5","23.44M","-3.28%"
"22/03/2019","5,959.7","5,972.7","6,011.8","5,920.7","14.55M","0.44%"
"21/03/2019","5,933.7","6,011.8","6,063.8","5,933.7","27.66M","-0.65%"
"20/03/2019","5,972.7","5,920.7","5,972.7","5,855.6","28.29M","1.32%"
"19/03/2019","5,894.7","5,946.7","5,998.8","5,881.6","22.83M","-0.44%"
"18/03/2019","5,920.7","5,881.6","5,933.7","5,855.6","16.83M","1.11%"
"15/03/2019","5,855.6","5,855.6","5,907.7","5,816.6","11.43M","0.00%"
"14/03/2019","5,855.6","5,907.7","5,933.7","5,855.6","12.23M","-0.44%"
"13/03/2019","5,881.6","5,881.6","5,933.7","5,855.6","21.36M","0.22%"
"12/03/2019","5,868.6","5,712.5","5,881.6","5,647.4","24.10M","3.44%"
"11/03/2019","5,673.4","5,712.5","5,712.5","5,660.4","5.42M","-0.23%"
"08/03/2019","5,686.5","5,725.5","5,751.5","5,673.4","11.62M","-1.58%"
"07/03/2019","5,777.5","5,764.5","5,803.6","5,751.5","11.22M","0.23%"
"06/03/2019","5,764.5","5,764.5","5,803.6","5,725.5","8.12M","0.00%"
"05/03/2019","5,764.5","5,738.5","5,829.6","5,738.5","16.97M","0.00%"
"04/03/2019","5,764.5","5,673.4","5,764.5","5,660.4","13.01M","1.61%"
"01/03/2019","5,673.4","5,634.4","5,686.5","5,608.4","9.25M","1.40%"
"28/02/2019","5,595.4","5,725.5","5,738.5","5,595.4","20.69M","-2.49%"
"27/02/2019","5,738.5","5,738.5","5,777.5","5,725.5","41.72M","0.00%"
"26/02/2019","5,738.5","5,842.6","5,842.6","5,738.5","24.07M","-1.78%"
"25/02/2019","5,842.6","5,881.6","5,933.7","5,842.6","17.60M","-0.22%"
"22/02/2019","5,855.6","5,751.5","5,959.7","5,725.5","26.41M","1.81%"
"21/02/2019","5,751.5","5,725.5","5,751.5","5,712.5","28.36M","0.23%"
"20/02/2019","5,738.5","5,673.4","5,738.5","5,673.4","34.36M","0.46%"
"19/02/2019","5,712.5","5,751.5","5,751.5","5,699.5","48.38M","-0.68%"
"18/02/2019","5,751.5","5,751.5","5,777.5","5,738.5","23.63M","0.23%"
"15/02/2019","5,738.5","5,751.5","5,764.5","5,725.5","17.00M","-0.23%"
"14/02/2019","5,751.5","5,725.5","5,751.5","5,712.5","17.91M","0.45%"
"13/02/2019","5,725.5","5,725.5","5,751.5","5,712.5","27.63M","0.00%"
"12/02/2019","5,725.5","5,764.5","5,764.5","5,647.4","28.94M","-0.23%"
"11/02/2019","5,738.5","5,712.5","5,751.5","5,699.5","15.03M","0.92%"
"01/02/2019","5,686.5","5,673.4","5,712.5","5,647.4","13.99M","-0.23%"
"31/01/2019","5,699.5","5,725.5","5,764.5","5,686.5","26.02M","0.46%"
"30/01/2019","5,673.4","5,543.3","5,686.5","5,517.3","23.81M","2.35%"
"29/01/2019","5,543.3","5,465.2","5,556.3","5,413.2","14.06M","1.19%"
"28/01/2019","5,478.3","5,491.3","5,517.3","5,452.2","10.19M","-0.47%"
"25/01/2019","5,504.3","5,517.3","5,543.3","5,478.3","11.74M","-0.24%"
"24/01/2019","5,517.3","5,400.2","5,517.3","5,387.2","17.41M","2.42%"
"23/01/2019","5,387.2","5,348.1","5,413.2","5,335.1","8.72M","0.49%"
"22/01/2019","5,361.1","5,465.2","5,478.3","5,361.1","20.21M","-1.90%"
"21/01/2019","5,465.2","5,335.1","5,491.3","5,283.1","35.35M","6.33%"
"18/01/2019","5,139.9","5,166.0","5,179.0","5,100.9","10.78M","0.00%"
"17/01/2019","5,139.9","5,061.9","5,205.0","5,061.9","23.66M","1.54%"
"16/01/2019","5,061.9","5,100.9","5,139.9","5,035.8","8.88M","-0.26%"
"15/01/2019","5,074.9","4,944.7","5,113.9","4,944.7","20.94M","2.63%"
"14/01/2019","4,944.7","4,983.8","5,022.8","4,918.7","16.85M","-1.30%"
"11/01/2019","5,009.8","5,035.8","5,061.9","4,983.8","11.79M","-0.52%"
"10/01/2019","5,035.8","5,035.8","5,074.9","5,009.8","10.23M","0.00%"
"09/01/2019","5,035.8","4,944.7","5,061.9","4,931.7","20.96M","2.65%"
"08/01/2019","4,905.7","4,944.7","4,970.8","4,879.7","11.24M","-0.53%"
"07/01/2019","4,931.7","4,944.7","5,009.8","4,918.7","14.67M","1.88%"
"04/01/2019","4,840.6","4,788.6","4,918.7","4,697.5","21.47M","0.54%"
"03/01/2019","4,814.6","5,048.8","5,048.8","4,814.6","30.35M","-4.39%"
"02/01/2019","5,035.8","5,074.9","5,126.9","5,035.8","12.92M","-0.51%"
"28/12/2018","5,061.9","5,179.0","5,179.0","5,061.9","19.14M","-1.27%"
"27/12/2018","5,126.9","5,205.0","5,231.0","5,087.9","18.77M","0.51%"
"26/12/2018","5,100.9","5,139.9","5,179.0","5,100.9","9.57M","-0.51%"
"25/12/2018","5,126.9","5,166.0","5,231.0","5,035.8","36.37M","-3.67%"
"24/12/2018","5,322.1","5,439.2","5,478.3","5,322.1","15.09M","-2.39%"
"21/12/2018","5,452.2","5,426.2","5,452.2","5,374.2","16.96M","0.00%"
"20/12/2018","5,452.2","5,478.3","5,530.3","5,439.2","13.43M","-0.95%"
"19/12/2018","5,504.3","5,543.3","5,543.3","5,439.2","21.61M","-0.70%"
"18/12/2018","5,543.3","5,439.2","5,543.3","5,426.2","31.38M","0.24%"
"17/12/2018","5,530.3","5,621.4","5,647.4","5,530.3","33.31M","-2.52%"
"14/12/2018","5,673.4","5,751.5","5,764.5","5,647.4","30.06M","-1.80%"
"13/12/2018","5,777.5","5,881.6","5,894.7","5,777.5","23.95M","-1.33%"
"12/12/2018","5,855.6","5,790.6","5,868.6","5,790.6","21.99M","1.12%"
"11/12/2018","5,790.6","5,764.5","5,803.6","5,699.5","31.39M","0.68%"
"10/12/2018","5,751.5","5,803.6","5,842.6","5,712.5","27.93M","-1.78%"
"07/12/2018","5,855.6","5,868.6","5,959.7","5,855.6","40.42M","0.00%"
"06/12/2018","5,855.6","5,777.5","5,881.6","5,738.5","57.79M","1.35%"
"05/12/2018","5,777.5","5,647.4","5,829.6","5,608.4","45.69M","0.91%"
"04/12/2018","5,725.5","5,751.5","5,777.5","5,699.5","27.32M","-0.68%"
"03/12/2018","5,764.5","5,634.4","5,777.5","5,634.4","36.47M","2.78%"
"30/11/2018","5,608.4","5,413.2","5,712.5","5,413.2","69.38M","3.11%"
"29/11/2018","5,439.2","5,426.2","5,491.3","5,413.2","15.19M","0.24%"
"28/11/2018","5,426.2","5,387.2","5,426.2","5,361.1","7.87M","0.97%"
"27/11/2018","5,374.2","5,452.2","5,465.2","5,348.1","14.33M","-0.72%"
"26/11/2018","5,413.2","5,452.2","5,452.2","5,413.2","9.32M","-0.72%"
"23/11/2018","5,452.2","5,517.3","5,517.3","5,452.2","14.55M","-1.18%"
"22/11/2018","5,517.3","5,543.3","5,569.3","5,504.3","14.82M","-0.70%"
"21/11/2018","5,556.3","5,439.2","5,556.3","5,439.2","18.05M","1.18%"
"20/11/2018","5,491.3","5,478.3","5,517.3","5,439.2","13.57M","-0.94%"
"19/11/2018","5,543.3","5,530.3","5,556.3","5,465.2","11.44M","0.24%"
"16/11/2018","5,530.3","5,387.2","5,556.3","5,387.2","18.34M","3.91%"
"15/11/2018","5,322.1","5,270.1","5,439.2","5,270.1","11.69M","0.99%"
"14/11/2018","5,270.1","5,348.1","5,387.2","5,231.0","13.90M","-1.46%"
"13/11/2018","5,348.1","5,335.1","5,387.2","5,309.1","10.02M","-1.20%"
"12/11/2018","5,413.2","5,335.1","5,452.2","5,335.1","5.83M","-0.48%"
"09/11/2018","5,439.2","5,582.4","5,582.4","5,426.2","15.85M","-2.34%"
"08/11/2018","5,569.3","5,673.4","5,673.4","5,569.3","7.61M","-0.47%"
"07/11/2018","5,595.4","5,634.4","5,634.4","5,556.3","9.87M","0.00%"
"06/11/2018","5,595.4","5,725.5","5,725.5","5,595.4","12.69M","-1.60%"
"05/11/2018","5,686.5","5,647.4","5,712.5","5,608.4","10.91M","0.23%"
"02/11/2018","5,673.4","5,647.4","5,764.5","5,608.4","15.21M","1.40%"
"01/11/2018","5,595.4","5,673.4","5,699.5","5,595.4","9.88M","-1.83%"
"31/10/2018","5,699.5","5,647.4","5,699.5","5,595.4","17.86M","2.58%"
"30/10/2018","5,556.3","5,530.3","5,647.4","5,504.3","19.35M","0.47%"
"29/10/2018","5,530.3","5,465.2","5,543.3","5,452.2","13.69M","0.95%"
"26/10/2018","5,478.3","5,517.3","5,582.4","5,439.2","18.54M","0.24%"
"25/10/2018","5,465.2","5,309.1","5,478.3","5,296.1","19.09M","-0.24%"
"24/10/2018","5,478.3","5,569.3","5,621.4","5,478.3","11.39M","-1.64%"
"23/10/2018","5,569.3","5,491.3","5,621.4","5,426.2","26.81M","1.42%"
"22/10/2018","5,491.3","5,608.4","5,647.4","5,491.3","13.92M","0.48%"
"19/10/2018","5,465.2","5,413.2","5,556.3","5,387.2","14.83M","-0.71%"
"18/10/2018","5,504.3","5,634.4","5,634.4","5,504.3","14.82M","-2.31%"
"17/10/2018","5,634.4","5,725.5","5,751.5","5,608.4","25.01M","-0.46%"
"16/10/2018","5,660.4","5,543.3","5,699.5","5,543.3","12.50M","2.11%"
"15/10/2018","5,543.3","5,699.5","5,699.5","5,543.3","15.07M","-2.29%"
"12/10/2018","5,673.4","5,465.2","5,712.5","5,465.2","30.07M","2.59%"
"11/10/2018","5,530.3","5,725.5","5,777.5","5,530.3","38.24M","-6.59%"
"10/10/2018","5,920.7","5,959.7","5,972.7","5,842.6","39.72M","-1.30%"
"09/10/2018","5,998.8","6,180.9","6,193.9","5,998.8","45.56M","-2.95%"
"08/10/2018","6,180.9","6,141.9","6,207.0","6,115.9","18.16M","0.21%"
"05/10/2018","6,167.9","6,246.0","6,311.1","6,167.9","26.31M","-1.25%"
"04/10/2018","6,246.0","6,050.8","6,324.1","6,037.8","76.05M","3.90%"
"03/10/2018","6,011.8","5,972.7","6,011.8","5,959.7","12.12M","0.87%"
"02/10/2018","5,959.7","6,011.8","6,024.8","5,946.7","17.34M","-0.87%"
"01/10/2018","6,011.8","6,011.8","6,089.8","5,972.7","18.50M","0.00%"
"28/09/2018","6,011.8","5,985.7","6,089.8","5,972.7","26.22M","0.43%"
"27/09/2018","5,985.7","6,011.8","6,011.8","5,959.7","15.47M","0.00%"
"26/09/2018","5,985.7","5,946.7","6,050.8","5,933.7","19.73M","0.44%"
"25/09/2018","5,959.7","6,037.8","6,063.8","5,959.7","21.17M","-1.29%"
"24/09/2018","6,037.8","6,011.8","6,089.8","6,011.8","24.20M","1.09%"
"21/09/2018","5,972.7","5,907.7","5,998.8","5,868.6","31.74M","1.55%"
"20/09/2018","5,881.6","5,829.6","5,907.7","5,816.6","14.31M","0.89%"
"19/09/2018","5,829.6","5,751.5","5,868.6","5,751.5","20.06M","1.36%"
"18/09/2018","5,751.5","5,673.4","5,764.5","5,647.4","20.12M","0.00%"
"17/09/2018","5,751.5","5,855.6","5,881.6","5,725.5","30.00M","-2.21%"
"14/09/2018","5,881.6","5,933.7","5,959.7","5,829.6","37.47M","-0.88%"
"13/09/2018","5,933.7","5,959.7","6,011.8","5,920.7","12.24M","0.22%"
"12/09/2018","5,920.7","6,011.8","6,037.8","5,920.7","11.76M","-1.09%"
"11/09/2018","5,985.7","5,894.7","5,985.7","5,881.6","13.23M","1.55%"
"10/09/2018","5,894.7","5,946.7","5,959.7","5,868.6","9.70M","-0.88%"
"07/09/2018","5,946.7","5,842.6","5,946.7","5,829.6","13.13M","1.78%"
"06/09/2018","5,842.6","5,920.7","5,972.7","5,816.6","15.29M","-1.32%"
"05/09/2018","5,920.7","5,985.7","6,037.8","5,881.6","25.15M","-1.52%"
"04/09/2018","6,011.8","6,141.9","6,180.9","6,011.8","24.33M","-2.53%"
"31/08/2018","6,167.9","6,298.0","6,350.1","6,167.9","23.15M","-1.66%"
"30/08/2018","6,272.0","6,167.9","6,285.0","6,154.9","23.11M","1.47%"
"29/08/2018","6,180.9","6,220.0","6,233.0","6,154.9","14.46M","-0.63%"
"28/08/2018","6,220.0","6,259.0","6,311.1","6,193.9","21.84M","0.00%"
"27/08/2018","6,220.0","6,167.9","6,285.0","6,128.9","40.16M","1.70%"
"24/08/2018","6,115.9","6,115.9","6,180.9","5,985.7","23.29M","0.21%"
"23/08/2018","6,102.9","6,089.8","6,128.9","6,063.8","13.18M","0.21%"
"22/08/2018","6,089.8","6,167.9","6,167.9","6,063.8","19.22M","-0.21%"
"21/08/2018","6,102.9","5,946.7","6,102.9","5,946.7","18.18M","2.40%"
"20/08/2018","5,959.7","6,089.8","6,128.9","5,959.7","18.35M","-2.14%"
"17/08/2018","6,089.8","6,220.0","6,233.0","6,089.8","17.36M","-1.27%"
"16/08/2018","6,167.9","5,985.7","6,167.9","5,933.7","26.77M","1.72%"
"15/08/2018","6,063.8","6,220.0","6,298.0","6,063.8","38.42M","-2.31%"
"14/08/2018","6,207.0","6,337.1","6,376.1","6,207.0","22.41M","-2.05%"
"13/08/2018","6,337.1","6,024.8","6,337.1","5,998.8","45.95M","4.73%"
"10/08/2018","6,050.8","6,011.8","6,050.8","5,959.7","15.96M","0.43%"
"09/08/2018","6,024.8","6,154.9","6,193.9","6,024.8","23.66M","-0.64%"
"08/08/2018","6,063.8","5,985.7","6,115.9","5,946.7","18.74M","2.19%"
"07/08/2018","5,933.7","5,933.7","6,050.8","5,881.6","14.51M","-0.22%"
"06/08/2018","5,946.7","5,959.7","6,063.8","5,920.7","12.26M","-1.08%"
"03/08/2018","6,011.8","6,037.8","6,102.9","5,972.7","15.82M","0.65%"
"02/08/2018","5,972.7","5,998.8","5,998.8","5,829.6","18.10M","-0.65%"
"01/08/2018","6,011.8","6,063.8","6,141.9","5,959.7","17.07M","-1.49%"
"31/07/2018","6,102.9","6,037.8","6,220.0","5,985.7","22.06M","-0.21%"
"30/07/2018","6,115.9","6,063.8","6,115.9","6,024.8","14.60M","2.17%"
"27/07/2018","5,985.7","5,894.7","6,050.8","5,842.6","25.59M","2.22%"
"26/07/2018","5,855.6","5,725.5","5,855.6","5,634.4","15.50M","2.27%"
"25/07/2018","5,725.5","5,933.7","5,972.7","5,725.5","19.51M","-2.65%"
"24/07/2018","5,881.6","5,920.7","5,998.8","5,777.5","16.73M","-1.09%"
"23/07/2018","5,946.7","6,050.8","6,180.9","5,946.7","21.11M","-1.93%"
"20/07/2018","6,063.8","5,829.6","6,115.9","5,725.5","31.27M","3.10%"
"19/07/2018","5,881.6","5,985.7","6,011.8","5,855.6","25.20M","-2.16%"
"18/07/2018","6,011.8","5,842.6","6,037.8","5,829.6","21.41M","3.36%"
"17/07/2018","5,816.6","5,478.3","5,855.6","5,465.2","21.46M","4.44%"
"16/07/2018","5,569.3","5,556.3","5,634.4","5,478.3","23.80M","2.88%"
"13/07/2018","5,413.2","5,387.2","5,491.3","5,335.1","20.84M","2.97%"
"12/07/2018","5,257.0","5,074.9","5,361.1","5,035.8","12.45M","4.12%"
"11/07/2018","5,048.8","5,152.9","5,231.0","5,009.8","19.11M","-5.83%"
"10/07/2018","5,361.1","5,400.2","5,452.2","5,309.1","11.45M","0.98%"
"09/07/2018","5,309.1","5,413.2","5,504.3","5,244.0","14.93M","0.74%"
"06/07/2018","5,270.1","4,996.8","5,270.1","4,931.7","19.13M","6.86%"
"05/07/2018","4,931.6","5,226.9","5,270.6","4,931.6","19.20M","-5.65%"
"04/07/2018","5,226.9","5,248.7","5,259.7","5,106.6","13.91M","1.92%"
"03/07/2018","5,128.5","5,445.6","5,500.2","5,117.5","27.80M","-5.63%"
"02/07/2018","5,434.6","5,598.7","5,718.9","5,401.8","25.23M","-5.15%"
"29/06/2018","5,729.9","5,795.5","5,883.0","5,708.0","14.92M","-1.13%"
"28/06/2018","5,795.5","5,883.0","5,970.4","5,751.7","23.24M","-2.93%"
"27/06/2018","5,970.4","6,123.5","6,145.4","5,970.4","9.57M","-2.15%"
"26/06/2018","6,101.7","6,068.9","6,145.4","6,014.2","10.62M","-1.06%"
"25/06/2018","6,167.3","6,167.3","6,254.7","6,134.5","16.54M","1.08%"
"22/06/2018","6,101.7","5,883.0","6,101.7","5,817.3","13.76M","2.95%"
"21/06/2018","5,926.7","6,101.7","6,101.7","5,904.8","10.68M","-2.87%"
"20/06/2018","6,101.7","6,079.8","6,178.2","5,981.4","20.34M","1.45%"
"19/06/2018","6,014.2","6,014.2","6,047.0","5,708.0","34.60M","-1.79%"
"18/06/2018","6,123.5","6,440.6","6,484.4","6,101.7","24.08M","-4.76%"
"15/06/2018","6,429.7","6,189.1","6,451.6","6,189.1","15.96M","2.80%"
"14/06/2018","6,254.7","6,451.6","6,473.4","6,254.7","12.98M","-3.05%"
"13/06/2018","6,451.6","6,429.7","6,495.3","6,298.5","17.35M","0.17%"
"12/06/2018","6,440.6","6,560.9","6,582.8","6,265.7","46.50M","-2.81%"
"11/06/2018","6,626.5","6,648.4","6,812.4","6,615.6","24.01M","-1.46%"
"08/06/2018","6,724.9","6,648.4","6,779.6","6,560.9","20.40M","-0.49%"
"07/06/2018","6,757.7","6,735.9","6,867.1","6,692.1","39.55M","1.15%"
"06/06/2018","6,681.2","6,582.8","6,724.9","6,539.1","31.00M","0.33%"
"05/06/2018","6,659.3","6,648.4","6,735.9","6,517.2","22.91M","0.00%"
"04/06/2018","6,659.3","6,364.1","6,659.3","6,342.2","28.49M","4.10%"
"01/06/2018","6,396.9","6,320.4","6,495.3","6,276.6","27.70M","0.52%"
"31/05/2018","6,364.1","5,992.3","6,375.0","5,992.3","20.40M","5.63%"
"30/05/2018","6,025.1","6,123.5","6,200.1","5,992.3","16.40M","-1.96%"
"29/05/2018","6,145.4","5,861.1","6,145.4","5,751.7","26.68M","6.84%"
"28/05/2018","5,751.7","6,036.0","6,167.3","5,740.8","37.09M","-6.74%"
"25/05/2018","6,167.3","6,396.9","6,462.5","6,167.3","15.45M","-3.59%"
"24/05/2018","6,396.9","6,407.8","6,495.3","6,298.5","14.67M","-0.17%"
"23/05/2018","6,407.8","6,232.9","6,451.6","6,200.1","14.23M","1.74%"
"22/05/2018","6,298.5","6,386.0","6,462.5","6,123.5","23.11M","-2.70%"
"21/05/2018","6,473.4","6,692.1","6,692.1","6,473.4","11.43M","-2.31%"
"18/05/2018","6,626.5","6,560.9","6,626.5","6,276.6","16.21M","1.34%"
"17/05/2018","6,539.1","6,626.5","6,670.3","6,517.2","15.17M","-1.32%"
"16/05/2018","6,626.5","6,724.9","6,779.6","6,593.7","10.42M","-2.26%"
"15/05/2018","6,779.6","6,746.8","6,899.9","6,714.0","18.44M","0.00%"
"14/05/2018","6,779.6","6,757.7","6,779.6","6,593.7","12.13M","1.47%"
"11/05/2018","6,681.2","6,407.8","6,681.2","6,331.3","14.19M","3.38%"
"10/05/2018","6,462.5","6,779.6","6,834.3","6,440.6","23.49M","-5.29%"
"09/05/2018","6,823.4","6,867.1","6,976.4","6,768.7","15.59M","-0.95%"
"08/05/2018","6,889.0","6,998.3","7,063.9","6,867.1","22.18M","-2.17%"
"07/05/2018","7,042.1","6,779.6","7,074.9","6,714.0","21.79M","4.89%"
"04/05/2018","6,714.0","6,670.3","6,757.7","6,582.8","17.67M","1.49%"
"03/05/2018","6,615.6","6,298.5","6,615.6","6,145.4","27.84M","3.24%"
"02/05/2018","6,407.8","6,560.9","6,615.6","6,123.5","20.73M","-2.01%"
"27/04/2018","6,539.1","6,232.9","6,560.9","6,232.9","21.15M","4.91%"
"26/04/2018","6,232.9","6,724.9","6,735.9","6,232.9","30.90M","-6.71%"
"24/04/2018","6,681.2","6,637.5","6,801.5","6,473.4","26.42M","-0.16%"
"23/04/2018","6,692.1","7,206.1","7,217.0","6,692.1","34.93M","-6.85%"
"20/04/2018","7,184.2","7,107.7","7,217.0","6,932.7","23.55M","2.98%"
"19/04/2018","6,976.4","7,348.2","7,359.2","6,932.7","37.18M","-5.20%"
"18/04/2018","7,359.2","7,577.9","7,588.8","7,359.2","12.92M","-2.46%"
"17/04/2018","7,545.1","7,413.8","7,545.1","7,337.3","18.42M","2.68%"
"16/04/2018","7,348.2","7,282.6","7,446.6","7,238.9","29.36M","1.51%"
"13/04/2018","7,238.9","7,676.3","7,720.0","7,238.9","30.03M","-4.89%"
"12/04/2018","7,610.7","7,632.5","7,720.0","7,545.1","33.39M","-1.14%"
"11/04/2018","7,698.1","8,015.3","8,015.3","7,698.1","41.87M","-3.69%"
"10/04/2018","7,993.4","8,069.9","8,179.3","7,851.2","36.14M","-0.68%"
"09/04/2018","8,048.1","8,015.3","8,091.8","7,873.1","33.39M","0.55%"
"06/04/2018","8,004.3","8,069.9","8,102.7","7,993.4","18.90M","-0.27%"
"05/04/2018","8,026.2","8,069.9","8,069.9","7,971.5","17.40M","0.55%"
"04/04/2018","7,982.5","8,091.8","8,190.2","7,982.5","30.12M","-0.54%"
"03/04/2018","8,026.2","7,916.8","8,026.2","7,829.4","41.39M","2.51%"
"02/04/2018","7,829.4","7,588.8","7,862.2","7,588.8","20.55M","3.17%"
"30/03/2018","7,588.8","7,720.0","7,741.9","7,512.3","19.86M","-1.42%"
"29/03/2018","7,698.1","7,807.5","7,807.5","7,545.1","14.47M","-0.56%"
"28/03/2018","7,741.9","7,785.6","7,840.3","7,698.1","17.06M","-1.12%"
"27/03/2018","7,829.4","7,960.6","7,960.6","7,807.5","20.65M","0.00%"
"26/03/2018","7,829.4","7,676.3","7,829.4","7,676.3","19.73M","0.85%"
"23/03/2018","7,763.8","7,654.4","7,763.8","7,534.1","41.84M","-1.39%"
"22/03/2018","7,873.1","8,048.1","8,069.9","7,840.3","29.66M","-2.17%"
"21/03/2018","8,048.1","8,004.3","8,102.7","7,982.5","27.54M","1.10%"
"20/03/2018","7,960.6","7,763.8","8,037.1","7,763.8","36.39M","1.39%"
"19/03/2018","7,851.2","7,873.1","8,015.3","7,807.5","41.64M","-0.28%"
"16/03/2018","7,873.1","7,873.1","7,971.5","7,720.0","25.12M","0.14%"
"15/03/2018","7,862.2","7,610.7","7,960.6","7,566.9","31.00M","3.30%"
"14/03/2018","7,610.7","7,676.3","7,741.9","7,588.8","34.34M","0.29%"
"13/03/2018","7,588.8","7,392.0","7,588.8","7,348.2","25.78M","2.66%"
"12/03/2018","7,392.0","7,435.7","7,501.3","7,381.0","27.76M","0.90%"
"09/03/2018","7,326.4","7,359.2","7,392.0","7,260.8","16.94M","1.36%"
"08/03/2018","7,227.9","7,260.8","7,326.4","7,206.1","16.36M","0.15%"
"07/03/2018","7,217.0","7,457.6","7,512.3","7,107.7","34.35M","-2.94%"
"06/03/2018","7,435.7","7,217.0","7,523.2","7,118.6","29.12M","4.62%"
"05/03/2018","7,107.7","7,545.1","7,643.5","7,107.7","24.82M","-4.97%"
"02/03/2018","7,479.4","7,282.6","7,479.4","7,260.8","19.73M","0.88%"
"01/03/2018","7,413.8","7,435.7","7,632.5","7,293.6","33.35M","-1.45%"
"28/02/2018","7,523.2","7,074.9","7,523.2","7,063.9","50.48M","4.88%"
"27/02/2018","7,173.3","7,151.4","7,195.1","7,031.1","20.51M","0.77%"
"26/02/2018","7,118.6","7,304.5","7,337.3","7,107.7","36.01M","-1.36%"
"23/02/2018","7,217.0","6,910.8","7,217.0","6,878.0","36.66M","4.60%"
"22/02/2018","6,899.9","6,779.6","7,042.1","6,779.6","25.31M","-0.47%"
"21/02/2018","6,932.7","6,932.7","7,085.8","6,867.1","19.05M","0.63%"
"13/02/2018","6,889.0","6,823.4","6,976.4","6,823.4","21.12M","1.94%"
"12/02/2018","6,757.7","6,560.9","6,757.7","6,451.6","18.11M","6.92%"
"09/02/2018","6,320.4","5,970.4","6,342.2","5,948.6","18.07M","2.12%"
"08/02/2018","6,189.1","6,342.2","6,375.0","6,189.1","8.29M","-3.08%"
"07/02/2018","6,386.0","6,429.7","6,451.6","6,298.5","20.69M","5.04%"
"06/02/2018","6,079.8","5,904.8","6,342.2","5,904.8","44.65M","-4.14%"
"05/02/2018","6,342.2","6,626.5","6,670.3","6,320.4","27.88M","-6.45%"
"02/02/2018","6,779.6","6,714.0","6,910.8","6,692.1","22.80M","0.98%"
"01/02/2018","6,714.0","6,976.4","6,976.4","6,692.1","24.28M","-3.76%"
"31/01/2018","6,976.4","6,998.3","7,151.4","6,965.5","35.81M","-2.74%"
"30/01/2018","7,173.3","7,020.2","7,249.8","6,954.6","30.44M","-0.91%"
"29/01/2018","7,238.9","6,976.4","7,337.3","6,976.4","34.53M","5.08%"
"26/01/2018","6,889.0","6,560.9","6,932.7","6,495.3","36.77M","6.06%"
"25/01/2018","6,495.3","6,232.9","6,550.0","6,200.1","73.54M","6.07%"
"22/01/2018","6,123.5","6,145.4","6,156.3","6,090.7","21.66M","0.72%"
"19/01/2018","6,079.8","6,189.1","6,189.1","6,068.9","27.13M","-0.71%"
"18/01/2018","6,123.5","5,948.6","6,123.5","5,883.0","23.10M","2.19%"
"17/01/2018","5,992.3","6,134.5","6,243.8","5,992.3","39.44M","-4.03%"
"16/01/2018","6,243.8","6,101.7","6,243.8","6,079.8","25.63M","0.88%"
"15/01/2018","6,189.1","6,079.8","6,221.9","6,003.2","26.76M","2.91%"
"12/01/2018","6,014.2","6,211.0","6,298.5","5,992.3","46.28M","-2.31%"
"11/01/2018","6,156.3","6,068.9","6,211.0","6,014.2","41.26M","1.44%"
"10/01/2018","6,068.9","6,014.2","6,145.4","5,970.4","27.86M","0.18%"
"09/01/2018","6,057.9","6,036.0","6,123.5","5,817.3","37.50M","0.91%"
"08/01/2018","6,003.2","5,708.0","6,003.2","5,697.1","38.74M","4.97%"
"05/01/2018","5,718.9","5,773.6","5,784.5","5,675.2","41.29M","-0.76%"
"04/01/2018","5,762.7","5,784.5","5,806.4","5,718.9","27.39M","0.19%"
"03/01/2018","5,751.7","5,817.3","5,872.0","5,729.9","31.95M","-0.94%"
"02/01/2018","5,806.4","5,576.8","5,806.4","5,544.0","33.17M","4.53%"
"29/12/2017","5,554.9","5,631.5","5,653.3","5,554.9","19.86M","-0.97%"
"28/12/2017","5,609.6","5,511.2","5,609.6","5,478.4","44.30M","2.19%"
"27/12/2017","5,489.3","5,467.4","5,554.9","5,445.6","29.61M","0.40%"
"26/12/2017","5,467.4","5,401.8","5,489.3","5,390.9","21.53M","0.00%"
"25/12/2017","5,467.4","5,533.0","5,598.7","5,445.6","17.67M","-0.99%"
"22/12/2017","5,522.1","5,456.5","5,533.0","5,412.8","18.76M","1.20%"
"21/12/2017","5,456.5","5,467.4","5,544.0","5,434.6","23.91M","0.20%"
"20/12/2017","5,445.6","5,380.0","5,478.4","5,336.2","22.39M","1.43%"
"19/12/2017","5,369.0","5,390.9","5,412.8","5,325.3","15.16M","-0.61%"
"18/12/2017","5,401.8","5,314.3","5,401.8","5,303.4","19.34M","1.86%"
"15/12/2017","5,303.4","5,259.7","5,303.4","5,226.9","10.78M","1.04%"
"14/12/2017","5,248.7","5,117.5","5,292.5","5,095.6","12.39M","3.23%"
"13/12/2017","5,084.7","5,281.5","5,292.5","5,084.7","10.29M","-3.12%"
"12/12/2017","5,248.7","5,270.6","5,347.2","4,887.9","33.05M","0.00%"
"11/12/2017","5,248.7","5,390.9","5,412.8","5,248.7","15.76M","-3.61%"
"08/12/2017","5,445.6","5,423.7","5,478.4","5,369.0","10.74M","0.81%"
"07/12/2017","5,401.8","5,467.4","5,511.2","5,380.0","10.38M","-0.80%"
"06/12/2017","5,445.6","5,467.4","5,467.4","5,325.3","25.31M","0.00%"
"05/12/2017","5,445.6","5,653.3","5,675.2","5,445.6","33.03M","-3.68%"
"04/12/2017","5,653.3","5,642.4","5,675.2","5,609.6","21.00M","1.37%"
"01/12/2017","5,576.8","5,598.7","5,620.5","5,554.9","18.95M","-0.39%"
"30/11/2017","5,598.7","5,489.3","5,620.5","5,489.3","32.79M","2.40%"
"29/11/2017","5,467.4","5,336.2","5,467.4","5,303.4","23.27M","3.09%"
"28/11/2017","5,303.4","5,325.3","5,369.0","5,270.6","26.26M","-0.61%"
"27/11/2017","5,336.2","5,423.7","5,467.4","5,336.2","24.71M","-1.41%"
"24/11/2017","5,412.8","5,401.8","5,478.4","5,336.2","17.89M","0.20%"
"23/11/2017","5,401.8","5,423.7","5,511.2","5,292.5","48.18M","2.07%"
"22/11/2017","5,292.5","5,259.7","5,336.2","5,226.9","47.71M","0.83%"
"21/11/2017","5,248.7","5,226.9","5,401.8","5,183.1","39.78M","1.05%"
"20/11/2017","5,194.1","5,172.2","5,248.7","5,139.4","17.03M","0.64%"
"17/11/2017","5,161.3","5,139.4","5,194.1","5,095.6","23.09M","1.29%"
"16/11/2017","5,095.6","5,008.2","5,106.6","4,997.2","22.12M","1.75%"
"15/11/2017","5,008.2","5,051.9","5,073.8","4,997.2","15.51M","-0.87%"
"14/11/2017","5,051.9","5,062.8","5,117.5","4,964.4","18.36M","0.22%"
"13/11/2017","5,041.0","5,150.3","5,161.3","5,041.0","26.81M","-2.12%"
"10/11/2017","5,150.3","5,128.5","5,248.7","5,084.7","27.41M","0.21%"
"09/11/2017","5,139.4","5,226.9","5,226.9","5,128.5","21.96M","-1.26%"
"08/11/2017","5,205.0","5,106.6","5,226.9","5,095.6","35.07M","2.37%"
"07/11/2017","5,084.7","5,008.2","5,117.5","4,986.3","28.57M","1.53%"
"06/11/2017","5,008.2","4,964.4","5,008.2","4,942.6","11.44M","1.10%"
"03/11/2017","4,953.5","4,920.7","4,953.5","4,887.9","7.19M","0.89%"
"02/11/2017","4,909.8","4,986.3","5,019.1","4,855.1","16.55M","-0.88%"
"01/11/2017","4,953.5","4,953.5","4,997.2","4,942.6","10.41M","0.22%"
"31/10/2017","4,942.6","4,942.6","5,019.1","4,909.8","13.98M","0.00%"
"30/10/2017","4,942.6","5,051.9","5,073.8","4,942.6","15.64M","-1.74%"
"27/10/2017","5,030.0","4,920.7","5,030.0","4,920.7","13.08M","2.22%"
"26/10/2017","4,920.7","4,953.5","4,975.4","4,877.0","12.76M","-0.88%"
"25/10/2017","4,964.4","4,920.7","4,975.4","4,909.8","14.60M","1.57%"
"24/10/2017","4,887.9","4,833.2","4,887.9","4,833.2","8.66M","0.68%"
"23/10/2017","4,855.1","4,898.8","4,920.7","4,811.3","12.67M","-1.33%"
"20/10/2017","4,920.7","4,942.6","4,997.2","4,909.8","15.88M","-0.44%"
"19/10/2017","4,942.6","5,051.9","5,062.8","4,942.6","26.59M","-2.16%"
"18/10/2017","5,051.9","5,150.3","5,161.3","5,051.9","19.38M","-1.49%"
"17/10/2017","5,128.5","5,051.9","5,128.5","5,051.9","21.25M","1.52%"
"16/10/2017","5,051.9","5,161.3","5,172.2","5,051.9","16.59M","-1.07%"
"13/10/2017","5,106.6","5,051.9","5,106.6","5,051.9","14.21M","1.08%"
"12/10/2017","5,051.9","5,117.5","5,139.4","5,051.9","17.39M","-0.86%"
"11/10/2017","5,095.6","5,106.6","5,172.2","5,062.8","16.80M","-0.21%"
"10/10/2017","5,106.6","5,051.9","5,172.2","5,051.9","22.30M","0.65%"
"09/10/2017","5,073.8","5,128.5","5,161.3","5,051.9","23.68M","0.43%"
"06/10/2017","5,051.9","4,833.2","5,073.8","4,833.2","30.49M","4.52%"
"05/10/2017","4,833.2","4,931.6","4,975.4","4,833.2","17.79M","-1.34%"
"04/10/2017","4,898.8","4,723.9","4,898.8","4,712.9","14.71M","3.94%"
"03/10/2017","4,712.9","4,745.7","4,745.7","4,636.4","6.84M","-0.23%"
"02/10/2017","4,723.9","4,756.7","4,844.1","4,702.0","8.36M","-0.69%"
"29/09/2017","4,756.7","4,767.6","4,844.1","4,745.7","10.96M","1.27%"
"28/09/2017","4,696.8","4,738.4","4,748.9","4,676.0","28.84M","-0.66%"
"27/09/2017","4,728.0","4,748.9","4,748.9","4,717.6","8.13M","-0.22%"
"26/09/2017","4,738.4","4,780.1","4,780.1","4,717.6","13.12M","-0.66%"
"25/09/2017","4,769.7","4,780.1","4,811.3","4,759.3","10.60M","-0.22%"
"22/09/2017","4,780.1","4,832.2","4,873.8","4,780.1","16.74M","-0.86%"
"21/09/2017","4,821.8","4,780.1","4,842.6","4,769.7","9.59M","0.87%"
"20/09/2017","4,780.1","4,769.7","4,790.5","4,759.3","6.69M","0.22%"
"19/09/2017","4,769.7","4,790.5","4,853.0","4,769.7","11.37M","-0.43%"
"18/09/2017","4,790.5","4,790.5","4,853.0","4,769.7","11.68M","0.44%"
"15/09/2017","4,769.7","4,811.3","4,811.3","4,759.3","8.32M","-0.87%"
"14/09/2017","4,811.3","4,821.8","4,873.8","4,811.3","9.15M","0.43%"
"13/09/2017","4,790.5","4,811.3","4,853.0","4,790.5","6.62M","0.00%"
"12/09/2017","4,790.5","4,665.5","4,811.3","4,665.5","28.37M","2.45%"
"11/09/2017","4,676.0","4,707.2","4,769.7","4,676.0","17.12M","-1.32%"
"08/09/2017","4,738.4","4,832.2","4,853.0","4,738.4","19.07M","-1.94%"
"07/09/2017","4,832.2","4,853.0","4,915.5","4,832.2","12.91M","-0.64%"
"06/09/2017","4,863.4","4,853.0","4,863.4","4,800.9","10.66M","0.00%"
"05/09/2017","4,863.4","4,873.8","4,925.9","4,842.6","12.53M","-0.43%"
"01/09/2017","4,884.2","4,978.0","4,978.0","4,842.6","16.13M","-1.26%"
"31/08/2017","4,946.7","4,853.0","4,998.8","4,832.2","30.00M","2.37%"
"30/08/2017","4,832.2","4,821.8","4,873.8","4,780.1","10.53M","1.09%"
"29/08/2017","4,780.1","4,790.5","4,873.8","4,769.7","18.63M","-0.43%"
"28/08/2017","4,800.9","4,738.4","4,853.0","4,738.4","9.62M","0.44%"
"25/08/2017","4,780.1","4,759.3","4,832.2","4,738.4","13.85M","0.66%"
"24/08/2017","4,748.9","4,571.8","4,748.9","4,571.8","18.28M","3.64%"
"23/08/2017","4,582.2","4,582.2","4,613.5","4,540.6","3.93M","0.00%"
"22/08/2017","4,582.2","4,623.9","4,644.7","4,519.7","8.00M","-0.90%"
"21/08/2017","4,623.9","4,665.5","4,676.0","4,603.1","5.11M","-0.89%"
"18/08/2017","4,665.5","4,561.4","4,665.5","4,519.7","8.88M","1.59%"
"17/08/2017","4,592.6","4,738.4","4,738.4","4,592.6","16.44M","-3.08%"
"16/08/2017","4,738.4","4,769.7","4,769.7","4,676.0","7.88M","-0.66%"
"15/08/2017","4,769.7","4,853.0","4,853.0","4,769.7","6.46M","-1.29%"
"14/08/2017","4,832.2","4,665.5","4,842.6","4,655.1","14.99M","3.57%"
"11/08/2017","4,665.5","4,665.5","4,717.6","4,634.3","13.83M","-0.44%"
"10/08/2017","4,686.4","4,644.7","4,717.6","4,603.1","14.79M","0.22%"
"09/08/2017","4,676.0","4,853.0","4,853.0","4,582.2","32.82M","-3.65%"
"08/08/2017","4,853.0","4,936.3","4,936.3","4,811.3","15.39M","-1.69%"
"07/08/2017","4,936.3","4,853.0","4,946.7","4,832.2","16.65M","1.72%"
"04/08/2017","4,853.0","4,957.1","4,957.1","4,832.2","6.65M","-0.85%"
"03/08/2017","4,894.7","4,853.0","4,936.3","4,748.9","33.60M","0.00%"
"02/08/2017","4,894.7","4,853.0","4,998.8","4,790.5","19.24M","-0.84%"
"01/08/2017","4,936.3","4,915.5","4,936.3","4,853.0","12.06M","-0.42%"
"31/07/2017","4,957.1","4,894.7","5,019.6","4,863.4","22.07M","1.28%"
"28/07/2017","4,894.7","4,623.9","4,894.7","4,623.9","29.31M","5.86%"
"27/07/2017","4,623.9","4,603.1","4,676.0","4,582.2","9.68M","0.45%"
"26/07/2017","4,603.1","4,623.9","4,717.6","4,561.4","16.89M","0.00%"
"25/07/2017","4,603.1","4,290.6","4,603.1","4,290.6","15.80M","6.76%"
"24/07/2017","4,311.5","4,249.0","4,311.5","4,207.3","6.45M","1.97%"
"21/07/2017","4,228.1","4,332.3","4,353.1","4,228.1","4.76M","-2.40%"
"20/07/2017","4,332.3","4,269.8","4,332.3","4,207.3","3.77M","1.46%"
"19/07/2017","4,269.8","4,363.5","4,363.5","4,269.8","2.83M","-0.97%"
"18/07/2017","4,311.5","4,280.2","4,342.7","4,165.7","6.14M","0.49%"
"17/07/2017","4,290.6","4,384.4","4,457.3","4,280.2","11.50M","-3.06%"
"14/07/2017","4,426.0","4,446.8","4,478.1","4,405.2","3.54M","-0.47%"
"13/07/2017","4,446.8","4,436.4","4,457.3","4,394.8","3.62M","0.23%"
"12/07/2017","4,436.4","4,457.3","4,478.1","4,436.4","6.56M","0.47%"
"11/07/2017","4,415.6","4,321.9","4,415.6","4,269.8","14.18M","2.17%"
"10/07/2017","4,321.9","4,436.4","4,457.3","4,290.6","14.68M","-3.04%"
"07/07/2017","4,457.3","4,530.2","4,561.4","4,446.8","14.06M","-1.83%"
"06/07/2017","4,540.6","4,571.8","4,571.8","4,519.7","7.77M","0.23%"
"05/07/2017","4,530.2","4,561.4","4,582.2","4,478.1","14.90M","-1.14%"
"04/07/2017","4,582.2","4,634.3","4,634.3","4,540.6","12.42M","-1.12%"
"03/07/2017","4,634.3","4,686.4","4,696.8","4,623.9","6.60M","-0.22%"
"30/06/2017","4,644.7","4,644.7","4,738.4","4,644.7","9.79M","0.00%"
"29/06/2017","4,644.7","4,582.2","4,665.5","4,551.0","9.75M","2.29%"
"28/06/2017","4,540.6","4,488.5","4,540.6","4,478.1","4.74M","0.46%"
"27/06/2017","4,519.7","4,519.7","4,551.0","4,478.1","5.37M","0.00%"
"26/06/2017","4,519.7","4,446.8","4,561.4","4,426.0","8.68M","0.93%"
"23/06/2017","4,478.1","4,478.1","4,498.9","4,415.6","9.58M","-0.92%"
"22/06/2017","4,519.7","4,498.9","4,644.7","4,498.9","10.65M","-0.91%"
"21/06/2017","4,561.4","4,457.3","4,561.4","4,321.9","21.75M","2.34%"
"20/06/2017","4,457.3","4,353.1","4,478.1","4,353.1","15.99M","3.13%"
"19/06/2017","4,321.9","4,207.3","4,342.7","4,196.9","12.45M","2.72%"
"16/06/2017","4,207.3","4,176.1","4,228.1","4,165.7","8.17M","0.50%"
"15/06/2017","4,186.5","4,238.6","4,259.4","4,165.7","7.32M","-1.23%"
"14/06/2017","4,238.6","4,165.7","4,259.4","4,155.3","13.20M","2.26%"
"13/06/2017","4,144.8","4,124.0","4,186.5","4,051.1","13.70M","0.25%"
"12/06/2017","4,134.4","4,176.1","4,196.9","4,134.4","7.76M","-1.00%"
"09/06/2017","4,176.1","4,176.1","4,228.1","4,165.7","6.76M","0.00%"
"08/06/2017","4,176.1","4,217.7","4,259.4","4,155.3","10.27M","-0.99%"
"07/06/2017","4,217.7","4,092.8","4,228.1","4,092.8","26.00M","4.38%"
"06/06/2017","4,040.7","3,978.2","4,051.1","3,978.2","6.62M","1.57%"
"05/06/2017","3,978.2","3,999.0","4,051.1","3,967.8","8.34M","0.53%"
"02/06/2017","3,957.4","3,999.0","4,009.5","3,936.6","4.26M","-0.52%"
"01/06/2017","3,978.2","3,957.4","3,988.6","3,926.1","5.30M","1.33%"
"31/05/2017","3,926.1","3,957.4","3,999.0","3,915.7","9.22M","-0.79%"
"30/05/2017","3,957.4","3,999.0","4,061.5","3,936.6","14.31M","-1.04%"
"29/05/2017","3,999.0","4,051.1","4,082.4","3,988.6","12.34M","-1.29%"
"26/05/2017","4,051.1","3,957.4","4,082.4","3,957.4","9.56M","1.83%"
"25/05/2017","3,978.2","4,019.9","4,103.2","3,957.4","22.88M","1.60%"
"24/05/2017","3,915.7","3,665.8","3,915.7","3,665.8","26.78M","6.82%"
"23/05/2017","3,665.8","3,749.1","3,801.2","3,665.8","14.74M","-3.83%"
"22/05/2017","3,811.6","3,717.9","3,874.1","3,707.4","13.42M","3.10%"
"19/05/2017","3,697.0","3,603.3","3,697.0","3,603.3","15.28M","3.20%"
"18/05/2017","3,582.5","3,457.5","3,624.1","3,457.5","20.86M","3.93%"
"17/05/2017","3,447.1","3,426.3","3,457.5","3,426.3","4.35M","0.30%"
"16/05/2017","3,436.7","3,436.7","3,488.7","3,426.3","6.75M","0.00%"
"15/05/2017","3,436.7","3,478.3","3,478.3","3,436.7","8.32M","-1.20%"
"12/05/2017","3,478.3","3,520.0","3,520.0","3,478.3","5.10M","-1.18%"
"11/05/2017","3,520.0","3,520.0","3,540.8","3,488.7","4.28M","0.00%"
"10/05/2017","3,520.0","3,457.5","3,582.5","3,457.5","13.62M","1.50%"
"09/05/2017","3,467.9","3,415.8","3,478.3","3,415.8","5.08M","1.52%"
"08/05/2017","3,415.8","3,478.3","3,488.7","3,415.8","7.96M","-1.80%"
"05/05/2017","3,478.3","3,415.8","3,540.8","3,415.8","10.01M","1.21%"
"04/05/2017","3,436.7","3,499.2","3,499.2","3,426.3","9.74M","-1.79%"
"03/05/2017","3,499.2","3,290.9","3,499.2","3,290.9","18.42M","6.33%"
"28/04/2017","3,290.9","3,165.9","3,301.3","3,165.9","10.05M","3.95%"
"27/04/2017","3,165.9","3,165.9","3,207.6","3,134.7","5.94M","1.00%"
"26/04/2017","3,134.7","3,113.8","3,186.7","3,103.4","3.45M","1.01%"
"25/04/2017","3,103.4","3,103.4","3,113.8","3,082.6","3.36M","-0.33%"
"24/04/2017","3,113.8","3,124.2","3,134.7","3,113.8","2.86M","-0.99%"
"21/04/2017","3,145.1","3,145.1","3,165.9","3,124.2","1.32M","0.67%"
"20/04/2017","3,124.2","3,113.8","3,145.1","3,113.8","1.62M","0.00%"
"19/04/2017","3,124.2","3,145.1","3,145.1","3,113.8","1.13M","-1.32%"
"18/04/2017","3,165.9","3,145.1","3,165.9","3,103.4","2.31M","0.66%"
"17/04/2017","3,145.1","3,207.6","3,207.6","3,145.1","4.32M","-0.66%"
"14/04/2017","3,165.9","3,218.0","3,218.0","3,145.1","4.74M","-1.94%"
"13/04/2017","3,228.4","3,228.4","3,238.8","3,186.7","2.13M","0.98%"
"12/04/2017","3,197.1","3,259.6","3,259.6","3,197.1","2.72M","-1.92%"
"11/04/2017","3,259.6","3,186.7","3,270.0","3,176.3","5.72M","2.29%"
"10/04/2017","3,186.7","3,176.3","3,197.1","3,176.3","1.49M","-0.33%"
"07/04/2017","3,197.1","3,186.7","3,207.6","3,176.3","1.75M","-0.32%"
"05/04/2017","3,207.6","3,228.4","3,249.2","3,207.6","4.02M","-0.32%"
"04/04/2017","3,218.0","3,218.0","3,228.4","3,197.1","4.77M","0.00%"
"03/04/2017","3,218.0","3,165.9","3,218.0","3,145.1","4.66M","0.65%"
"31/03/2017","3,197.1","3,238.8","3,238.8","3,176.3","2.18M","-1.29%"
"30/03/2017","3,238.8","3,176.3","3,270.0","3,176.3","4.17M","1.63%"
"29/03/2017","3,186.7","3,186.7","3,197.1","3,145.1","5.80M","-0.33%"
"28/03/2017","3,197.1","3,218.0","3,228.4","3,186.7","5.55M","-0.65%"
"27/03/2017","3,218.0","3,259.6","3,290.9","3,207.6","4.54M","-1.28%"
"24/03/2017","3,259.6","3,207.6","3,290.9","3,207.6","9.06M","1.62%"
"23/03/2017","3,207.6","3,197.1","3,218.0","3,165.9","7.88M","0.00%"
"22/03/2017","3,207.6","3,218.0","3,228.4","3,197.1","11.66M","0.00%"
"21/03/2017","3,207.6","3,145.1","3,218.0","3,134.7","15.56M","2.33%"
"20/03/2017","3,134.7","3,040.9","3,186.7","3,040.9","13.70M","3.79%"
"17/03/2017","3,020.1","3,009.7","3,051.3","3,009.7","3.26M","0.00%"
"16/03/2017","3,020.1","3,020.1","3,040.9","3,009.7","2.81M","0.00%"
"15/03/2017","3,020.1","3,040.9","3,051.3","3,020.1","1.58M","-1.02%"
"14/03/2017","3,051.3","3,061.8","3,072.2","3,030.5","3.36M","-0.34%"
"13/03/2017","3,061.8","2,999.3","3,061.8","2,978.4","4.00M","2.08%"
"10/03/2017","2,999.3","3,030.5","3,093.0","2,999.3","5.39M","-1.03%"
"09/03/2017","3,030.5","2,936.8","3,061.8","2,926.4","9.77M","3.19%"
"08/03/2017","2,936.8","2,905.6","2,936.8","2,884.7","2.56M","1.08%"
"07/03/2017","2,905.6","2,905.6","2,905.6","2,895.1","1.17M","0.00%"
"06/03/2017","2,905.6","2,895.1","2,926.4","2,895.1","1.19M","1.09%"
"03/03/2017","2,874.3","2,874.3","2,905.6","2,853.5","768.31K","-0.72%"
"02/03/2017","2,895.1","2,905.6","2,916.0","2,874.3","893.08K","-0.36%"
"01/03/2017","2,905.6","2,936.8","2,936.8","2,884.7","1.18M","-0.36%"
"28/02/2017","2,916.0","2,936.8","2,936.8","2,905.6","1.92M","-0.71%"
"27/02/2017","2,936.8","2,916.0","2,947.2","2,916.0","1.29M","-0.35%"
"24/02/2017","2,947.2","2,916.0","2,968.0","2,916.0","1.57M","-0.35%"
"23/02/2017","2,957.6","2,978.4","2,978.4","2,926.4","2.96M","1.07%"
"22/02/2017","2,926.4","2,926.4","2,936.4","2,896.4","4.17M","0.00%"
"21/02/2017","2,926.4","2,926.4","2,936.4","2,916.4","2.78M","0.00%"
"20/02/2017","2,926.4","2,936.4","2,946.4","2,926.4","2.47M","-0.68%"
"17/02/2017","2,946.4","2,916.4","2,946.4","2,906.4","2.23M","1.03%"
"16/02/2017","2,916.4","2,906.4","2,966.3","2,906.4","4.16M","0.69%"
"15/02/2017","2,896.4","2,856.5","2,896.4","2,856.5","2.37M","1.40%"
"14/02/2017","2,856.5","2,896.4","2,896.4","2,856.5","2.56M","-0.69%"
"13/02/2017","2,876.4","2,856.5","2,886.4","2,846.5","4.16M","1.77%"
"10/02/2017","2,826.5","2,846.5","2,846.5","2,826.5","941.94K","-0.70%"
"09/02/2017","2,846.5","2,816.5","2,846.5","2,816.5","2.44M","0.71%"
"08/02/2017","2,826.5","2,826.5","2,826.5","2,796.5","1.62M","1.07%"
"07/02/2017","2,796.5","2,826.5","2,836.5","2,796.5","2.98M","-0.71%"
"06/02/2017","2,816.5","2,826.5","2,826.5","2,786.6","1.14M","-0.35%"
"03/02/2017","2,826.5","2,836.5","2,856.5","2,816.5","2.67M","-0.35%"
"02/02/2017","2,836.5","2,826.5","2,836.5","2,806.5","1.68M","0.35%"
"25/01/2017","2,826.5","2,816.5","2,826.5","2,796.5","3.00M","0.35%"
"24/01/2017","2,816.5","2,756.6","2,816.5","2,756.6","2.04M","2.17%"
"23/01/2017","2,756.6","2,766.6","2,796.5","2,756.6","1.77M","-0.72%"
"20/01/2017","2,776.6","2,796.5","2,796.5","2,766.6","2.04M","0.00%"
"19/01/2017","2,776.6","2,816.5","2,816.5","2,766.6","1.78M","-0.71%"
"18/01/2017","2,796.5","2,836.5","2,836.5","2,796.5","1.93M","-1.06%"
"17/01/2017","2,826.5","2,756.6","2,826.5","2,756.6","9.12M","3.66%"
"16/01/2017","2,726.6","2,746.6","2,746.6","2,716.6","721.27K","-0.73%"
"13/01/2017","2,746.6","2,776.6","2,776.6","2,746.6","1.06M","-0.72%"
"12/01/2017","2,766.6","2,756.6","2,796.5","2,756.6","2.77M","0.73%"
"11/01/2017","2,746.6","2,736.6","2,756.6","2,736.6","1.32M","0.36%"
"10/01/2017","2,736.6","2,746.6","2,746.6","2,726.6","1.17M","0.00%"
"09/01/2017","2,736.6","2,746.6","2,756.6","2,736.6","1.25M","-0.36%"
"06/01/2017","2,746.6","2,716.6","2,766.6","2,696.7","2.26M","1.85%"
"05/01/2017","2,696.7","2,716.6","2,716.6","2,696.7","2.18M","-0.74%"
"04/01/2017","2,716.6","2,776.6","2,776.6","2,716.6","1.81M","-1.09%"
"03/01/2017","2,746.6","2,716.6","2,776.6","2,706.6","1.57M","-1.79%"
"30/12/2016","2,796.5","2,686.7","2,796.5","2,656.7","5.78M","4.48%"
"29/12/2016","2,676.7","2,656.7","2,676.7","2,656.7","707.94K","0.75%"
"28/12/2016","2,656.7","2,656.7","2,666.7","2,646.7","1.10M","0.38%"
"27/12/2016","2,646.7","2,636.7","2,646.7","2,626.7","609.61K","0.76%"
"26/12/2016","2,626.7","2,646.7","2,646.7","2,626.7","716.97K","-0.38%"
"23/12/2016","2,636.7","2,646.7","2,646.7","2,636.7","319.00K","-0.38%"
"22/12/2016","2,646.7","2,656.7","2,656.7","2,636.7","918.95K","-0.38%"
"21/12/2016","2,656.7","2,656.7","2,656.7","2,646.7","755.68K","0.00%"
"20/12/2016","2,656.7","2,646.7","2,656.7","2,636.7","706.39K","0.38%"
"19/12/2016","2,646.7","2,626.7","2,676.7","2,626.7","1.12M","0.76%"
"16/12/2016","2,626.7","2,626.7","2,636.7","2,626.7","899.55K","0.00%"
"15/12/2016","2,626.7","2,636.7","2,636.7","2,626.7","432.92K","-0.38%"
"14/12/2016","2,636.7","2,636.7","2,646.7","2,626.7","662.40K","0.00%"
"13/12/2016","2,636.7","2,636.7","2,636.7","2,616.8","975.29K","0.00%"
"12/12/2016","2,636.7","2,626.7","2,646.7","2,626.7","601.28K","-0.75%"
"09/12/2016","2,656.7","2,656.7","2,656.7","2,616.8","535.15K","1.14%"
"08/12/2016","2,626.7","2,616.8","2,636.7","2,616.8","475.35K","0.00%"
"07/12/2016","2,626.7","2,636.7","2,676.7","2,626.7","655.36K","-1.13%"
"06/12/2016","2,656.7","2,616.8","2,656.7","2,616.8","767.73K","0.76%"
"05/12/2016","2,636.7","2,646.7","2,656.7","2,636.7","1.15M","-0.75%"
"02/12/2016","2,656.7","2,656.7","2,666.7","2,646.7","309.96K","0.38%"
"01/12/2016","2,646.7","2,666.7","2,676.7","2,646.7","662.40K","-0.75%"
"30/11/2016","2,666.7","2,656.7","2,676.7","2,636.7","291.05K","0.38%"
"29/11/2016","2,656.7","2,636.7","2,656.7","2,626.7","247.69K","0.76%"
"28/11/2016","2,636.7","2,666.7","2,666.7","2,626.7","570.10K","-1.12%"
"25/11/2016","2,666.7","2,686.7","2,686.7","2,656.7","570.36K","-0.74%"
"24/11/2016","2,686.7","2,696.7","2,696.7","2,656.7","1.10M","0.00%"
"23/11/2016","2,686.7","2,686.7","2,706.6","2,676.7","1.73M","0.37%"
"22/11/2016","2,676.7","2,696.7","2,696.7","2,676.7","1.11M","0.00%"
"21/11/2016","2,676.7","2,696.7","2,706.6","2,676.7","1.11M","-0.74%"
"18/11/2016","2,696.7","2,706.6","2,716.6","2,696.7","832.84K","-0.37%"
"17/11/2016","2,706.6","2,716.6","2,736.6","2,696.7","710.15K","-0.37%"
"16/11/2016","2,716.6","2,706.6","2,736.6","2,706.6","718.79K","-0.73%"
"15/11/2016","2,736.6","2,746.6","2,756.6","2,726.6","774.73K","-0.36%"
"14/11/2016","2,746.6","2,756.6","2,776.6","2,736.6","422.47K","-0.36%"
"11/11/2016","2,756.6","2,776.6","2,786.6","2,756.6","383.84K","-0.36%"
"10/11/2016","2,766.6","2,756.6","2,776.6","2,756.6","958.90K","0.36%"
"09/11/2016","2,756.6","2,796.5","2,796.5","2,616.8","1.19M","-1.43%"
"08/11/2016","2,796.5","2,816.5","2,816.5","2,776.6","387.17K","0.36%"
"07/11/2016","2,786.6","2,776.6","2,796.5","2,756.6","368.96K","0.36%"
"04/11/2016","2,776.6","2,786.6","2,796.5","2,776.6","1.04M","-1.07%"
"03/11/2016","2,806.5","2,836.5","2,836.5","2,806.5","400.19K","-1.06%"
"02/11/2016","2,836.5","2,856.5","2,856.5","2,826.5","754.22K","-0.70%"
"01/11/2016","2,856.5","2,856.5","2,856.5","2,836.5","487.62K","0.00%"
"31/10/2016","2,856.5","2,856.5","2,856.5","2,846.5","1.17M","0.35%"
"28/10/2016","2,846.5","2,846.5","2,856.5","2,846.5","711.57K","0.00%"
"27/10/2016","2,846.5","2,846.5","2,856.5","2,836.5","801.13K","0.00%"
"26/10/2016","2,846.5","2,856.5","2,876.4","2,846.5","504.67K","-0.35%"
"25/10/2016","2,856.5","2,856.5","2,886.4","2,856.5","946.68K","-0.35%"
"24/10/2016","2,866.5","2,896.4","2,916.4","2,836.5","2.17M","0.79%"
"21/10/2016","2,844.1","2,853.6","2,853.6","2,834.6","833.42K","-0.33%"
"20/10/2016","2,853.6","2,853.6","2,853.6","2,844.1","1.29M","0.00%"
"19/10/2016","2,853.6","2,853.6","2,872.6","2,844.1","2.88M","0.00%"
"18/10/2016","2,853.6","2,834.6","2,853.6","2,834.6","563.63K","0.00%"
"17/10/2016","2,853.6","2,825.1","2,853.6","2,815.6","2.22M","1.01%"
"14/10/2016","2,825.1","2,825.1","2,872.6","2,825.1","3.28M","0.34%"
"13/10/2016","2,815.6","2,815.6","2,825.1","2,815.6","1.77M","0.00%"
"12/10/2016","2,815.6","2,825.1","2,825.1","2,815.6","2.15M","0.00%"
"11/10/2016","2,815.6","2,815.6","2,825.1","2,806.1","1.50M","-0.34%"
"10/10/2016","2,825.1","2,844.1","2,844.1","2,815.6","1.29M","-0.67%"
"07/10/2016","2,844.1","2,853.6","2,853.6","2,834.6","2.16M","0.34%"
"06/10/2016","2,834.6","2,815.6","2,834.6","2,806.1","2.84M","1.02%"
"05/10/2016","2,806.1","2,796.5","2,815.6","2,796.5","1.68M","0.00%"
"04/10/2016","2,806.1","2,796.5","2,815.6","2,796.5","2.34M","-0.34%"
"03/10/2016","2,815.6","2,834.6","2,834.6","2,806.1","1.38M","-0.67%"
"30/09/2016","2,834.6","2,815.6","2,834.6","2,806.1","426.06K","0.68%"
"29/09/2016","2,815.6","2,815.6","2,825.1","2,796.5","934.57K","0.68%"
"28/09/2016","2,796.5","2,796.5","2,815.6","2,787.0","4.49M","0.00%"
"27/09/2016","2,796.5","2,796.5","2,815.6","2,796.5","1.99M","-0.34%"
"26/09/2016","2,806.1","2,796.5","2,806.1","2,796.5","496.89K","0.00%"
"23/09/2016","2,806.1","2,806.1","2,815.6","2,796.5","979.55K","0.00%"
"22/09/2016","2,806.1","2,796.5","2,815.6","2,796.5","1.55M","0.34%"
"21/09/2016","2,796.5","2,796.5","2,806.1","2,796.5","935.97K","-0.34%"
"20/09/2016","2,806.1","2,806.1","2,815.6","2,796.5","619.16K","0.00%"
"19/09/2016","2,806.1","2,815.6","2,815.6","2,806.1","1.13M","0.00%"
"16/09/2016","2,806.1","2,815.6","2,825.1","2,806.1","559.49K","-0.67%"
"15/09/2016","2,825.1","2,825.1","2,825.1","2,815.6","758.31K","0.34%"
"14/09/2016","2,815.6","2,825.1","2,825.1","2,806.1","643.48K","-0.34%"
"13/09/2016","2,825.1","2,815.6","2,834.6","2,815.6","719.66K","-0.34%"
"12/09/2016","2,834.6","2,834.6","2,844.1","2,815.6","1.18M","0.00%"
"09/09/2016","2,834.6","2,834.6","2,834.6","2,815.6","1.12M","0.00%"
"08/09/2016","2,834.6","2,815.6","2,834.6","2,815.6","912.06K","0.68%"
"07/09/2016","2,815.6","2,796.5","2,815.6","2,796.5","314.81K","0.68%"
"06/09/2016","2,796.5","2,815.6","2,815.6","2,796.5","840.91K","0.00%"
"05/09/2016","2,796.5","2,815.6","2,815.6","2,796.5","487.12K","-0.68%"
"01/09/2016","2,815.6","2,815.6","2,815.6","2,796.5","586.79K","0.00%"
"31/08/2016","2,815.6","2,815.6","2,834.6","2,815.6","540.98K","0.00%"
"30/08/2016","2,815.6","2,834.6","2,834.6","2,815.6","552.79K","0.00%"
"29/08/2016","2,815.6","2,815.6","2,834.6","2,815.6","608.93K","-0.67%"
"26/08/2016","2,834.6","2,834.6","2,834.6","2,815.6","642.69K","0.00%"
"25/08/2016","2,834.6","2,815.6","2,834.6","2,815.6","291.09K","0.68%"
"24/08/2016","2,815.6","2,815.6","2,834.6","2,815.6","651.62K","0.00%"
"23/08/2016","2,815.6","2,815.6","2,834.6","2,815.6","475.87K","0.00%"
"22/08/2016","2,815.6","2,815.6","2,834.6","2,815.6","659.34K","0.00%"
"19/08/2016","2,815.6","2,834.6","2,853.6","2,815.6","562.98K","-0.67%"
"18/08/2016","2,834.6","2,815.6","2,853.6","2,815.6","1.84M","0.00%"
"17/08/2016","2,834.6","2,815.6","2,853.6","2,815.6","1.11M","0.68%"
"16/08/2016","2,815.6","2,834.6","2,834.6","2,815.6","655.62K","-0.67%"
"15/08/2016","2,834.6","2,853.6","2,853.6","2,815.6","255.75K","0.00%"
"12/08/2016","2,834.6","2,872.6","2,872.6","2,834.6","350.44K","-0.67%"
"11/08/2016","2,853.6","2,853.6","2,853.6","2,834.6","1.13M","0.67%"
"10/08/2016","2,834.6","2,834.6","2,853.6","2,815.6","978.20K","0.68%"
"09/08/2016","2,815.6","2,815.6","2,834.6","2,815.6","671.80K","0.00%"
"08/08/2016","2,815.6","2,815.6","2,834.6","2,815.6","422.75K","0.00%"
"05/08/2016","2,815.6","2,796.5","2,815.6","2,796.5","775.33K","0.00%"
"04/08/2016","2,815.6","2,834.6","2,834.6","2,815.6","1.70M","-0.67%"
"03/08/2016","2,834.6","2,853.6","2,853.6","2,815.6","541.21K","0.00%"
"02/08/2016","2,834.6","2,853.6","2,872.6","2,834.6","1.09M","-0.67%"
"01/08/2016","2,853.6","2,872.6","2,872.6","2,853.6","1.68M","0.00%"
"29/07/2016","2,853.6","2,891.7","2,891.7","2,853.6","1.79M","-0.66%"
"28/07/2016","2,872.6","2,891.7","2,891.7","2,872.6","954.38K","-0.66%"
"27/07/2016","2,891.7","2,872.6","2,910.7","2,872.6","842.25K","0.66%"
"26/07/2016","2,872.6","2,910.7","2,910.7","2,872.6","795.14K","0.67%"
"25/07/2016","2,853.6","2,872.6","2,891.7","2,853.6","1.35M","-1.32%"
"22/07/2016","2,891.7","2,891.7","2,891.7","2,853.6","2.37M","0.00%"
"21/07/2016","2,891.7","2,872.6","2,910.7","2,872.6","1.17M","0.66%"
"20/07/2016","2,872.6","2,891.7","2,910.7","2,872.6","980.06K","-0.66%"
"19/07/2016","2,891.7","2,910.7","2,929.7","2,891.7","1.91M","-1.94%"
"18/07/2016","2,948.7","2,948.7","2,967.8","2,910.7","1.56M","0.00%"
"15/07/2016","2,948.7","2,929.7","2,967.8","2,910.7","876.86K","0.00%"
"14/07/2016","2,948.7","2,910.7","3,005.8","2,910.7","3.77M","1.31%"
"13/07/2016","2,910.7","2,872.6","2,910.7","2,853.6","3.23M","2.00%"
"12/07/2016","2,853.6","2,891.7","2,891.7","2,853.6","2.54M","-1.32%"
"11/07/2016","2,891.7","2,872.6","2,891.7","2,853.6","1.26M","0.66%"
"08/07/2016","2,872.6","2,910.7","2,910.7","2,872.6","1.14M","0.00%"
"07/07/2016","2,872.6","2,872.6","2,891.7","2,872.6","1.32M","0.00%"
"06/07/2016","2,872.6","2,872.6","2,891.7","2,872.6","705.48K","-0.66%"
"05/07/2016","2,891.7","2,853.6","2,910.7","2,853.6","3.32M","1.33%"
"04/07/2016","2,853.6","2,834.6","2,872.6","2,834.6","3.14M","0.00%"
"01/07/2016","2,853.6","2,834.6","2,853.6","2,815.6","1.24M","0.67%"
"30/06/2016","2,834.6","2,853.6","2,853.6","2,834.6","920.11K","-0.67%"
"29/06/2016","2,853.6","2,853.6","2,872.6","2,853.6","1.26M","0.67%"
"28/06/2016","2,834.6","2,834.6","2,853.6","2,815.6","361.27K","0.00%"
"27/06/2016","2,834.6","2,777.5","2,834.6","2,777.5","1.39M","0.00%"
"24/06/2016","2,834.6","2,891.7","2,891.7","2,720.4","5.39M","-0.67%"
"23/06/2016","2,853.6","2,872.6","2,872.6","2,853.6","631.57K","0.00%"
"22/06/2016","2,853.6","2,891.7","2,891.7","2,853.6","1.20M","-0.66%"
"21/06/2016","2,872.6","2,891.7","2,891.7","2,872.6","596.79K","0.00%"
"20/06/2016","2,872.6","2,910.7","2,910.7","2,872.6","343.13K","-0.66%"
"17/06/2016","2,891.7","2,891.7","2,910.7","2,872.6","963.87K","0.00%"
"16/06/2016","2,891.7","2,929.7","2,929.7","2,891.7","1.16M","-0.65%"
"15/06/2016","2,910.7","2,929.7","2,929.7","2,872.6","1.35M","0.00%"
"14/06/2016","2,910.7","2,910.7","2,929.7","2,910.7","400.52K","0.00%"
"13/06/2016","2,910.7","2,929.7","2,929.7","2,910.7","400.43K","-0.65%"
"10/06/2016","2,929.7","2,948.7","3,024.8","2,929.7","22.53M","-0.65%"
"09/06/2016","2,948.7","2,929.7","2,967.8","2,910.7","6.68M","0.65%"
"08/06/2016","2,929.7","2,948.7","2,967.8","2,929.7","7.14M","-0.65%"
"07/06/2016","2,948.7","2,910.7","2,948.7","2,910.7","7.58M","1.31%"
"06/06/2016","2,910.7","2,929.7","2,948.7","2,910.7","5.41M","-0.65%"
"03/06/2016","2,929.7","2,967.8","2,967.8","2,929.7","1.76M","-1.28%"
"02/06/2016","2,967.8","2,948.7","2,967.8","2,948.7","13.68M","0.00%"
"01/06/2016","2,967.8","2,986.8","2,986.8","2,948.7","15.16M","0.00%"
"31/05/2016","2,967.8","2,967.8","2,986.8","2,929.7","4.32M","0.00%"
"30/05/2016","2,967.8","2,929.7","2,967.8","2,929.7","10.23M","1.30%"
"27/05/2016","2,929.7","2,910.7","2,948.7","2,891.7","10.44M","0.65%"
"26/05/2016","2,910.7","2,891.7","2,910.7","2,891.7","3.58M","0.66%"
"25/05/2016","2,891.7","2,948.7","2,948.7","2,891.7","2.69M","-1.94%"
"24/05/2016","2,948.7","2,910.7","2,967.8","2,891.7","10.40M","0.65%"
"23/05/2016","2,929.7","2,986.8","2,986.8","2,929.7","6.69M","-1.91%"
"20/05/2016","2,986.8","2,967.8","3,024.8","2,948.7","22.45M","0.64%"
"19/05/2016","2,967.8","2,910.7","2,986.8","2,891.7","26.38M","1.96%"
"18/05/2016","2,910.7","2,872.6","2,948.7","2,853.6","16.20M","2.00%"
"17/05/2016","2,853.6","2,853.6","2,872.6","2,853.6","2.34M","0.00%"
"16/05/2016","2,853.6","2,872.6","2,872.6","2,853.6","1.50M","-0.66%"
"13/05/2016","2,872.6","2,872.6","2,891.7","2,872.6","1.42M","0.00%"
"12/05/2016","2,872.6","2,910.7","2,910.7","2,872.6","1.51M","-1.31%"
"11/05/2016","2,910.7","2,891.7","2,910.7","2,891.7","4.70M","0.66%"
"10/05/2016","2,891.7","2,834.6","2,910.7","2,834.6","2.50M","-0.65%"
"09/05/2016","2,910.7","2,910.7","2,929.7","2,872.6","6.23M","0.00%"
"06/05/2016","2,910.7","2,872.6","2,910.7","2,853.6","10.32M","1.32%"
"05/05/2016","2,872.6","2,853.6","2,872.6","2,853.6","4.89M","0.00%"
"04/05/2016","2,872.6","2,872.6","2,872.6","2,834.6","7.73M","0.00%"
"29/04/2016","2,872.6","2,834.6","2,872.6","2,834.6","10.58M","2.03%"
"28/04/2016","2,815.6","2,815.6","2,815.6","2,796.5","3.56M","0.68%"
"27/04/2016","2,796.5","2,796.5","2,834.6","2,796.5","4.75M","-1.34%"
"26/04/2016","2,834.6","2,796.5","2,853.6","2,796.5","3.75M","0.00%"
"25/04/2016","2,834.6","2,815.6","2,853.6","2,796.5","5.17M","0.00%"
"22/04/2016","2,834.6","2,777.5","2,853.6","2,758.5","8.24M","2.05%"
"21/04/2016","2,777.5","2,739.5","2,777.5","2,720.4","2.69M","0.69%"
"20/04/2016","2,758.5","2,739.5","2,758.5","2,720.4","3.10M","0.69%"
"19/04/2016","2,739.5","2,720.4","2,739.5","2,701.4","2.09M","0.70%"
"15/04/2016","2,720.4","2,739.5","2,758.5","2,720.4","530.23K","-1.38%"
"14/04/2016","2,758.5","2,720.4","2,758.5","2,720.4","1.50M","0.69%"
"13/04/2016","2,739.5","2,720.4","2,739.5","2,701.4","3.01M","0.00%"
"12/04/2016","2,739.5","2,758.5","2,758.5","2,720.4","3.21M","-0.69%"
"11/04/2016","2,758.5","2,739.5","2,758.5","2,720.4","1.69M","0.69%"
"08/04/2016","2,739.5","2,758.5","2,758.5","2,720.4","3.73M","-0.69%"
"07/04/2016","2,758.5","2,739.5","2,777.5","2,720.4","3.50M","0.00%"
"06/04/2016","2,758.5","2,701.4","2,758.5","2,701.4","5.42M","2.11%"
"05/04/2016","2,701.4","2,682.4","2,720.4","2,682.4","6.26M","0.71%"
"04/04/2016","2,682.4","2,682.4","2,701.4","2,663.4","2.02M","0.00%"
"01/04/2016","2,682.4","2,720.4","2,720.4","2,663.4","4.14M","-1.40%"
"31/03/2016","2,720.4","2,739.5","2,758.5","2,720.4","3.38M","-0.69%"
"30/03/2016","2,739.5","2,758.5","2,777.5","2,720.4","5.21M","-0.69%"
"29/03/2016","2,758.5","2,777.5","2,777.5","2,758.5","2.22M","-0.68%"
"28/03/2016","2,777.5","2,777.5","2,777.5","2,758.5","4.64M","0.00%"
"25/03/2016","2,777.5","2,758.5","2,777.5","2,758.5","5.50M","0.69%"
"24/03/2016","2,758.5","2,777.5","2,796.5","2,758.5","4.62M","-0.68%"
"23/03/2016","2,777.5","2,796.5","2,796.5","2,777.5","762.59K","0.00%"
"22/03/2016","2,777.5","2,796.5","2,815.6","2,777.5","3.69M","-0.68%"
"21/03/2016","2,796.5","2,796.5","2,815.6","2,777.5","4.21M","-0.68%"
"18/03/2016","2,815.6","2,796.5","2,815.6","2,796.5","830.44K","0.00%"
"17/03/2016","2,815.6","2,796.5","2,815.6","2,777.5","6.54M","0.68%"
"16/03/2016","2,796.5","2,796.5","2,796.5","2,777.5","4.02M","0.00%"
"15/03/2016","2,796.5","2,815.6","2,815.6","2,777.5","6.47M","0.00%"
"14/03/2016","2,796.5","2,834.6","2,834.6","2,796.5","4.87M","-1.34%"
"11/03/2016","2,834.6","2,853.6","2,853.6","2,815.6","2.42M","-0.67%"
"10/03/2016","2,853.6","2,834.6","2,853.6","2,815.6","4.38M","0.67%"
"09/03/2016","2,834.6","2,815.6","2,853.6","2,815.6","11.92M","0.93%"
"08/03/2016","2,808.5","2,808.5","2,808.5","2,789.6","4.59M","0.00%"
"07/03/2016","2,808.5","2,827.5","2,846.5","2,808.5","6.25M","-1.33%"
"04/03/2016","2,846.5","2,846.5","2,865.5","2,827.5","11.58M","0.00%"
"03/03/2016","2,846.5","2,865.5","2,865.5","2,827.5","6.73M","0.00%"
"02/03/2016","2,846.5","2,865.5","2,884.4","2,827.5","15.32M","-0.66%"
"01/03/2016","2,865.5","2,751.6","2,865.5","2,751.6","13.50M","3.42%"
"29/02/2016","2,770.6","2,846.5","2,846.5","2,770.6","8.58M","-2.67%"
"26/02/2016","2,846.5","2,865.5","2,865.5","2,827.5","10.88M","-0.66%"
"25/02/2016","2,865.5","2,903.4","2,922.4","2,865.5","9.08M","-1.31%"
"24/02/2016","2,903.4","2,865.5","2,922.4","2,846.5","28.68M","0.00%"
"23/02/2016","2,903.4","2,941.4","2,960.4","2,903.4","28.82M","-1.29%"
"22/02/2016","2,941.4","2,960.4","2,979.3","2,941.4","40.98M","0.00%"
"19/02/2016","2,941.4","2,865.5","2,960.4","2,827.5","89.89M","4.03%"
"18/02/2016","2,827.5","2,846.5","2,865.5","2,827.5","10.02M","0.00%"
"17/02/2016","2,827.5","2,846.5","2,846.5","2,827.5","5.44M","-0.67%"
"16/02/2016","2,846.5","2,846.5","2,846.5","2,808.5","3.31M","0.00%"
"15/02/2016","2,846.5","2,846.5","2,884.4","2,808.5","13.47M","2.04%"
"05/02/2016","2,789.6","2,751.6","2,808.5","2,751.6","7.26M","1.38%"
"04/02/2016","2,751.6","2,732.6","2,770.6","2,713.7","3.21M","1.40%"
"03/02/2016","2,713.7","2,713.7","2,732.6","2,713.7","2.01M","-0.69%"
"02/02/2016","2,732.6","2,713.7","2,732.6","2,694.7","4.69M","0.00%"
"01/02/2016","2,732.6","2,751.6","2,751.6","2,713.7","5.13M","0.00%"
"29/01/2016","2,732.6","2,751.6","2,751.6","2,713.7","4.25M","-0.69%"
"28/01/2016","2,751.6","2,713.7","2,770.6","2,713.7","13.55M","2.11%"
"27/01/2016","2,694.7","2,694.7","2,713.7","2,675.7","6.32M","0.71%"
"26/01/2016","2,675.7","2,694.7","2,694.7","2,637.8","10.54M","-0.70%"
"25/01/2016","2,694.7","2,599.8","2,694.7","2,599.8","9.59M","4.41%"
"22/01/2016","2,580.8","2,523.9","2,580.8","2,504.9","4.93M","2.26%"
"21/01/2016","2,523.9","2,523.9","2,561.8","2,504.9","4.26M","-0.75%"
"20/01/2016","2,542.9","2,561.8","2,580.8","2,542.9","3.26M","-0.74%"
"19/01/2016","2,561.8","2,504.9","2,561.8","2,504.9","2.16M","1.50%"
"18/01/2016","2,523.9","2,580.8","2,580.8","2,485.9","6.76M","-2.92%"
"15/01/2016","2,599.8","2,599.8","2,618.8","2,580.8","858.67K","-0.72%"
"14/01/2016","2,618.8","2,599.8","2,618.8","2,580.8","2.14M","0.00%"
"13/01/2016","2,618.8","2,637.8","2,656.7","2,618.8","1.77M","-0.72%"
"12/01/2016","2,637.8","2,599.8","2,637.8","2,599.8","2.18M","1.46%"
"11/01/2016","2,599.8","2,618.8","2,637.8","2,599.8","1.96M","-0.72%"
"08/01/2016","2,618.8","2,618.8","2,637.8","2,599.8","3.01M","-0.72%"
"07/01/2016","2,637.8","2,675.7","2,675.7","2,637.8","2.80M","-1.42%"
"06/01/2016","2,675.7","2,656.7","2,675.7","2,656.7","1.17M","0.71%"
"05/01/2016","2,656.7","2,656.7","2,694.7","2,656.7","1.87M","-0.71%"
"04/01/2016","2,675.7","2,732.6","2,732.6","2,656.7","2.48M","-3.42%"
"31/12/2015","2,770.6","2,656.7","2,770.6","2,637.8","12.00M","4.29%"
"30/12/2015","2,656.7","2,656.7","2,675.7","2,637.8","4.02M","0.00%"
"29/12/2015","2,656.7","2,656.7","2,656.7","2,637.8","2.89M","0.00%"
"28/12/2015","2,656.7","2,656.7","2,656.7","2,637.8","2.33M","0.00%"
"25/12/2015","2,656.7","2,656.7","2,675.7","2,656.7","781.65K","0.00%"
"24/12/2015","2,656.7","2,656.7","2,675.7","2,656.7","1.61M","0.00%"
"23/12/2015","2,656.7","2,656.7","2,675.7","2,637.8","2.29M","0.00%"
"22/12/2015","2,656.7","2,656.7","2,675.7","2,656.7","1.50M","0.00%"
"21/12/2015","2,656.7","2,675.7","2,694.7","2,656.7","3.68M","-0.71%"
"18/12/2015","2,675.7","2,694.7","2,694.7","2,675.7","1.53M","-0.70%"
"17/12/2015","2,694.7","2,694.7","2,713.7","2,675.7","3.49M","0.71%"
"16/12/2015","2,675.7","2,675.7","2,713.7","2,656.7","1.34M","0.00%"
"15/12/2015","2,675.7","2,694.7","2,694.7","2,656.7","1.66M","-0.70%"
"14/12/2015","2,694.7","2,656.7","2,694.7","2,656.7","2.91M","1.43%"
"11/12/2015","2,656.7","2,637.8","2,675.7","2,637.8","2.05M","0.00%"
"10/12/2015","2,656.7","2,656.7","2,675.7","2,637.8","1.64M","0.00%"
"09/12/2015","2,656.7","2,675.7","2,694.7","2,656.7","4.03M","-0.71%"
"08/12/2015","2,675.7","2,675.7","2,675.7","2,637.8","6.04M","0.00%"
"07/12/2015","2,675.7","2,675.7","2,694.7","2,656.7","1.76M","-0.70%"
"04/12/2015","2,694.7","2,694.7","2,713.7","2,675.7","3.09M","-0.70%"
"03/12/2015","2,713.7","2,713.7","2,713.7","2,694.7","492.58K","0.00%"
"02/12/2015","2,713.7","2,694.7","2,713.7","2,694.7","1.41M","0.70%"
"01/12/2015","2,694.7","2,694.7","2,713.7","2,675.7","3.22M","0.71%"
"30/11/2015","2,675.7","2,713.7","2,713.7","2,675.7","5.23M","-1.40%"
"27/11/2015","2,713.7","2,732.6","2,751.6","2,713.7","6.53M","-0.69%"
"26/11/2015","2,732.6","2,732.6","2,751.6","2,713.7","2.91M","0.00%"
"25/11/2015","2,732.6","2,732.6","2,751.6","2,713.7","3.57M","0.00%"
"24/11/2015","2,732.6","2,751.6","2,770.6","2,713.7","3.31M","-1.37%"
"23/11/2015","2,770.6","2,770.6","2,789.6","2,751.6","5.64M","0.00%"
"20/11/2015","2,770.6","2,770.6","2,808.5","2,770.6","5.39M","-0.68%"
"19/11/2015","2,789.6","2,808.5","2,808.5","2,770.6","5.28M","-0.68%"
"18/11/2015","2,808.5","2,751.6","2,808.5","2,751.6","6.43M","1.37%"
"17/11/2015","2,770.6","2,789.6","2,808.5","2,770.6","5.55M","-1.35%"
"16/11/2015","2,808.5","2,808.5","2,827.5","2,789.6","9.29M","-0.67%"
"13/11/2015","2,827.5","2,770.6","2,846.5","2,770.6","19.75M","2.05%"
"12/11/2015","2,770.6","2,732.6","2,770.6","2,732.6","14.46M","1.39%"
"11/11/2015","2,732.6","2,713.7","2,751.6","2,713.7","8.50M","0.70%"
"10/11/2015","2,713.7","2,732.6","2,751.6","2,713.7","5.32M","-1.38%"
"09/11/2015","2,751.6","2,694.7","2,751.6","2,694.7","7.80M","2.11%"
"06/11/2015","2,694.7","2,694.7","2,713.7","2,675.7","3.12M","0.00%"
"05/11/2015","2,694.7","2,694.7","2,732.6","2,694.7","3.15M","0.00%"
"04/11/2015","2,694.7","2,732.6","2,770.6","2,694.7","6.39M","-1.39%"
"03/11/2015","2,732.6","2,732.6","2,751.6","2,694.7","6.30M","0.00%"
"02/11/2015","2,732.6","2,751.6","2,770.6","2,713.7","6.01M","0.00%"
"30/10/2015","2,732.6","2,675.7","2,751.6","2,675.7","10.08M","2.86%"
"29/10/2015","2,656.7","2,656.7","2,675.7","2,637.8","5.66M","0.00%"
"28/10/2015","2,656.7","2,675.7","2,694.7","2,656.7","3.66M","-0.71%"
"27/10/2015","2,675.7","2,694.7","2,713.7","2,656.7","7.00M","-0.70%"
"26/10/2015","2,694.7","2,713.7","2,732.6","2,694.7","6.08M","-1.39%"
"23/10/2015","2,732.6","2,713.7","2,751.6","2,713.7","3.44M","0.70%"
"22/10/2015","2,713.7","2,694.7","2,732.6","2,694.7","6.58M","0.70%"
"21/10/2015","2,694.7","2,732.6","2,732.6","2,675.7","9.68M","-1.39%"
"20/10/2015","2,732.6","2,770.6","2,770.6","2,732.6","8.22M","-1.37%"
"19/10/2015","2,770.6","2,789.6","2,789.6","2,770.6","6.63M","-0.68%"
"16/10/2015","2,789.6","2,770.6","2,808.5","2,770.6","11.34M","0.00%"
"15/10/2015","2,789.6","2,789.6","2,808.5","2,751.6","13.33M","0.00%"
"14/10/2015","2,789.6","2,808.5","2,827.5","2,789.6","6.70M","-0.68%"
"13/10/2015","2,808.5","2,789.6","2,827.5","2,789.6","7.42M","0.00%"
"12/10/2015","2,808.5","2,808.5","2,846.5","2,789.6","12.49M","-0.67%"
"09/10/2015","2,827.5","2,865.5","2,884.4","2,827.5","13.17M","-1.32%"
"08/10/2015","2,865.5","2,884.4","2,903.4","2,846.5","43.54M","-1.95%"
"07/10/2015","2,922.4","2,960.4","2,960.4","2,922.4","8.33M","-0.65%"
"06/10/2015","2,941.4","2,903.4","2,960.4","2,903.4","16.49M","1.97%"
"05/10/2015","2,884.4","2,865.5","2,922.4","2,865.5","11.85M","0.66%"
"02/10/2015","2,865.5","2,903.4","2,903.4","2,865.5","4.81M","-0.66%"
"01/10/2015","2,884.4","2,903.4","2,922.4","2,865.5","12.21M","1.33%"
"30/09/2015","2,846.5","2,865.5","2,884.4","2,846.5","4.83M","0.00%"
"29/09/2015","2,846.5","2,808.5","2,846.5","2,789.6","10.11M","0.00%"
"28/09/2015","2,846.5","2,884.4","2,903.4","2,827.5","6.09M","-1.32%"
"25/09/2015","2,884.4","2,903.4","2,903.4","2,884.4","5.30M","-1.30%"
"24/09/2015","2,922.4","2,903.4","2,922.4","2,884.4","17.36M","0.65%"
"23/09/2015","2,903.4","2,865.5","2,903.4","2,865.5","12.88M","0.66%"
"22/09/2015","2,884.4","2,903.4","2,922.4","2,865.5","22.86M","-0.65%"
"21/09/2015","2,903.4","2,903.4","2,903.4","2,865.5","23.98M","2.68%"
"18/09/2015","2,827.5","2,827.5","2,865.5","2,808.5","5.77M","1.36%"
"17/09/2015","2,789.6","2,789.6","2,827.5","2,789.6","3.77M","-0.68%"
"16/09/2015","2,808.5","2,827.5","2,827.5","2,789.6","10.01M","-1.33%"
"15/09/2015","2,846.5","2,884.4","2,884.4","2,827.5","10.13M","0.00%"
"14/09/2015","2,846.5","2,828.1","2,901.6","2,828.1","15.82M","1.97%"
"11/09/2015","2,791.4","2,809.8","2,828.1","2,773.0","9.28M","-0.65%"
"10/09/2015","2,809.8","2,773.0","2,828.1","2,773.0","11.19M","0.00%"
"09/09/2015","2,809.8","2,791.4","2,828.1","2,773.0","12.95M","2.00%"
"08/09/2015","2,754.7","2,644.5","2,773.0","2,644.5","28.02M","4.17%"
"07/09/2015","2,644.5","2,644.5","2,662.8","2,626.1","5.37M","0.70%"
"04/09/2015","2,626.1","2,607.8","2,662.8","2,607.8","6.39M","0.70%"
"03/09/2015","2,607.8","2,626.1","2,644.5","2,589.4","6.88M","-1.39%"
"01/09/2015","2,644.5","2,626.1","2,662.8","2,607.8","7.86M","1.41%"
"31/08/2015","2,607.8","2,681.2","2,681.2","2,607.8","8.67M","-2.74%"
"28/08/2015","2,681.2","2,626.1","2,681.2","2,607.8","12.68M","2.82%"
"27/08/2015","2,607.8","2,626.1","2,662.8","2,589.4","12.81M","0.71%"
"26/08/2015","2,589.4","2,515.9","2,607.8","2,515.9","17.21M","3.68%"
"25/08/2015","2,497.6","2,424.1","2,552.7","2,424.1","17.44M","0.74%"
"24/08/2015","2,479.2","2,607.8","2,607.8","2,460.8","26.52M","-6.25%"
"21/08/2015","2,644.5","2,662.8","2,681.2","2,571.0","20.74M","-1.37%"
"20/08/2015","2,681.2","2,736.3","2,754.7","2,681.2","8.19M","-2.67%"
"19/08/2015","2,754.7","2,699.6","2,754.7","2,662.8","11.27M","1.35%"
"18/08/2015","2,717.9","2,699.6","2,736.3","2,681.2","11.39M","0.68%"
"17/08/2015","2,699.6","2,791.4","2,828.1","2,662.8","22.58M","-1.68%"
"14/08/2015","2,745.8","2,745.8","2,781.4","2,710.1","17.01M","-0.65%"
"13/08/2015","2,763.6","2,817.1","2,817.1","2,745.8","23.85M","-1.90%"
"12/08/2015","2,817.1","2,852.7","2,870.6","2,799.2","17.41M","-1.86%"
"11/08/2015","2,870.6","2,870.6","2,906.2","2,852.7","23.53M","0.00%"
"10/08/2015","2,870.6","2,852.7","2,888.4","2,852.7","10.99M","0.62%"
"07/08/2015","2,852.7","2,834.9","2,870.6","2,834.9","6.42M","0.00%"
"06/08/2015","2,852.7","2,852.7","2,906.2","2,817.1","63.89M","0.63%"
"05/08/2015","2,834.9","2,799.2","2,834.9","2,799.2","12.03M","1.92%"
"04/08/2015","2,781.4","2,781.4","2,799.2","2,763.6","14.41M","0.65%"
"03/08/2015","2,763.6","2,799.2","2,817.1","2,745.8","26.72M","-1.90%"
"31/07/2015","2,817.1","2,852.7","2,870.6","2,817.1","12.69M","-0.63%"
"30/07/2015","2,834.9","2,834.9","2,852.7","2,817.1","14.65M","0.00%"
"29/07/2015","2,834.9","2,852.7","2,870.6","2,817.1","19.28M","-0.62%"
"28/07/2015","2,852.7","2,888.4","2,888.4","2,852.7","32.81M","-1.23%"
"27/07/2015","2,888.4","2,924.1","2,941.9","2,888.4","26.30M","-0.61%"
"24/07/2015","2,906.2","2,906.2","2,924.1","2,888.4","29.50M","0.62%"
"23/07/2015","2,888.4","2,852.7","2,959.7","2,852.7","46.85M","1.25%"
"22/07/2015","2,852.7","2,817.1","2,870.6","2,817.1","24.83M","0.63%"
"21/07/2015","2,834.9","2,834.9","2,888.4","2,817.1","19.24M","0.00%"
"20/07/2015","2,834.9","2,834.9","2,870.6","2,799.2","27.47M","-0.62%"
"17/07/2015","2,852.7","2,834.9","2,888.4","2,834.9","19.96M","0.63%"
"16/07/2015","2,834.9","2,852.7","2,888.4","2,834.9","25.30M","-1.24%"
"15/07/2015","2,870.6","2,959.7","2,977.5","2,870.6","38.15M","-3.59%"
"14/07/2015","2,977.5","2,995.4","3,013.2","2,906.2","38.35M","0.00%"
"13/07/2015","2,977.5","2,941.9","3,013.2","2,906.2","46.68M","2.45%"
"10/07/2015","2,906.2","2,817.1","2,924.1","2,817.1","80.54M","3.16%"
"09/07/2015","2,817.1","2,817.1","2,834.9","2,781.4","26.74M","0.00%"
"08/07/2015","2,817.1","2,763.6","2,870.6","2,745.8","77.04M","1.94%"
"07/07/2015","2,763.6","2,745.8","2,834.9","2,710.1","29.62M","0.65%"
"06/07/2015","2,745.8","2,763.6","2,763.6","2,710.1","20.79M","0.00%"
"03/07/2015","2,745.8","2,763.6","2,834.9","2,727.9","47.53M","0.65%"
"02/07/2015","2,727.9","2,656.6","2,745.8","2,656.6","24.64M","2.68%"
"01/07/2015","2,656.6","2,692.3","2,710.1","2,638.8","16.99M","-1.32%"
"30/06/2015","2,692.3","2,727.9","2,763.6","2,692.3","22.58M","-2.58%"
"29/06/2015","2,763.6","2,692.3","2,763.6","2,674.4","18.77M","1.97%"
"26/06/2015","2,710.1","2,745.8","2,781.4","2,710.1","24.98M","-1.30%"
"25/06/2015","2,745.8","2,781.4","2,799.2","2,745.8","19.40M","-1.28%"
"24/06/2015","2,781.4","2,817.1","2,834.9","2,781.4","16.03M","-1.27%"
"23/06/2015","2,817.1","2,799.2","2,870.6","2,781.4","31.16M","0.64%"
"22/06/2015","2,799.2","2,674.4","2,817.1","2,674.4","32.63M","4.67%"
"19/06/2015","2,674.4","2,710.1","2,745.8","2,674.4","20.95M","-0.66%"
"18/06/2015","2,692.3","2,692.3","2,710.1","2,674.4","22.44M","-0.66%"
"17/06/2015","2,710.1","2,692.3","2,727.9","2,656.6","23.43M","0.66%"
"16/06/2015","2,692.3","2,727.9","2,763.6","2,674.4","40.97M","2.03%"
"15/06/2015","2,638.8","2,496.1","2,638.8","2,496.1","49.86M","6.47%"
"12/06/2015","2,478.3","2,478.3","2,496.1","2,460.5","5.05M","0.72%"
"11/06/2015","2,460.5","2,478.3","2,496.1","2,460.5","9.08M","-0.72%"
"10/06/2015","2,478.3","2,460.5","2,478.3","2,442.7","5.25M","0.72%"
"09/06/2015","2,460.5","2,478.3","2,514.0","2,460.5","7.44M","-1.43%"
"08/06/2015","2,496.1","2,496.1","2,514.0","2,478.3","19.23M","0.72%"
"05/06/2015","2,478.3","2,478.3","2,514.0","2,442.7","12.50M","0.72%"
"04/06/2015","2,460.5","2,460.5","2,514.0","2,442.7","10.66M","0.00%"
"03/06/2015","2,460.5","2,478.3","2,496.1","2,460.5","6.83M","-0.72%"
"02/06/2015","2,478.3","2,514.0","2,567.5","2,478.3","14.22M","-2.11%"
"01/06/2015","2,531.8","2,496.1","2,585.3","2,460.5","22.89M","2.90%"
"29/05/2015","2,460.5","2,478.3","2,531.8","2,460.5","16.94M","-0.72%"
"28/05/2015","2,478.3","2,389.2","2,549.6","2,371.3","31.37M","3.73%"
"27/05/2015","2,389.2","2,371.3","2,407.0","2,371.3","3.06M","0.00%"
"26/05/2015","2,389.2","2,371.3","2,407.0","2,371.3","3.09M","0.75%"
"25/05/2015","2,371.3","2,371.3","2,407.0","2,371.3","2.69M","-0.75%"
"22/05/2015","2,389.2","2,371.3","2,407.0","2,353.5","2.80M","0.75%"
"21/05/2015","2,371.3","2,371.3","2,389.2","2,353.5","1.93M","0.76%"
"20/05/2015","2,353.5","2,335.7","2,353.5","2,317.8","2.31M","1.54%"
"19/05/2015","2,317.8","2,300.0","2,335.7","2,300.0","1.95M","0.78%"
"18/05/2015","2,300.0","2,335.7","2,335.7","2,300.0","3.19M","-1.53%"
"15/05/2015","2,335.7","2,353.5","2,353.5","2,335.7","807.21K","-0.76%"
"14/05/2015","2,353.5","2,353.5","2,371.3","2,335.7","1.31M","0.00%"
"13/05/2015","2,353.5","2,353.5","2,353.5","2,335.7","959.45K","0.76%"
"12/05/2015","2,335.7","2,371.3","2,371.3","2,335.7","2.00M","-1.50%"
"11/05/2015","2,371.3","2,407.0","2,407.0","2,371.3","1.27M","-1.48%"
"08/05/2015","2,407.0","2,389.2","2,407.0","2,389.2","1.11M","0.75%"
"07/05/2015","2,389.2","2,371.3","2,407.0","2,371.3","2.05M","0.00%"
"06/05/2015","2,389.2","2,407.0","2,424.8","2,371.3","4.14M","-0.74%"
"05/05/2015","2,407.0","2,389.2","2,424.8","2,389.2","3.82M","0.75%"
"04/05/2015","2,389.2","2,442.7","2,442.7","2,389.2","4.51M","-2.90%"
"27/04/2015","2,460.5","2,442.7","2,478.3","2,424.8","5.63M","1.47%"
"24/04/2015","2,424.8","2,424.8","2,442.7","2,407.0","1.85M","0.00%"
"23/04/2015","2,424.8","2,424.8","2,424.8","2,407.0","919.39K","0.74%"
"22/04/2015","2,407.0","2,407.0","2,442.7","2,407.0","1.81M","0.00%"
"21/04/2015","2,407.0","2,424.8","2,442.7","2,407.0","2.48M","-0.74%"
"20/04/2015","2,424.8","2,442.7","2,442.7","2,407.0","1.38M","-0.73%"
"17/04/2015","2,442.7","2,442.7","2,460.5","2,424.8","2.98M","0.00%"
"16/04/2015","2,442.7","2,442.7","2,460.5","2,407.0","3.70M","0.00%"
"15/04/2015","2,442.7","2,424.8","2,442.7","2,407.0","2.91M","0.74%"
"14/04/2015","2,424.8","2,442.7","2,460.5","2,424.8","4.26M","-0.73%"
"13/04/2015","2,442.7","2,442.7","2,460.5","2,424.8","2.01M","0.00%"
"10/04/2015","2,442.7","2,442.7","2,460.5","2,424.8","4.58M","0.00%"
"09/04/2015","2,442.7","2,424.8","2,460.5","2,407.0","2.91M","0.74%"
"08/04/2015","2,424.8","2,407.0","2,424.8","2,407.0","2.20M","0.00%"
"07/04/2015","2,424.8","2,407.0","2,442.7","2,389.2","4.66M","0.74%"
"06/04/2015","2,407.0","2,407.0","2,424.8","2,389.2","2.37M","0.00%"
"03/04/2015","2,407.0","2,424.8","2,424.8","2,407.0","2.92M","-0.74%"
"02/04/2015","2,424.8","2,424.8","2,424.8","2,389.2","4.47M","0.74%"
"01/04/2015","2,407.0","2,442.7","2,442.7","2,407.0","4.34M","-1.46%"
"31/03/2015","2,442.7","2,424.8","2,460.5","2,424.8","2.01M","0.74%"
"30/03/2015","2,424.8","2,460.5","2,460.5","2,424.8","1.68M","-0.73%"
"27/03/2015","2,442.7","2,442.7","2,460.5","2,442.7","4.72M","0.00%"
"26/03/2015","2,442.7","2,424.8","2,478.3","2,424.8","1.91M","0.74%"
"25/03/2015","2,424.8","2,424.8","2,460.5","2,424.8","5.81M","0.00%"
"24/03/2015","2,424.8","2,424.8","2,442.7","2,424.8","5.48M","-0.73%"
"23/03/2015","2,442.7","2,442.7","2,460.5","2,424.8","2.45M","0.00%"
"20/03/2015","2,442.7","2,424.8","2,460.5","2,424.8","3.19M","0.74%"
"19/03/2015","2,424.8","2,442.7","2,460.5","2,424.8","2.04M","-0.73%"
"18/03/2015","2,442.7","2,460.5","2,460.5","2,424.8","5.55M","-0.72%"
"17/03/2015","2,460.5","2,460.5","2,478.3","2,442.7","4.62M","0.00%"
"16/03/2015","2,460.5","2,478.3","2,478.3","2,460.5","4.64M","-0.72%"
"13/03/2015","2,478.3","2,478.3","2,514.0","2,478.3","3.41M","0.00%"
"12/03/2015","2,478.3","2,478.3","2,496.1","2,460.5","6.29M","0.00%"
"11/03/2015","2,478.3","2,478.3","2,496.1","2,460.5","3.96M","0.00%"
"10/03/2015","2,478.3","2,478.3","2,496.1","2,478.3","4.02M","0.00%"
"09/03/2015","2,478.3","2,496.1","2,514.0","2,478.3","7.35M","-0.71%"
"06/03/2015","2,496.1","2,496.1","2,514.0","2,478.3","5.58M","0.72%"
"05/03/2015","2,478.3","2,496.1","2,514.0","2,478.3","7.32M","-1.42%"
"04/03/2015","2,514.0","2,514.0","2,514.0","2,478.3","5.58M","0.00%"
"03/03/2015","2,514.0","2,496.1","2,531.8","2,496.1","6.15M","0.71%"
"02/03/2015","2,496.1","2,496.1","2,531.8","2,478.3","6.71M","-0.71%"
"27/02/2015","2,514.0","2,549.6","2,549.6","2,496.1","4.24M","-1.40%"
"26/02/2015","2,549.6","2,531.8","2,549.6","2,514.0","6.75M","1.42%"
"25/02/2015","2,514.0","2,567.5","2,585.3","2,514.0","12.84M","-0.70%"
"24/02/2015","2,531.8","2,496.1","2,549.6","2,496.1","6.55M","2.16%"
"13/02/2015","2,478.3","2,514.0","2,531.8","2,478.3","5.14M","-0.71%"
"12/02/2015","2,496.1","2,514.0","2,514.0","2,478.3","5.61M","-0.71%"
"11/02/2015","2,514.0","2,496.1","2,514.0","2,496.1","3.92M","0.71%"
"10/02/2015","2,496.1","2,496.1","2,531.8","2,478.3","8.09M","0.72%"
"09/02/2015","2,478.3","2,460.5","2,496.1","2,442.7","10.09M","0.72%"
"06/02/2015","2,460.5","2,424.8","2,460.5","2,407.0","5.85M","1.47%"
"05/02/2015","2,424.8","2,407.0","2,442.7","2,407.0","5.02M","0.74%"
"04/02/2015","2,407.0","2,371.3","2,424.8","2,335.7","18.18M","1.50%"
"03/02/2015","2,371.3","2,496.1","2,514.0","2,371.3","23.00M","-5.00%"
"02/02/2015","2,496.1","2,531.8","2,549.6","2,496.1","13.60M","-1.41%"
"30/01/2015","2,531.8","2,603.1","2,621.0","2,514.0","17.55M","-4.05%"
"29/01/2015","2,638.8","2,656.6","2,674.4","2,585.3","25.61M","-0.67%"
"28/01/2015","2,656.6","2,531.8","2,692.3","2,514.0","41.11M","4.20%"
"27/01/2015","2,549.6","2,585.3","2,621.0","2,514.0","27.02M","-2.05%"
"26/01/2015","2,603.1","2,621.0","2,638.8","2,585.3","7.90M","0.00%"
"23/01/2015","2,603.1","2,603.1","2,656.6","2,585.3","36.56M","1.39%"
"22/01/2015","2,567.5","2,478.3","2,585.3","2,460.5","28.88M","3.60%"
"21/01/2015","2,478.3","2,531.8","2,531.8","2,478.3","8.72M","-1.42%"
"20/01/2015","2,514.0","2,496.1","2,549.6","2,496.1","10.84M","0.71%"
"19/01/2015","2,496.1","2,549.6","2,567.5","2,478.3","13.62M","0.00%"
"16/01/2015","2,496.1","2,531.8","2,549.6","2,496.1","13.72M","-2.10%"
"15/01/2015","2,549.6","2,549.6","2,603.1","2,531.8","21.52M","0.00%"
"14/01/2015","2,549.6","2,567.5","2,603.1","2,514.0","14.85M","-1.38%"
"13/01/2015","2,585.3","2,514.0","2,603.1","2,514.0","22.96M","2.11%"
"12/01/2015","2,531.8","2,585.3","2,621.0","2,531.8","31.01M","-0.70%"
"09/01/2015","2,549.6","2,424.8","2,567.5","2,424.8","32.13M","5.15%"
"08/01/2015","2,424.8","2,407.0","2,460.5","2,407.0","4.10M","0.74%"
"07/01/2015","2,407.0","2,407.0","2,460.5","2,389.2","10.73M","0.75%"
"06/01/2015","2,389.2","2,317.8","2,407.0","2,317.8","13.76M","3.08%"
"05/01/2015","2,317.8","2,335.7","2,335.7","2,317.8","1.63M","-0.76%"
"31/12/2014","2,335.7","2,300.0","2,335.7","2,282.2","3.65M","2.34%"
"30/12/2014","2,282.2","2,300.0","2,300.0","2,264.4","3.03M","0.00%"
"29/12/2014","2,282.2","2,317.8","2,317.8","2,282.2","3.26M","-0.78%"
"26/12/2014","2,300.0","2,317.8","2,317.8","2,300.0","1.95M","-0.77%"
"25/12/2014","2,317.8","2,317.8","2,335.7","2,317.8","2.21M","0.00%"
"24/12/2014","2,317.8","2,317.8","2,353.5","2,300.0","3.35M","0.78%"
"23/12/2014","2,300.0","2,282.2","2,317.8","2,282.2","5.18M","0.78%"
"22/12/2014","2,282.2","2,264.4","2,300.0","2,264.4","1.65M","0.79%"
"19/12/2014","2,264.4","2,300.0","2,300.0","2,264.4","2.92M","-0.78%"
"18/12/2014","2,282.2","2,264.4","2,300.0","2,264.4","2.30M","0.79%"
"17/12/2014","2,264.4","2,300.0","2,317.8","2,228.7","7.34M","-0.78%"
"16/12/2014","2,282.2","2,317.8","2,317.8","2,282.2","3.52M","-1.54%"
"15/12/2014","2,317.8","2,300.0","2,335.7","2,300.0","1.72M","0.00%"
"12/12/2014","2,317.8","2,335.7","2,353.5","2,317.8","4.89M","-0.76%"
"11/12/2014","2,335.7","2,300.0","2,371.3","2,282.2","7.23M","1.55%"
"10/12/2014","2,300.0","2,300.0","2,317.8","2,282.2","6.01M","0.00%"
"09/12/2014","2,300.0","2,335.7","2,335.7","2,282.2","6.86M","-1.53%"
"08/12/2014","2,335.7","2,353.5","2,353.5","2,317.8","2.68M","-1.50%"
"05/12/2014","2,371.3","2,389.2","2,389.2","2,335.7","3.46M","0.00%"
"04/12/2014","2,371.3","2,300.0","2,407.0","2,282.2","9.61M","3.10%"
"03/12/2014","2,300.0","2,282.2","2,317.8","2,264.4","2.85M","1.57%"
"02/12/2014","2,264.4","2,264.4","2,282.2","2,246.5","1.68M","0.00%"
"01/12/2014","2,264.4","2,264.4","2,282.2","2,264.4","1.57M","-0.78%"
"28/11/2014","2,282.2","2,282.2","2,282.2","2,246.5","1.72M","1.59%"
"27/11/2014","2,246.5","2,264.4","2,282.2","2,246.5","2.20M","-0.79%"
"26/11/2014","2,264.4","2,282.2","2,300.0","2,264.4","3.83M","-0.78%"
"25/11/2014","2,282.2","2,282.2","2,300.0","2,264.4","2.96M","0.79%"
"24/11/2014","2,264.4","2,282.2","2,300.0","2,264.4","3.95M","-1.55%"
"21/11/2014","2,300.0","2,300.0","2,317.8","2,282.2","8.79M","0.00%"
"20/11/2014","2,300.0","2,335.7","2,335.7","2,300.0","6.24M","-0.77%"
"19/11/2014","2,317.8","2,335.7","2,353.5","2,317.8","4.27M","-0.76%"
"18/11/2014","2,335.7","2,353.5","2,353.5","2,335.7","2.67M","-0.76%"
"17/11/2014","2,353.5","2,353.5","2,371.3","2,335.7","5.72M","0.00%"
"14/11/2014","2,353.5","2,353.5","2,353.5","2,335.7","4.44M","0.00%"
"13/11/2014","2,353.5","2,353.5","2,353.5","2,335.7","1.22M","0.00%"
"12/11/2014","2,353.5","2,353.5","2,371.3","2,335.7","3.15M","0.00%"
"11/11/2014","2,353.5","2,353.5","2,353.5","2,335.7","2.15M","0.76%"
"10/11/2014","2,335.7","2,371.3","2,371.3","2,335.7","2.85M","-0.76%"
"07/11/2014","2,353.5","2,335.7","2,371.3","2,317.8","3.71M","0.76%"
"06/11/2014","2,335.7","2,335.7","2,353.5","2,317.8","1.36M","0.00%"
"05/11/2014","2,335.7","2,353.5","2,353.5","2,317.8","1.84M","-0.76%"
"04/11/2014","2,353.5","2,353.5","2,353.5","2,335.7","754.96K","0.00%"
"03/11/2014","2,353.5","2,371.3","2,371.3","2,353.5","2.73M","-0.75%"
"31/10/2014","2,371.3","2,335.7","2,371.3","2,317.8","8.38M","1.53%"
"30/10/2014","2,335.7","2,389.2","2,389.2","2,335.7","7.72M","-2.24%"
"29/10/2014","2,389.2","2,407.0","2,407.0","2,335.7","3.33M","1.52%"
"28/10/2014","2,353.5","2,336.6","2,353.5","2,336.6","4.64M","0.00%"
"27/10/2014","2,353.5","2,336.6","2,353.5","2,319.6","4.23M","0.00%"
"24/10/2014","2,353.5","2,336.6","2,353.5","2,336.6","3.28M","0.72%"
"23/10/2014","2,336.6","2,353.5","2,370.4","2,336.6","4.57M","-0.72%"
"22/10/2014","2,353.5","2,370.4","2,387.4","2,353.5","6.39M","0.00%"
"21/10/2014","2,353.5","2,353.5","2,370.4","2,336.6","3.30M","0.72%"
"20/10/2014","2,336.6","2,353.5","2,370.4","2,336.6","3.22M","-1.43%"
"17/10/2014","2,370.4","2,336.6","2,370.4","2,302.7","6.81M","0.72%"
"16/10/2014","2,353.5","2,353.5","2,353.5","2,319.6","7.79M","-0.71%"
"15/10/2014","2,370.4","2,336.6","2,370.4","2,336.6","5.95M","1.45%"
"14/10/2014","2,336.6","2,387.4","2,387.4","2,336.6","3.41M","-1.43%"
"13/10/2014","2,370.4","2,353.5","2,387.4","2,336.6","16.78M","2.19%"
"10/10/2014","2,319.6","2,319.6","2,319.6","2,302.7","1.87M","0.00%"
"09/10/2014","2,319.6","2,336.6","2,336.6","2,302.7","2.43M","0.00%"
"08/10/2014","2,319.6","2,319.6","2,336.6","2,302.7","4.09M","0.00%"
"07/10/2014","2,319.6","2,336.6","2,353.5","2,319.6","1.18M","-0.72%"
"06/10/2014","2,336.6","2,319.6","2,353.5","2,302.7","5.81M","1.47%"
"03/10/2014","2,302.7","2,319.6","2,336.6","2,302.7","4.57M","-0.73%"
"02/10/2014","2,319.6","2,302.7","2,336.6","2,302.7","7.19M","0.74%"
"01/10/2014","2,302.7","2,302.7","2,319.6","2,285.8","5.36M","0.00%"
"30/09/2014","2,302.7","2,285.8","2,319.6","2,285.8","2.43M","0.74%"
"29/09/2014","2,285.8","2,302.7","2,319.6","2,285.8","3.46M","-0.74%"
"26/09/2014","2,302.7","2,302.7","2,319.6","2,285.8","3.57M","0.00%"
"25/09/2014","2,302.7","2,285.8","2,302.7","2,285.8","4.44M","0.00%"
"24/09/2014","2,302.7","2,285.8","2,302.7","2,285.8","1.92M","0.74%"
"23/09/2014","2,285.8","2,268.8","2,302.7","2,268.8","2.86M","0.75%"
"22/09/2014","2,268.8","2,285.8","2,302.7","2,268.8","1.85M","-0.74%"
"19/09/2014","2,285.8","2,285.8","2,302.7","2,268.8","2.82M","-0.74%"
"18/09/2014","2,302.7","2,302.7","2,319.6","2,285.8","5.63M","-0.73%"
"17/09/2014","2,319.6","2,302.7","2,319.6","2,302.7","7.98M","0.74%"
"16/09/2014","2,302.7","2,302.7","2,302.7","2,268.8","6.11M","0.00%"
"15/09/2014","2,302.7","2,319.6","2,336.6","2,302.7","3.33M","-0.73%"
"12/09/2014","2,319.6","2,302.7","2,336.6","2,302.7","5.73M","0.00%"
"11/09/2014","2,319.6","2,319.6","2,336.6","2,302.7","3.11M","0.00%"
"10/09/2014","2,319.6","2,319.6","2,336.6","2,285.8","9.57M","1.52%"
"09/09/2014","2,285.0","2,317.8","2,334.3","2,268.5","16.56M","-1.42%"
"08/09/2014","2,317.8","2,350.7","2,350.7","2,317.8","6.93M","-0.70%"
"05/09/2014","2,334.3","2,334.3","2,350.7","2,317.8","5.26M","0.00%"
"04/09/2014","2,334.3","2,334.3","2,350.7","2,317.8","5.74M","-0.70%"
"03/09/2014","2,350.7","2,350.7","2,383.6","2,334.3","10.10M","2.14%"
"29/08/2014","2,301.4","2,285.0","2,350.7","2,268.5","11.40M","0.72%"
"28/08/2014","2,285.0","2,268.5","2,285.0","2,252.1","4.35M","0.72%"
"27/08/2014","2,268.5","2,285.0","2,285.0","2,268.5","5.28M","-0.72%"
"26/08/2014","2,285.0","2,285.0","2,285.0","2,268.5","7.13M","0.00%"
"25/08/2014","2,285.0","2,285.0","2,301.4","2,268.5","7.87M","0.72%"
"22/08/2014","2,268.5","2,268.5","2,285.0","2,252.1","4.53M","0.73%"
"21/08/2014","2,252.1","2,268.5","2,285.0","2,252.1","6.22M","-0.72%"
"20/08/2014","2,268.5","2,252.1","2,268.5","2,252.1","4.43M","0.73%"
"19/08/2014","2,252.1","2,252.1","2,285.0","2,252.1","7.48M","0.00%"
"18/08/2014","2,252.1","2,252.1","2,252.1","2,235.6","5.19M","0.00%"
"15/08/2014","2,252.1","2,252.1","2,268.5","2,252.1","4.25M","-0.72%"
"14/08/2014","2,268.5","2,252.1","2,268.5","2,235.6","8.78M","0.73%"
"13/08/2014","2,252.1","2,252.1","2,268.5","2,235.6","5.40M","-0.72%"
"12/08/2014","2,268.5","2,252.1","2,268.5","2,252.1","4.23M","0.00%"
"11/08/2014","2,268.5","2,252.1","2,268.5","2,235.6","5.00M","0.73%"
"08/08/2014","2,252.1","2,268.5","2,268.5","2,252.1","3.49M","-0.72%"
"07/08/2014","2,268.5","2,235.6","2,268.5","2,235.6","2.41M","1.47%"
"06/08/2014","2,235.6","2,252.1","2,268.5","2,235.6","6.01M","-0.73%"
"05/08/2014","2,252.1","2,235.6","2,252.1","2,219.2","2.45M","1.48%"
"04/08/2014","2,219.2","2,219.2","2,235.6","2,202.8","2.64M","0.00%"
"01/08/2014","2,219.2","2,235.6","2,235.6","2,202.8","3.39M","-0.74%"
"31/07/2014","2,235.6","2,219.2","2,235.6","2,219.2","2.48M","0.74%"
"30/07/2014","2,219.2","2,235.6","2,252.1","2,202.8","3.46M","-0.74%"
"29/07/2014","2,235.6","2,219.2","2,252.1","2,219.2","7.08M","0.00%"
"28/07/2014","2,235.6","2,268.5","2,285.0","2,219.2","8.27M","-1.45%"
"25/07/2014","2,268.5","2,285.0","2,301.4","2,268.5","4.35M","0.00%"
"24/07/2014","2,268.5","2,268.5","2,301.4","2,268.5","3.97M","-0.72%"
"23/07/2014","2,285.0","2,285.0","2,285.0","2,268.5","6.73M","0.72%"
"22/07/2014","2,268.5","2,285.0","2,285.0","2,268.5","3.07M","-0.72%"
"21/07/2014","2,285.0","2,301.4","2,301.4","2,285.0","5.54M","-0.71%"
"18/07/2014","2,301.4","2,285.0","2,301.4","2,268.5","5.53M","0.72%"
"17/07/2014","2,285.0","2,301.4","2,301.4","2,285.0","3.90M","-0.71%"
"16/07/2014","2,301.4","2,334.3","2,334.3","2,301.4","18.05M","0.00%"
"15/07/2014","2,301.4","2,317.8","2,317.8","2,285.0","10.19M","0.72%"
"14/07/2014","2,285.0","2,285.0","2,285.0","2,268.5","952.22K","0.00%"
"11/07/2014","2,285.0","2,285.0","2,285.0","2,252.1","3.25M","0.00%"
"10/07/2014","2,285.0","2,301.4","2,301.4","2,252.1","6.63M","-0.71%"
"09/07/2014","2,301.4","2,317.8","2,317.8","2,301.4","4.10M","0.00%"
"08/07/2014","2,301.4","2,317.8","2,334.3","2,285.0","6.11M","-1.41%"
"07/07/2014","2,334.3","2,317.8","2,350.7","2,301.4","10.44M","0.71%"
"04/07/2014","2,317.8","2,317.8","2,317.8","2,285.0","5.87M","0.71%"
"03/07/2014","2,301.4","2,285.0","2,334.3","2,285.0","10.65M","0.72%"
"02/07/2014","2,285.0","2,285.0","2,301.4","2,268.5","4.35M","0.00%"
"01/07/2014","2,285.0","2,268.5","2,301.4","2,268.5","3.29M","0.72%"
"30/06/2014","2,268.5","2,301.4","2,301.4","2,268.5","4.53M","-1.43%"
"27/06/2014","2,301.4","2,301.4","2,334.3","2,301.4","3.67M","-1.41%"
"26/06/2014","2,334.3","2,350.7","2,350.7","2,317.8","5.47M","-0.70%"
"25/06/2014","2,350.7","2,268.5","2,350.7","2,252.1","16.68M","4.38%"
"24/06/2014","2,252.1","2,235.6","2,268.5","2,219.2","4.13M","1.48%"
"23/06/2014","2,219.2","2,219.2","2,235.6","2,202.8","2.60M","0.00%"
"20/06/2014","2,219.2","2,219.2","2,235.6","2,219.2","1.90M","0.00%"
"19/06/2014","2,219.2","2,219.2","2,235.6","2,186.3","3.60M","-0.74%"
"18/06/2014","2,235.6","2,235.6","2,252.1","2,235.6","3.89M","0.00%"
"17/06/2014","2,235.6","2,235.6","2,252.1","2,235.6","2.61M","0.00%"
"16/06/2014","2,235.6","2,268.5","2,268.5","2,235.6","3.31M","-1.45%"
"13/06/2014","2,268.5","2,268.5","2,285.0","2,252.1","1.31M","0.73%"
"12/06/2014","2,252.1","2,235.6","2,301.4","2,235.6","9.81M","0.74%"
"11/06/2014","2,235.6","2,219.2","2,252.1","2,202.8","4.87M","0.74%"
"10/06/2014","2,219.2","2,219.2","2,252.1","2,202.8","5.02M","0.00%"
"09/06/2014","2,219.2","2,219.2","2,252.1","2,186.3","8.04M","0.00%"
"06/06/2014","2,219.2","2,186.3","2,219.2","2,186.3","2.31M","1.50%"
"05/06/2014","2,186.3","2,169.9","2,202.8","2,153.4","1.83M","0.00%"
"04/06/2014","2,186.3","2,219.2","2,219.2","2,169.9","4.18M","-0.75%"
"03/06/2014","2,202.8","2,202.8","2,219.2","2,202.8","2.07M","0.00%"
"02/06/2014","2,202.8","2,252.1","2,268.5","2,202.8","2.87M","-2.90%"
"30/05/2014","2,268.5","2,235.6","2,268.5","2,235.6","3.58M","0.73%"
"29/05/2014","2,252.1","2,219.2","2,285.0","2,219.2","13.01M","1.48%"
"28/05/2014","2,219.2","2,235.6","2,252.1","2,219.2","7.72M","0.00%"
"27/05/2014","2,219.2","2,186.3","2,219.2","2,169.9","5.01M","1.50%"
"26/05/2014","2,186.3","2,202.8","2,202.8","2,153.4","3.93M","-0.75%"
"23/05/2014","2,202.8","2,202.8","2,219.2","2,186.3","2.51M","0.00%"
"22/05/2014","2,202.8","2,219.2","2,235.6","2,186.3","7.12M","0.00%"
"21/05/2014","2,202.8","2,169.9","2,219.2","2,137.0","6.61M","1.52%"
"20/05/2014","2,169.9","2,137.0","2,169.9","2,137.0","2.60M","0.00%"
"19/05/2014","2,169.9","2,153.4","2,169.9","2,120.6","3.87M","0.76%"
"16/05/2014","2,153.4","2,137.0","2,169.9","2,120.6","2.81M","0.77%"
"15/05/2014","2,137.0","2,169.9","2,219.2","2,104.1","9.44M","-2.26%"
"14/05/2014","2,186.3","2,137.0","2,186.3","2,120.6","5.87M","2.31%"
"13/05/2014","2,137.0","2,120.6","2,153.4","2,120.6","6.13M","0.78%"
"12/05/2014","2,120.6","2,153.4","2,153.4","2,071.3","16.05M","-3.01%"
"09/05/2014","2,186.3","2,137.0","2,202.8","2,137.0","4.36M","3.10%"
"08/05/2014","2,120.6","2,202.8","2,202.8","2,104.1","32.75M","-5.84%"
"07/05/2014","2,252.1","2,252.1","2,268.5","2,219.2","1.96M","0.74%"
"06/05/2014","2,235.6","2,252.1","2,252.1","2,186.3","9.16M","-1.45%"
"05/05/2014","2,268.5","2,301.4","2,301.4","2,235.6","3.21M","-1.43%"
"29/04/2014","2,301.4","2,301.4","2,317.8","2,285.0","1.74M","0.00%"
"28/04/2014","2,301.4","2,317.8","2,334.3","2,301.4","2.14M","-0.71%"
"25/04/2014","2,317.8","2,301.4","2,334.3","2,301.4","3.27M","0.71%"
"24/04/2014","2,301.4","2,334.3","2,350.7","2,301.4","4.15M","-1.41%"
"23/04/2014","2,334.3","2,367.2","2,383.6","2,334.3","3.93M","-1.39%"
"22/04/2014","2,367.2","2,301.4","2,367.2","2,285.0","4.52M","3.60%"
"21/04/2014","2,285.0","2,285.0","2,334.3","2,252.1","6.37M","0.00%"
"18/04/2014","2,285.0","2,400.0","2,400.0","2,285.0","17.77M","-4.79%"
"17/04/2014","2,400.0","2,432.9","2,432.9","2,383.6","7.50M","0.00%"
"16/04/2014","2,400.0","2,449.3","2,449.3","2,317.8","15.33M","-2.01%"
"15/04/2014","2,449.3","2,515.1","2,531.5","2,449.3","13.70M","-3.25%"
"14/04/2014","2,531.5","2,564.4","2,564.4","2,531.5","7.82M","-0.65%"
"11/04/2014","2,548.0","2,548.0","2,548.0","2,515.1","6.54M","0.00%"
"10/04/2014","2,548.0","2,580.9","2,597.3","2,531.5","9.68M","-1.27%"
"08/04/2014","2,580.9","2,580.9","2,613.7","2,564.4","6.19M","0.00%"
"07/04/2014","2,580.9","2,580.9","2,613.7","2,564.4","6.34M","0.64%"
"04/04/2014","2,564.4","2,564.4","2,597.3","2,548.0","3.84M","-1.27%"
"03/04/2014","2,597.3","2,564.4","2,597.3","2,548.0","4.83M","1.94%"
"02/04/2014","2,548.0","2,548.0","2,580.9","2,498.7","12.52M","0.00%"
"01/04/2014","2,548.0","2,597.3","2,613.7","2,531.5","16.49M","-2.52%"
"31/03/2014","2,613.7","2,663.0","2,663.0","2,613.7","10.42M","-1.24%"
"28/03/2014","2,646.6","2,630.2","2,663.0","2,613.7","8.14M","0.63%"
"27/03/2014","2,630.2","2,597.3","2,630.2","2,564.4","13.90M","1.27%"
"26/03/2014","2,597.3","2,695.9","2,695.9","2,580.9","25.44M","-3.07%"
"25/03/2014","2,679.5","2,778.1","2,778.1","2,679.5","24.09M","-2.98%"
"24/03/2014","2,761.7","2,712.4","2,778.1","2,712.4","26.62M","2.44%"
"21/03/2014","2,695.9","2,613.7","2,728.8","2,613.7","33.81M","3.14%"
"20/03/2014","2,613.7","2,630.2","2,695.9","2,597.3","27.53M","-0.62%"
"19/03/2014","2,630.2","2,531.5","2,630.2","2,515.1","37.30M","4.58%"
"18/03/2014","2,515.1","2,498.7","2,515.1","2,465.8","14.42M","1.32%"
"17/03/2014","2,482.2","2,498.7","2,515.1","2,482.2","9.10M","0.00%"
"14/03/2014","2,482.2","2,482.2","2,515.1","2,465.8","13.07M","0.00%"
"13/03/2014","2,482.2","2,465.8","2,498.7","2,465.8","8.61M","0.00%"
"12/03/2014","2,482.2","2,498.7","2,531.5","2,482.2","11.12M","-0.66%"
"11/03/2014","2,498.7","2,482.2","2,515.1","2,465.8","11.85M","0.66%"
"10/03/2014","2,482.2","2,465.8","2,498.7","2,449.3","12.85M","0.67%"
"07/03/2014","2,465.8","2,482.2","2,498.7","2,449.3","8.21M","-0.66%"
"06/03/2014","2,482.2","2,482.2","2,498.7","2,465.8","5.79M","0.00%"
"05/03/2014","2,482.2","2,465.8","2,498.7","2,465.8","11.52M","0.67%"
"04/03/2014","2,465.8","2,449.3","2,465.8","2,400.0","12.16M","0.00%"
"03/03/2014","2,465.8","2,548.0","2,548.0","2,465.8","14.69M","-3.23%"
"28/02/2014","2,548.0","2,564.4","2,580.9","2,531.5","13.44M","-0.64%"
"27/02/2014","2,564.4","2,531.5","2,630.2","2,515.1","30.75M","1.30%"
"26/02/2014","2,531.5","2,515.1","2,548.0","2,498.7","20.52M","1.32%"
"25/02/2014","2,498.7","2,449.3","2,515.1","2,432.9","17.94M","1.33%"
"24/02/2014","2,465.8","2,465.8","2,465.8","2,432.9","11.45M","0.67%"
"21/02/2014","2,449.3","2,465.8","2,498.7","2,432.9","9.93M","-0.67%"
"20/02/2014","2,465.8","2,482.2","2,564.4","2,432.9","32.94M","0.00%"
"19/02/2014","2,465.8","2,416.5","2,465.8","2,400.0","19.85M","2.74%"
"18/02/2014","2,400.0","2,367.2","2,400.0","2,367.2","16.05M","0.69%"
"17/02/2014","2,383.6","2,432.9","2,432.9","2,367.2","16.04M","-2.03%"
"14/02/2014","2,432.9","2,449.3","2,465.8","2,416.5","13.02M","0.68%"
"13/02/2014","2,416.5","2,334.3","2,416.5","2,334.3","33.89M","5.00%"
"12/02/2014","2,301.4","2,268.5","2,317.8","2,252.1","15.54M","2.19%"
"11/02/2014","2,252.1","2,268.5","2,285.0","2,252.1","11.96M","-0.72%"
"10/02/2014","2,268.5","2,252.1","2,285.0","2,252.1","6.43M","0.73%"
"07/02/2014","2,252.1","2,252.1","2,285.0","2,252.1","6.81M","0.00%"
"06/02/2014","2,252.1","2,268.5","2,268.5","2,235.6","2.86M","-0.72%"
"27/01/2014","2,268.5","2,235.6","2,268.5","2,235.6","2.73M","0.73%"
"24/01/2014","2,252.1","2,252.1","2,268.5","2,235.6","7.28M","0.00%"
"23/01/2014","2,252.1","2,252.1","2,268.5","2,235.6","7.06M","0.00%"
"22/01/2014","2,252.1","2,235.6","2,285.0","2,235.6","14.58M","0.00%"
"21/01/2014","2,252.1","2,219.2","2,252.1","2,186.3","13.35M","3.01%"
"20/01/2014","2,186.3","2,186.3","2,235.6","2,186.3","7.98M","0.76%"
"17/01/2014","2,169.9","2,104.1","2,219.2","2,104.1","15.28M","3.94%"
"16/01/2014","2,087.7","2,087.7","2,104.1","2,087.7","2.20M","-0.78%"
"15/01/2014","2,104.1","2,104.1","2,104.1","2,087.7","2.38M","0.79%"
"14/01/2014","2,087.7","2,087.7","2,104.1","2,087.7","3.62M","0.79%"
"13/01/2014","2,071.3","2,104.1","2,104.1","2,071.3","2.72M","-0.79%"
"10/01/2014","2,087.7","2,087.7","2,120.6","2,087.7","3.65M","0.00%"
"09/01/2014","2,087.7","2,087.7","2,104.1","2,087.7","2.09M","0.00%"
"08/01/2014","2,087.7","2,104.1","2,104.1","2,087.7","3.20M","-0.78%"
"07/01/2014","2,104.1","2,087.7","2,137.0","2,087.7","7.52M","2.40%"
"06/01/2014","2,054.8","2,054.8","2,071.3","2,054.8","1.34M","0.00%"
"03/01/2014","2,054.8","2,054.8","2,071.3","2,054.8","1.05M","0.00%"
"02/01/2014","2,054.8","2,071.3","2,087.7","2,054.8","618.64K","-1.57%"
"31/12/2013","2,087.7","2,054.8","2,087.7","2,038.4","2.42M","1.60%"
"30/12/2013","2,054.8","2,054.8","2,071.3","2,038.4","2.87M","0.00%"
"27/12/2013","2,054.8","2,054.8","2,071.3","2,054.8","1.19M","0.00%"
"26/12/2013","2,054.8","2,054.8","2,071.3","2,054.8","3.29M","0.00%"
"25/12/2013","2,054.8","2,071.3","2,071.3","2,054.8","981.65K","-0.79%"
"24/12/2013","2,071.3","2,054.8","2,071.3","2,054.8","1.12M","0.80%"
"23/12/2013","2,054.8","2,071.3","2,087.7","2,054.8","1.86M","-0.79%"
"20/12/2013","2,071.3","2,071.3","2,071.3","2,054.8","3.35M","0.00%"
"19/12/2013","2,071.3","2,087.7","2,087.7","2,071.3","2.03M","0.00%"
"18/12/2013","2,071.3","2,071.3","2,104.1","2,054.8","2.16M","-0.79%"
"17/12/2013","2,087.7","2,087.7","2,104.1","2,071.3","1.08M","0.00%"
"16/12/2013","2,087.7","2,071.3","2,087.7","2,071.3","2.31M","0.00%"
"13/12/2013","2,087.7","2,071.3","2,087.7","2,071.3","1.72M","0.79%"
"12/12/2013","2,071.3","2,071.3","2,087.7","2,054.8","1.17M","0.80%"
"11/12/2013","2,054.8","2,087.7","2,087.7","2,054.8","1.67M","-1.57%"
"10/12/2013","2,087.7","2,087.7","2,104.1","2,071.3","1.47M","0.00%"
"09/12/2013","2,087.7","2,104.1","2,104.1","2,071.3","3.81M","-0.78%"
"06/12/2013","2,104.1","2,104.1","2,104.1","2,087.7","1.34M","0.00%"
"05/12/2013","2,104.1","2,104.1","2,104.1","2,087.7","1.55M","0.79%"
"04/12/2013","2,087.7","2,120.6","2,120.6","2,087.7","1.04M","-0.78%"
"03/12/2013","2,104.1","2,104.1","2,120.6","2,087.7","1.88M","0.79%"
"02/12/2013","2,087.7","2,104.1","2,104.1","2,087.7","458.67K","0.00%"
"29/11/2013","2,087.7","2,104.1","2,104.1","2,087.7","949.25K","-0.78%"
"28/11/2013","2,104.1","2,104.1","2,120.6","2,087.7","1.40M","0.00%"
"27/11/2013","2,104.1","2,120.6","2,120.6","2,104.1","876.39K","0.00%"
"26/11/2013","2,104.1","2,104.1","2,120.6","2,087.7","1.74M","0.00%"
"25/11/2013","2,104.1","2,120.6","2,120.6","2,104.1","1.77M","-0.78%"
"22/11/2013","2,120.6","2,120.6","2,120.6","2,104.1","729.39K","0.78%"
"21/11/2013","2,104.1","2,104.1","2,137.0","2,104.1","3.75M","-0.78%"
"20/11/2013","2,120.6","2,087.7","2,120.6","2,087.7","1.05M","0.78%"
"19/11/2013","2,104.1","2,104.1","2,104.1","2,087.7","1.35M","0.00%"
"18/11/2013","2,104.1","2,087.7","2,120.6","2,071.3","2.95M","0.79%"
"15/11/2013","2,087.7","2,087.7","2,104.1","2,071.3","1.98M","0.00%"
"14/11/2013","2,087.7","2,087.7","2,104.1","2,071.3","971.21K","0.00%"
"13/11/2013","2,087.7","2,104.1","2,104.1","2,071.3","1.06M","0.00%"
"12/11/2013","2,087.7","2,120.6","2,120.6","2,087.7","3.61M","-0.78%"
"11/11/2013","2,104.1","2,087.7","2,104.1","2,087.7","1.37M","0.79%"
"08/11/2013","2,087.7","2,087.7","2,104.1","2,087.7","1.28M","0.00%"
"07/11/2013","2,087.7","2,104.1","2,120.6","2,087.7","1.80M","-0.78%"
"06/11/2013","2,104.1","2,087.7","2,120.6","2,087.7","2.11M","0.79%"
"05/11/2013","2,087.7","2,104.1","2,104.1","2,087.7","686.01K","-0.78%"
"04/11/2013","2,104.1","2,087.7","2,104.1","2,054.8","2.46M","0.79%"
"01/11/2013","2,087.7","2,087.7","2,104.1","2,087.7","724.09K","0.00%"
"31/10/2013","2,087.7","2,104.1","2,104.1","2,087.7","398.38K","-0.78%"
"30/10/2013","2,104.1","2,087.7","2,104.1","2,087.7","288.07K","0.79%"
"29/10/2013","2,087.7","2,104.1","2,104.1","2,087.7","902.51K","-0.78%"
"28/10/2013","2,104.1","2,120.6","2,120.6","2,104.1","1.10M","-0.78%"
"25/10/2013","2,120.6","2,120.6","2,120.6","2,104.1","304.20K","0.00%"
"24/10/2013","2,120.6","2,120.6","2,137.0","2,120.6","1.94M","0.00%"
"23/10/2013","2,120.6","2,120.6","2,137.0","2,120.6","893.60K","0.00%"
"22/10/2013","2,120.6","2,120.6","2,137.0","2,104.1","2.18M","0.00%"
"21/10/2013","2,120.6","2,153.4","2,153.4","2,120.6","2.22M","-1.53%"
"18/10/2013","2,153.4","2,137.0","2,153.4","2,120.6","730.72K","0.00%"
"17/10/2013","2,153.4","2,137.0","2,153.4","2,120.6","2.25M","1.55%"
"16/10/2013","2,120.6","2,137.0","2,153.4","2,120.6","3.10M","0.55%"
"15/10/2013","2,109.0","2,109.0","2,109.0","2,093.7","8.10M","0.00%"
"14/10/2013","2,109.0","2,109.0","2,109.0","2,093.7","2.42M","0.73%"
"11/10/2013","2,093.7","2,093.7","2,109.0","2,078.4","3.26M","0.00%"
"10/10/2013","2,093.7","2,109.0","2,124.3","2,093.7","2.63M","-0.72%"
"09/10/2013","2,109.0","2,124.3","2,139.6","2,109.0","5.42M","-0.72%"
"08/10/2013","2,124.3","2,109.0","2,139.6","2,109.0","8.23M","1.46%"
"07/10/2013","2,093.7","2,078.4","2,109.0","2,078.4","3.16M","0.00%"
"04/10/2013","2,093.7","2,093.7","2,109.0","2,078.4","3.06M","0.00%"
"03/10/2013","2,093.7","2,124.3","2,124.3","2,093.7","4.79M","-0.72%"
"02/10/2013","2,109.0","2,093.7","2,124.3","2,093.7","6.07M","0.73%"
"01/10/2013","2,093.7","2,063.1","2,109.0","2,063.1","6.51M","1.48%"
"30/09/2013","2,063.1","2,047.9","2,063.1","2,047.9","1.85M","0.75%"
"27/09/2013","2,047.9","2,063.1","2,078.4","2,047.9","2.16M","-0.74%"
"26/09/2013","2,063.1","2,078.4","2,078.4","2,047.9","2.13M","0.00%"
"25/09/2013","2,063.1","2,017.3","2,078.4","2,002.0","7.10M","2.27%"
"24/09/2013","2,017.3","2,002.0","2,017.3","2,002.0","1.71M","0.76%"
"23/09/2013","2,002.0","2,002.0","2,002.0","1,971.4","922.12K","0.00%"
"20/09/2013","2,002.0","1,986.7","2,002.0","1,971.4","1.74M","0.77%"
"19/09/2013","1,986.7","1,986.7","2,002.0","1,986.7","1.11M","0.00%"
"18/09/2013","1,986.7","1,986.7","2,002.0","1,971.4","1.26M","0.00%"
"17/09/2013","1,986.7","1,986.7","2,002.0","1,986.7","1.15M","0.00%"
"16/09/2013","1,986.7","1,986.7","2,002.0","1,971.4","1.06M","0.00%"
"13/09/2013","1,986.7","1,986.7","2,002.0","1,971.4","2.60M","0.00%"
"12/09/2013","1,986.7","1,986.7","2,002.0","1,971.4","2.83M","0.00%"
"11/09/2013","1,986.7","1,986.7","2,002.0","1,986.7","1.57M","0.00%"
"10/09/2013","1,986.7","1,986.7","2,002.0","1,971.4","983.26K","0.78%"
"09/09/2013","1,971.4","1,986.7","2,002.0","1,971.4","1.78M","-1.53%"
"06/09/2013","2,002.0","1,986.7","2,002.0","1,986.7","793.26K","0.77%"
"05/09/2013","1,986.7","1,986.7","2,002.0","1,971.4","1.18M","0.00%"
"04/09/2013","1,986.7","1,986.7","2,002.0","1,971.4","353.60K","0.00%"
"03/09/2013","1,986.7","2,002.0","2,002.0","1,986.7","1.03M","-0.76%"
"30/08/2013","2,002.0","1,986.7","2,002.0","1,986.7","553.18K","0.77%"
"29/08/2013","1,986.7","1,986.7","2,002.0","1,986.7","525.16K","-0.76%"
"28/08/2013","2,002.0","2,002.0","2,002.0","1,971.4","1.81M","0.00%"
"27/08/2013","2,002.0","2,002.0","2,017.3","1,986.7","1.51M","0.00%"
"26/08/2013","2,002.0","2,002.0","2,002.0","1,986.7","2.35M","0.00%"
"23/08/2013","2,002.0","2,002.0","2,017.3","2,002.0","2.23M","-0.76%"
"22/08/2013","2,017.3","2,002.0","2,017.3","2,002.0","1.04M","0.00%"
"21/08/2013","2,017.3","2,017.3","2,017.3","2,002.0","2.06M","0.00%"
"20/08/2013","2,017.3","2,017.3","2,032.6","2,002.0","713.01K","0.00%"
"19/08/2013","2,017.3","2,002.0","2,032.6","2,002.0","4.20M","0.76%"
"16/08/2013","2,002.0","2,017.3","2,017.3","2,002.0","1.83M","-0.76%"
"15/08/2013","2,017.3","2,002.0","2,017.3","2,002.0","2.48M","0.76%"
"14/08/2013","2,002.0","2,002.0","2,017.3","2,002.0","2.36M","0.00%"
"13/08/2013","2,002.0","2,002.0","2,017.3","2,002.0","1.01M","0.00%"
"12/08/2013","2,002.0","2,002.0","2,017.3","2,002.0","479.75K","0.00%"
"09/08/2013","2,002.0","2,002.0","2,017.3","2,002.0","1.43M","-0.76%"
"08/08/2013","2,017.3","2,002.0","2,017.3","2,002.0","703.29K","0.76%"
"07/08/2013","2,002.0","2,002.0","2,017.3","2,002.0","1.40M","-0.76%"
"06/08/2013","2,017.3","2,002.0","2,017.3","2,002.0","1.12M","0.76%"
"05/08/2013","2,002.0","2,002.0","2,002.0","2,002.0","3.20M","0.00%"
"02/08/2013","2,002.0","2,002.0","2,017.3","1,986.7","1.33M","0.00%"
"01/08/2013","2,002.0","2,002.0","2,017.3","2,002.0","3.79M","0.00%"
"31/07/2013","2,002.0","2,002.0","2,017.3","2,002.0","1.69M","0.00%"
"30/07/2013","2,002.0","2,002.0","2,017.3","1,986.7","2.41M","0.00%"
"29/07/2013","2,002.0","2,002.0","2,017.3","1,986.7","1.96M","0.77%"
"26/07/2013","1,986.7","2,002.0","2,017.3","1,986.7","2.96M","0.00%"
"25/07/2013","1,986.7","2,002.0","2,017.3","1,986.7","1.79M","-0.76%"
"24/07/2013","2,002.0","2,002.0","2,017.3","2,002.0","2.58M","0.00%"
"23/07/2013","2,002.0","2,002.0","2,017.3","2,002.0","651.12K","0.00%"
"22/07/2013","2,002.0","2,017.3","2,017.3","2,002.0","1.34M","-0.76%"
"19/07/2013","2,017.3","2,017.3","2,017.3","2,002.0","1.92M","0.76%"
"18/07/2013","2,002.0","2,002.0","2,017.3","2,002.0","879.16K","-0.76%"
"17/07/2013","2,017.3","2,002.0","2,017.3","2,002.0","893.60K","0.00%"
"16/07/2013","2,017.3","2,017.3","2,017.3","2,002.0","1.57M","0.00%"
"15/07/2013","2,017.3","2,002.0","2,017.3","1,986.7","1.44M","0.76%"
"12/07/2013","2,002.0","2,002.0","2,017.3","2,002.0","1.45M","0.00%"
"11/07/2013","2,002.0","2,002.0","2,002.0","2,002.0","1.80M","0.00%"
"10/07/2013","2,002.0","2,002.0","2,017.3","1,986.7","1.73M","0.00%"
"09/07/2013","2,002.0","1,986.7","2,002.0","1,986.7","1.48M","0.00%"
"08/07/2013","2,002.0","2,002.0","2,017.3","1,986.7","2.06M","0.00%"
"05/07/2013","2,002.0","2,002.0","2,017.3","2,002.0","1.91M","0.00%"
"04/07/2013","2,002.0","2,002.0","2,017.3","1,986.7","1.74M","0.00%"
"03/07/2013","2,002.0","1,986.7","2,002.0","1,986.7","4.17M","0.00%"
"02/07/2013","2,002.0","1,986.7","2,002.0","1,986.7","2.55M","0.77%"
"01/07/2013","1,986.7","1,986.7","2,002.0","1,986.7","1.41M","-1.52%"
"28/06/2013","2,017.3","2,002.0","2,017.3","1,986.7","1.82M","0.00%"
"27/06/2013","2,017.3","1,986.7","2,017.3","1,986.7","2.66M","1.54%"
"26/06/2013","1,986.7","1,986.7","2,002.0","1,971.4","2.61M","0.00%"
"25/06/2013","1,986.7","1,986.7","2,002.0","1,971.4","8.90M","-0.76%"
"24/06/2013","2,002.0","2,002.0","2,002.0","1,986.7","3.53M","0.77%"
"21/06/2013","1,986.7","1,986.7","2,002.0","1,986.7","2.69M","0.00%"
"20/06/2013","1,986.7","2,002.0","2,017.3","1,986.7","3.83M","-0.76%"
"19/06/2013","2,002.0","1,986.7","2,017.3","1,986.7","2.53M","0.77%"
"18/06/2013","1,986.7","1,986.7","2,002.0","1,971.4","3.09M","0.00%"
"17/06/2013","1,986.7","2,017.3","2,017.3","1,986.7","5.15M","-1.52%"
"14/06/2013","2,017.3","2,032.6","2,032.6","2,017.3","2.06M","0.00%"
"13/06/2013","2,017.3","2,032.6","2,032.6","2,002.0","2.44M","-0.75%"
"12/06/2013","2,032.6","2,032.6","2,047.9","2,017.3","3.78M","0.00%"
"11/06/2013","2,032.6","2,047.9","2,063.1","2,032.6","3.33M","-0.75%"
"10/06/2013","2,047.9","2,078.4","2,078.4","2,047.9","4.31M","0.00%"
"07/06/2013","2,047.9","2,017.3","2,047.9","2,017.3","5.97M","1.52%"
"06/06/2013","2,017.3","2,017.3","2,032.6","2,002.0","3.84M","0.00%"
"05/06/2013","2,017.3","2,002.0","2,017.3","1,986.7","2.33M","0.76%"
"04/06/2013","2,002.0","2,032.6","2,032.6","2,002.0","2.61M","-1.50%"
"03/06/2013","2,032.6","2,032.6","2,047.9","2,032.6","2.85M","-0.75%"
"31/05/2013","2,047.9","2,032.6","2,078.4","2,032.6","8.25M","1.52%"
"30/05/2013","2,017.3","2,017.3","2,017.3","2,002.0","1.34M","0.00%"
"29/05/2013","2,017.3","2,017.3","2,032.6","2,002.0","3.69M","0.00%"
"28/05/2013","2,017.3","2,017.3","2,032.6","2,002.0","1.25M","0.00%"
"27/05/2013","2,017.3","2,002.0","2,032.6","2,002.0","4.34M","1.54%"
"24/05/2013","1,986.7","1,986.7","2,002.0","1,986.7","1.97M","0.00%"
"23/05/2013","1,986.7","2,002.0","2,017.3","1,986.7","2.30M","-0.76%"
"22/05/2013","2,002.0","2,002.0","2,017.3","1,986.7","2.91M","0.77%"
"21/05/2013","1,986.7","1,986.7","2,002.0","1,986.7","3.04M","0.00%"
"20/05/2013","1,986.7","1,971.4","1,986.7","1,971.4","2.13M","0.00%"
"17/05/2013","1,986.7","1,971.4","2,002.0","1,971.4","1.96M","0.00%"
"16/05/2013","1,986.7","1,971.4","2,002.0","1,971.4","1.58M","0.00%"
"15/05/2013","1,986.7","1,971.4","2,002.0","1,956.2","2.80M","1.56%"
"14/05/2013","1,956.2","1,971.4","1,971.4","1,956.2","2.15M","0.79%"
"13/05/2013","1,940.9","1,955.9","1,971.0","1,940.9","1.58M","-0.77%"
"10/05/2013","1,955.9","1,955.9","1,971.0","1,940.9","1.89M","0.00%"
"09/05/2013","1,955.9","1,940.9","1,955.9","1,940.9","2.36M","0.00%"
"08/05/2013","1,955.9","1,955.9","1,955.9","1,940.9","2.71M","0.00%"
"07/05/2013","1,955.9","1,986.0","1,986.0","1,940.9","2.00M","-0.76%"
"06/05/2013","1,971.0","1,955.9","1,971.0","1,940.9","3.10M","0.77%"
"03/05/2013","1,955.9","1,925.8","1,955.9","1,925.8","3.25M","1.56%"
"02/05/2013","1,925.8","1,940.9","1,955.9","1,925.8","1.84M","-0.78%"
"26/04/2013","1,940.9","1,940.9","1,955.9","1,940.9","1.50M","0.00%"
"25/04/2013","1,940.9","1,940.9","1,955.9","1,925.8","1.81M","0.78%"
"24/04/2013","1,925.8","1,955.9","1,955.9","1,925.8","3.00M","-0.78%"
"23/04/2013","1,940.9","1,925.8","1,955.9","1,925.8","1.94M","0.78%"
"22/04/2013","1,925.8","1,925.8","1,940.9","1,925.8","2.07M","0.00%"
"18/04/2013","1,925.8","1,940.9","1,940.9","1,925.8","1.66M","-0.78%"
"17/04/2013","1,940.9","1,940.9","1,955.9","1,940.9","1.33M","0.00%"
"16/04/2013","1,940.9","1,940.9","1,955.9","1,925.8","3.86M","0.00%"
"15/04/2013","1,940.9","1,971.0","1,971.0","1,925.8","3.73M","-0.77%"
"12/04/2013","1,955.9","1,971.0","1,986.0","1,940.9","3.23M","-0.76%"
"11/04/2013","1,971.0","1,971.0","1,986.0","1,955.9","2.06M","0.77%"
"10/04/2013","1,955.9","2,016.1","2,016.1","1,955.9","2.55M","-2.99%"
"09/04/2013","2,016.1","2,001.1","2,016.1","1,986.0","3.68M","1.52%"
"08/04/2013","1,986.0","1,971.0","1,986.0","1,971.0","2.33M","1.54%"
"05/04/2013","1,955.9","1,955.9","1,971.0","1,940.9","3.98M","0.00%"
"04/04/2013","1,955.9","1,971.0","1,971.0","1,955.9","4.39M","-0.76%"
"03/04/2013","1,971.0","1,986.0","2,001.1","1,971.0","1.73M","-0.76%"
"02/04/2013","1,986.0","1,971.0","2,001.1","1,971.0","4.77M","0.76%"
"01/04/2013","1,971.0","1,955.9","1,971.0","1,940.9","2.54M","1.55%"
"29/03/2013","1,940.9","1,940.9","1,955.9","1,925.8","1.08M","0.00%"
"28/03/2013","1,940.9","1,955.9","1,955.9","1,940.9","1.61M","-0.77%"
"27/03/2013","1,955.9","1,971.0","1,971.0","1,955.9","905.88K","-0.76%"
"26/03/2013","1,971.0","1,971.0","1,986.0","1,955.9","980.76K","0.00%"
"25/03/2013","1,971.0","1,955.9","1,971.0","1,940.9","3.69M","0.77%"
"22/03/2013","1,955.9","1,971.0","1,986.0","1,955.9","2.52M","-0.76%"
"21/03/2013","1,971.0","1,971.0","1,986.0","1,971.0","1.20M","0.00%"
"20/03/2013","1,971.0","1,955.9","1,986.0","1,955.9","1.65M","0.77%"
"19/03/2013","1,955.9","1,955.9","1,971.0","1,940.9","1.75M","0.00%"
"18/03/2013","1,955.9","1,955.9","1,971.0","1,955.9","1.64M","0.00%"
"15/03/2013","1,955.9","1,955.9","1,986.0","1,955.9","1.25M","0.00%"
"14/03/2013","1,955.9","1,971.0","1,971.0","1,955.9","1.02M","-0.76%"
"13/03/2013","1,971.0","1,986.0","1,986.0","1,955.9","1.37M","-0.76%"
"12/03/2013","1,986.0","1,986.0","2,001.1","1,971.0","1.19M","0.00%"
"11/03/2013","1,986.0","1,955.9","2,001.1","1,955.9","1.77M","0.76%"
"08/03/2013","1,971.0","1,971.0","1,986.0","1,971.0","2.08M","0.00%"
"07/03/2013","1,971.0","1,986.0","1,986.0","1,955.9","1.82M","0.00%"
"06/03/2013","1,971.0","1,971.0","1,986.0","1,971.0","1.96M","0.00%"
"05/03/2013","1,971.0","1,986.0","1,986.0","1,955.9","2.73M","0.00%"
"04/03/2013","1,971.0","2,016.1","2,016.1","1,955.9","3.27M","-1.50%"
"01/03/2013","2,001.1","2,016.1","2,031.2","2,001.1","1.74M","-0.75%"
"28/02/2013","2,016.1","2,016.1","2,031.2","2,001.1","3.30M","1.52%"
"27/02/2013","1,986.0","1,971.0","2,001.1","1,955.9","4.49M","0.00%"
"26/02/2013","1,986.0","2,046.2","2,046.2","1,986.0","6.07M","-2.94%"
"25/02/2013","2,046.2","2,076.3","2,076.3","2,046.2","3.18M","-0.73%"
"22/02/2013","2,061.2","2,076.3","2,106.4","2,031.2","12.83M","0.00%"
"21/02/2013","2,061.2","2,121.4","2,136.5","2,061.2","6.49M","-2.84%"
"20/02/2013","2,121.4","2,121.4","2,136.5","2,106.4","4.06M","-0.70%"
"19/02/2013","2,136.5","2,151.5","2,166.6","2,121.4","15.26M","-0.70%"
"18/02/2013","2,151.5","2,136.5","2,151.5","2,106.4","10.94M","1.42%"
"08/02/2013","2,121.4","2,106.4","2,151.5","2,091.3","5.79M","1.44%"
"07/02/2013","2,091.3","2,091.3","2,106.4","2,076.3","3.14M","0.00%"
"06/02/2013","2,091.3","2,091.3","2,106.4","2,061.2","3.55M","1.46%"
"05/02/2013","2,061.2","2,076.3","2,076.3","2,031.2","5.25M","0.00%"
"04/02/2013","2,061.2","2,091.3","2,106.4","2,061.2","3.47M","-1.44%"
"01/02/2013","2,091.3","2,091.3","2,091.3","2,061.2","2.92M","0.00%"
"31/01/2013","2,091.3","2,106.4","2,121.4","2,091.3","6.14M","-1.42%"
"30/01/2013","2,121.4","2,106.4","2,136.5","2,091.3","10.79M","0.71%"
"29/01/2013","2,106.4","2,106.4","2,136.5","2,076.3","9.47M","0.00%"
"28/01/2013","2,106.4","2,091.3","2,151.5","2,091.3","17.95M","0.72%"
"25/01/2013","2,091.3","2,091.3","2,106.4","2,076.3","5.24M","0.72%"
"24/01/2013","2,076.3","2,061.2","2,076.3","2,046.2","3.46M","1.47%"
"23/01/2013","2,046.2","2,061.2","2,076.3","2,016.1","4.58M","0.00%"
"22/01/2013","2,046.2","2,091.3","2,106.4","2,031.2","8.48M","-2.86%"
"21/01/2013","2,106.4","2,121.4","2,181.6","2,091.3","11.24M","-0.71%"
"18/01/2013","2,121.4","2,121.4","2,136.5","2,076.3","20.12M","0.00%"
"17/01/2013","2,121.4","2,151.5","2,181.6","2,121.4","13.96M","-2.08%"
"16/01/2013","2,166.6","2,151.5","2,181.6","2,136.5","20.40M","1.41%"
"15/01/2013","2,136.5","2,106.4","2,166.6","2,106.4","15.32M","2.16%"
"14/01/2013","2,091.3","2,076.3","2,106.4","2,031.2","10.21M","-0.71%"
"11/01/2013","2,106.4","2,106.4","2,151.5","2,091.3","18.62M","0.72%"
"10/01/2013","2,091.3","2,016.1","2,091.3","2,001.1","12.50M","3.73%"
"09/01/2013","2,016.1","2,106.4","2,136.5","2,001.1","24.02M","-1.47%"
"08/01/2013","2,046.2","1,955.9","2,061.2","1,955.9","26.66M","3.82%"
"07/01/2013","1,971.0","1,955.9","1,986.0","1,940.9","8.15M","0.77%"
"04/01/2013","1,955.9","1,940.9","1,971.0","1,910.8","7.02M","0.78%"
"03/01/2013","1,940.9","1,986.0","1,986.0","1,910.8","10.13M","-1.53%"
"02/01/2013","1,971.0","1,895.7","1,971.0","1,895.7","17.38M","4.80%"
"28/12/2012","1,880.7","1,880.7","1,895.7","1,865.7","5.56M","0.00%"
"27/12/2012","1,880.7","1,865.7","1,895.7","1,865.7","14.52M","0.81%"
"26/12/2012","1,865.7","1,835.6","1,865.7","1,835.6","2.71M","1.64%"
"25/12/2012","1,835.6","1,850.6","1,865.7","1,835.6","2.54M","-0.81%"
"24/12/2012","1,850.6","1,850.6","1,865.7","1,835.6","2.85M","0.00%"
"21/12/2012","1,850.6","1,835.6","1,850.6","1,835.6","2.83M","0.00%"
"20/12/2012","1,850.6","1,865.7","1,865.7","1,835.6","5.80M","0.00%"
"19/12/2012","1,850.6","1,850.6","1,865.7","1,835.6","3.67M","0.82%"
"18/12/2012","1,835.6","1,865.7","1,865.7","1,835.6","1.78M","-0.81%"
"17/12/2012","1,850.6","1,865.7","1,865.7","1,850.6","2.14M","-0.81%"
"14/12/2012","1,865.7","1,835.6","1,910.8","1,835.6","6.32M","1.64%"
"13/12/2012","1,835.6","1,865.7","1,865.7","1,835.6","3.41M","-0.81%"
"12/12/2012","1,850.6","1,835.6","1,865.7","1,835.6","5.15M","0.90%"
"11/12/2012","1,834.1","1,834.1","1,834.1","1,819.2","3.16M","0.00%"
"10/12/2012","1,834.1","1,819.2","1,849.0","1,804.3","4.88M","0.82%"
"07/12/2012","1,819.2","1,834.1","1,849.0","1,819.2","3.85M","-0.81%"
"06/12/2012","1,834.1","1,834.1","1,849.0","1,819.2","4.33M","0.00%"
"05/12/2012","1,834.1","1,819.2","1,849.0","1,819.2","7.69M","0.82%"
"04/12/2012","1,819.2","1,819.2","1,834.1","1,804.3","2.00M","0.00%"
"03/12/2012","1,819.2","1,819.2","1,819.2","1,804.3","2.16M","0.00%"
"30/11/2012","1,819.2","1,819.2","1,834.1","1,804.3","3.20M","0.00%"
"29/11/2012","1,819.2","1,819.2","1,819.2","1,804.3","2.05M","0.83%"
"28/11/2012","1,804.3","1,804.3","1,819.2","1,789.4","1.55M","0.00%"
"27/11/2012","1,804.3","1,789.4","1,819.2","1,789.4","3.00M","0.83%"
"26/11/2012","1,789.4","1,804.3","1,834.1","1,789.4","4.09M","-0.83%"
"23/11/2012","1,804.3","1,804.3","1,819.2","1,804.3","1.62M","0.00%"
"22/11/2012","1,804.3","1,819.2","1,819.2","1,789.4","3.52M","0.00%"
"21/11/2012","1,804.3","1,819.2","1,819.2","1,804.3","6.22M","0.00%"
"20/11/2012","1,804.3","1,789.4","1,819.2","1,789.4","2.65M","0.83%"
"19/11/2012","1,789.4","1,849.0","1,849.0","1,789.4","8.93M","-2.44%"
"16/11/2012","1,834.1","1,819.2","1,834.1","1,819.2","2.32M","0.82%"
"15/11/2012","1,819.2","1,849.0","1,849.0","1,819.2","2.45M","-1.61%"
"14/11/2012","1,849.0","1,864.0","1,878.9","1,849.0","12.60M","-1.59%"
"13/11/2012","1,878.9","1,893.8","1,908.7","1,864.0","7.19M","0.00%"
"12/11/2012","1,878.9","1,851.2","1,878.9","1,837.4","13.64M","1.49%"
"09/11/2012","1,851.2","1,851.2","1,865.1","1,823.6","13.87M","0.00%"
"08/11/2012","1,851.2","1,809.8","1,851.2","1,796.0","11.33M","2.29%"
"07/11/2012","1,809.8","1,796.0","1,837.4","1,796.0","8.32M","0.77%"
"06/11/2012","1,796.0","1,796.0","1,809.8","1,782.2","4.45M","0.78%"
"05/11/2012","1,782.2","1,782.2","1,809.8","1,782.2","7.26M","-0.77%"
"02/11/2012","1,796.0","1,782.2","1,796.0","1,768.3","10.18M","-1.52%"
"01/11/2012","1,823.6","1,768.3","1,837.4","1,768.3","21.26M","3.94%"
"31/10/2012","1,754.5","1,740.7","1,754.5","1,726.9","1.95M","0.79%"
"30/10/2012","1,740.7","1,754.5","1,754.5","1,740.7","1.57M","-0.79%"
"29/10/2012","1,754.5","1,740.7","1,768.3","1,726.9","1.86M","1.60%"
"26/10/2012","1,726.9","1,740.7","1,754.5","1,726.9","1.50M","-0.79%"
"25/10/2012","1,740.7","1,740.7","1,754.5","1,726.9","2.39M","0.00%"
"24/10/2012","1,740.7","1,754.5","1,768.3","1,740.7","1.50M","-0.79%"
"23/10/2012","1,754.5","1,754.5","1,768.3","1,740.7","1.99M","0.00%"
"22/10/2012","1,754.5","1,782.2","1,782.2","1,754.5","4.10M","-1.55%"
"19/10/2012","1,782.2","1,796.0","1,796.0","1,768.3","3.32M","-0.77%"
"18/10/2012","1,796.0","1,796.0","1,809.8","1,782.2","6.81M","-0.76%"
"17/10/2012","1,809.8","1,809.8","1,823.6","1,796.0","3.03M","0.00%"
"16/10/2012","1,809.8","1,796.0","1,823.6","1,796.0","9.86M","0.77%"
"15/10/2012","1,796.0","1,823.6","1,823.6","1,796.0","2.71M","-0.76%"
"12/10/2012","1,809.8","1,809.8","1,823.6","1,796.0","4.03M","0.00%"
"11/10/2012","1,809.8","1,823.6","1,851.2","1,809.8","8.75M","-0.76%"
"10/10/2012","1,823.6","1,809.8","1,837.4","1,809.8","2.52M","0.00%"
"09/10/2012","1,823.6","1,851.2","1,851.2","1,823.6","2.21M","-0.75%"
"08/10/2012","1,837.4","1,823.6","1,837.4","1,823.6","1.60M","0.76%"
"05/10/2012","1,823.6","1,823.6","1,837.4","1,823.6","1.31M","0.00%"
"04/10/2012","1,823.6","1,823.6","1,837.4","1,823.6","2.02M","0.00%"
"03/10/2012","1,823.6","1,823.6","1,837.4","1,823.6","2.07M","0.00%"
"02/10/2012","1,823.6","1,809.8","1,823.6","1,796.0","1.98M","1.54%"
"01/10/2012","1,796.0","1,809.8","1,837.4","1,796.0","2.26M","-1.52%"
"28/09/2012","1,823.6","1,837.4","1,837.4","1,823.6","1.65M","-0.75%"
"27/09/2012","1,837.4","1,851.2","1,851.2","1,837.4","1.99M","-0.75%"
"26/09/2012","1,851.2","1,837.4","1,851.2","1,837.4","1.58M","0.75%"
"25/09/2012","1,837.4","1,823.6","1,851.2","1,823.6","1.21M","0.00%"
"24/09/2012","1,837.4","1,851.2","1,851.2","1,823.6","1.41M","-0.75%"
"21/09/2012","1,851.2","1,823.6","1,851.2","1,823.6","3.88M","2.29%"
"20/09/2012","1,809.8","1,851.2","1,851.2","1,782.2","7.62M","-2.96%"
"19/09/2012","1,865.1","1,837.4","1,865.1","1,837.4","2.53M","0.75%"
"18/09/2012","1,851.2","1,892.7","1,892.7","1,837.4","4.45M","-2.19%"
"17/09/2012","1,892.7","1,892.7","1,920.3","1,892.7","2.86M","-0.72%"
"14/09/2012","1,906.5","1,892.7","1,906.5","1,878.9","2.19M","1.47%"
"13/09/2012","1,878.9","1,851.2","1,878.9","1,851.2","1.74M","1.49%"
"12/09/2012","1,851.2","1,865.1","1,892.7","1,851.2","1.07M","-0.74%"
"11/09/2012","1,865.1","1,837.4","1,865.1","1,837.4","2.51M","1.50%"
"10/09/2012","1,837.4","1,892.7","1,892.7","1,837.4","4.09M","-2.92%"
"07/09/2012","1,892.7","1,892.7","1,892.7","1,865.1","2.16M","0.00%"
"06/09/2012","1,892.7","1,906.5","1,920.3","1,892.7","3.07M","-0.72%"
"05/09/2012","1,906.5","1,920.3","1,920.3","1,878.9","3.59M","0.00%"
"04/09/2012","1,906.5","1,920.3","1,934.1","1,892.7","2.50M","0.73%"
"31/08/2012","1,892.7","1,906.5","1,934.1","1,892.7","4.09M","-2.14%"
"30/08/2012","1,934.1","1,934.1","1,947.9","1,906.5","5.11M","0.72%"
"29/08/2012","1,920.3","1,892.7","1,934.1","1,878.9","4.18M","2.21%"
"28/08/2012","1,878.9","1,865.1","1,878.9","1,837.4","3.15M","1.49%"
"27/08/2012","1,851.2","1,906.5","1,906.5","1,837.4","16.46M","-3.60%"
"24/08/2012","1,920.3","1,796.0","1,920.3","1,796.0","13.70M","4.51%"
"23/08/2012","1,837.4","1,906.5","1,906.5","1,837.4","37.04M","-4.32%"
"22/08/2012","1,920.3","1,892.7","1,975.6","1,892.7","11.11M","-2.11%"
"21/08/2012","1,961.8","2,030.8","2,030.8","1,961.8","16.37M","-4.70%"
"20/08/2012","2,058.5","2,017.0","2,058.5","2,017.0","12.36M","2.05%"
"17/08/2012","2,017.0","2,003.2","2,017.0","1,989.4","6.16M","0.00%"
"16/08/2012","2,017.0","2,017.0","2,030.8","2,003.2","2.32M","0.00%"
"15/08/2012","2,017.0","2,044.6","2,072.3","2,003.2","9.16M","-0.68%"
"14/08/2012","2,030.8","1,975.6","2,072.3","1,975.6","114.18M","2.80%"
"13/08/2012","1,975.6","1,934.1","1,975.6","1,920.3","5.22M","2.14%"
"10/08/2012","1,934.1","1,934.1","1,961.8","1,934.1","3.06M","0.00%"
"09/08/2012","1,934.1","1,934.1","1,961.8","1,934.1","3.24M","0.00%"
"08/08/2012","1,934.1","1,934.1","1,947.9","1,920.3","3.62M","0.00%"
"07/08/2012","1,934.1","1,920.3","1,947.9","1,920.3","2.50M","-0.71%"
"06/08/2012","1,947.9","1,934.1","1,961.8","1,920.3","5.09M","1.44%"
"03/08/2012","1,920.3","1,906.5","1,934.1","1,906.5","2.54M","0.72%"
"02/08/2012","1,906.5","1,906.5","1,934.1","1,906.5","1.76M","0.00%"
"01/08/2012","1,906.5","1,934.1","1,934.1","1,906.5","2.25M","-1.43%"
"31/07/2012","1,934.1","1,934.1","1,961.8","1,934.1","1.73M","-0.71%"
"30/07/2012","1,947.9","1,934.1","1,947.9","1,920.3","1.88M","0.00%"
"27/07/2012","1,947.9","1,920.3","1,947.9","1,920.3","5.98M","1.44%"
"26/07/2012","1,920.3","1,906.5","1,934.1","1,906.5","1.96M","0.72%"
"25/07/2012","1,906.5","1,892.7","1,920.3","1,892.7","5.01M","0.00%"
"24/07/2012","1,906.5","1,934.1","1,947.9","1,892.7","4.94M","-2.13%"
"23/07/2012","1,947.9","1,975.6","1,989.4","1,947.9","3.83M","-1.40%"
"20/07/2012","1,975.6","2,003.2","2,030.8","1,975.6","5.90M","-1.38%"
"19/07/2012","2,003.2","1,961.8","2,003.2","1,934.1","5.24M","2.11%"
"18/07/2012","1,961.8","1,975.6","1,989.4","1,947.9","3.77M","-0.70%"
"17/07/2012","1,975.6","1,934.1","1,989.4","1,934.1","6.14M","2.14%"
"16/07/2012","1,934.1","1,920.3","1,947.9","1,906.5","10.32M","1.45%"
"13/07/2012","1,906.5","1,823.6","1,906.5","1,823.6","9.29M","4.55%"
"12/07/2012","1,823.6","1,796.0","1,823.6","1,796.0","881.65K","1.54%"
"11/07/2012","1,796.0","1,809.8","1,809.8","1,796.0","1.35M","0.00%"
"10/07/2012","1,796.0","1,796.0","1,823.6","1,796.0","1.58M","-0.76%"
"09/07/2012","1,809.8","1,865.1","1,878.9","1,809.8","2.50M","-3.68%"
"06/07/2012","1,878.9","1,851.2","1,892.7","1,851.2","2.77M","0.74%"
"05/07/2012","1,865.1","1,851.2","1,865.1","1,837.4","3.34M","0.00%"
"04/07/2012","1,865.1","1,892.7","1,906.5","1,865.1","2.37M","-1.46%"
"03/07/2012","1,892.7","1,892.7","1,906.5","1,865.1","3.46M","-0.72%"
"02/07/2012","1,906.5","1,934.1","1,934.1","1,906.5","2.08M","-1.43%"
"29/06/2012","1,934.1","1,934.1","1,934.1","1,920.3","2.67M","0.72%"
"28/06/2012","1,920.3","1,920.3","1,947.9","1,920.3","2.97M","-0.71%"
"27/06/2012","1,934.1","1,934.1","1,961.8","1,934.1","4.73M","-0.71%"
"26/06/2012","1,947.9","1,947.9","1,961.8","1,920.3","5.63M","0.00%"
"25/06/2012","1,947.9","1,975.6","1,989.4","1,947.9","7.06M","-1.40%"
"22/06/2012","1,975.6","1,989.4","1,989.4","1,961.8","5.23M","-0.69%"
"21/06/2012","1,989.4","1,989.4","2,017.0","1,975.6","4.54M","0.00%"
"20/06/2012","1,989.4","1,989.4","2,003.2","1,989.4","1.24M","0.00%"
"19/06/2012","1,989.4","2,003.2","2,017.0","1,989.4","3.20M","-1.37%"
"18/06/2012","2,017.0","2,017.0","2,030.8","2,003.2","6.82M","1.39%"
"15/06/2012","1,989.4","1,989.4","2,017.0","1,975.6","3.48M","0.70%"
"14/06/2012","1,975.6","1,989.4","2,003.2","1,975.6","4.40M","0.00%"
"13/06/2012","1,975.6","1,975.6","2,003.2","1,975.6","3.07M","0.00%"
"12/06/2012","1,975.6","2,017.0","2,017.0","1,975.6","5.90M","-2.05%"
"11/06/2012","2,017.0","2,017.0","2,044.6","2,003.2","6.24M","0.00%"
"08/06/2012","2,017.0","2,072.3","2,072.3","2,017.0","3.74M","-1.35%"
"07/06/2012","2,044.6","2,030.8","2,058.5","2,017.0","8.03M","1.37%"
"06/06/2012","2,017.0","2,003.2","2,030.8","2,003.2","3.97M","0.00%"
"05/06/2012","2,017.0","1,989.4","2,017.0","1,975.6","3.38M","1.39%"
"04/06/2012","1,989.4","2,017.0","2,030.8","1,975.6","13.19M","-2.70%"
"01/06/2012","2,044.6","2,044.6","2,072.3","2,030.8","6.84M","0.68%"
"31/05/2012","2,030.8","2,044.6","2,044.6","2,017.0","5.35M","-1.34%"
"30/05/2012","2,058.5","2,030.8","2,072.3","2,017.0","10.48M","1.36%"
"29/05/2012","2,030.8","2,017.0","2,044.6","2,017.0","4.84M","-0.68%"
"28/05/2012","2,044.6","2,058.5","2,072.3","2,017.0","6.39M","0.00%"
"25/05/2012","2,044.6","2,003.2","2,044.6","1,975.6","9.39M","4.96%"
"24/05/2012","1,947.9","1,989.4","2,003.2","1,947.9","6.25M","-1.40%"
"23/05/2012","1,975.6","2,003.2","2,030.8","1,975.6","6.65M","-2.72%"
"22/05/2012","2,030.8","2,072.3","2,072.3","2,017.0","3.80M","-2.00%"
"21/05/2012","2,072.3","2,003.2","2,072.3","2,003.2","6.51M","4.90%"
"18/05/2012","1,975.6","2,017.0","2,030.8","1,961.8","13.32M","-2.72%"
"17/05/2012","2,030.8","2,058.5","2,086.1","2,030.8","8.27M","0.00%"
"16/05/2012","2,030.8","2,017.2","2,044.5","2,003.6","9.77M","0.68%"
"15/05/2012","2,017.2","2,044.5","2,058.1","2,017.2","13.29M","-1.33%"
"14/05/2012","2,044.5","2,099.0","2,112.6","2,044.5","19.17M","-3.23%"
"11/05/2012","2,112.6","2,139.9","2,139.9","2,099.0","9.90M","-1.27%"
"10/05/2012","2,139.9","2,126.2","2,153.5","2,099.0","11.96M","0.64%"
"09/05/2012","2,126.2","2,139.9","2,167.1","2,112.6","12.44M","-0.64%"
"08/05/2012","2,139.9","2,044.5","2,139.9","2,044.5","38.19M","4.67%"
"07/05/2012","2,044.5","2,071.7","2,085.4","2,044.5","14.48M","-1.32%"
"04/05/2012","2,071.7","2,058.1","2,085.4","2,058.1","10.38M","0.66%"
"03/05/2012","2,058.1","2,071.7","2,071.7","2,044.5","7.09M","-0.66%"
"02/05/2012","2,071.7","2,099.0","2,112.6","2,058.1","11.58M","-0.65%"
"27/04/2012","2,085.4","2,085.4","2,099.0","2,058.1","13.83M","0.00%"
"26/04/2012","2,085.4","2,139.9","2,139.9","2,085.4","13.29M","-1.92%"
"25/04/2012","2,126.2","2,139.9","2,153.5","2,112.6","12.94M","0.65%"
"24/04/2012","2,112.6","2,099.0","2,112.6","2,071.7","13.81M","0.65%"
"23/04/2012","2,099.0","2,085.4","2,126.2","2,085.4","17.05M","0.00%"
"20/04/2012","2,099.0","2,099.0","2,153.5","2,071.7","11.92M","0.00%"
"19/04/2012","2,099.0","2,139.9","2,153.5","2,099.0","14.16M","-1.91%"
"18/04/2012","2,139.9","2,167.1","2,208.0","2,139.9","28.19M","-1.26%"
"17/04/2012","2,167.1","2,180.8","2,208.0","2,139.9","26.27M","0.63%"
"16/04/2012","2,153.5","2,139.9","2,180.8","2,112.6","12.59M","1.94%"
"13/04/2012","2,112.6","2,167.1","2,180.8","2,112.6","15.13M","-1.90%"
"12/04/2012","2,153.5","2,099.0","2,180.8","2,085.4","51.72M","3.27%"
"11/04/2012","2,085.4","2,085.4","2,085.4","2,030.8","19.55M","2.68%"
"10/04/2012","2,030.8","2,085.4","2,099.0","2,017.2","20.07M","-2.61%"
"09/04/2012","2,085.4","2,071.7","2,099.0","2,044.5","8.20M","1.32%"
"06/04/2012","2,058.1","2,085.4","2,112.6","2,058.1","12.91M","-1.31%"
"05/04/2012","2,085.4","2,030.8","2,099.0","2,003.6","15.34M","2.68%"
"04/04/2012","2,030.8","2,071.7","2,085.4","2,017.2","12.47M","-1.97%"
"03/04/2012","2,071.7","1,976.3","2,071.7","1,976.3","23.06M","4.83%"
"30/03/2012","1,976.3","1,989.9","2,017.2","1,962.7","12.96M","-1.36%"
"29/03/2012","2,003.6","2,071.7","2,071.7","1,989.9","13.49M","-2.65%"
"28/03/2012","2,058.1","1,989.9","2,058.1","1,962.7","16.62M","2.03%"
"27/03/2012","2,017.2","2,085.4","2,112.6","2,017.2","31.21M","-4.52%"
"26/03/2012","2,112.6","2,208.0","2,208.0","2,112.6","21.98M","-3.12%"
"23/03/2012","2,180.8","2,180.8","2,221.6","2,153.5","34.82M","1.27%"
"22/03/2012","2,153.5","2,180.8","2,221.6","2,153.5","25.50M","-2.47%"
"21/03/2012","2,208.0","2,194.4","2,262.5","2,180.8","42.92M","1.89%"
"20/03/2012","2,167.1","2,126.2","2,167.1","2,112.6","18.96M","2.58%"
"19/03/2012","2,112.6","2,099.0","2,153.5","2,085.4","21.02M","0.00%"
"16/03/2012","2,112.6","2,167.1","2,180.8","2,099.0","34.72M","1.31%"
"15/03/2012","2,085.4","1,962.7","2,085.4","1,949.1","26.65M","4.79%"
"14/03/2012","1,989.9","2,085.4","2,085.4","1,989.9","18.37M","-2.67%"
"13/03/2012","2,044.5","2,003.6","2,058.1","1,962.7","25.52M","4.17%"
"12/03/2012","1,962.7","2,030.8","2,030.8","1,935.4","39.08M","-3.36%"
"09/03/2012","2,030.8","2,017.2","2,099.0","1,989.9","32.72M","-2.61%"
"08/03/2012","2,085.4","2,099.0","2,180.8","2,085.4","46.98M","-4.97%"
"07/03/2012","2,194.4","2,221.6","2,248.9","2,153.5","48.70M","-2.42%"
"06/03/2012","2,248.9","2,330.7","2,330.7","2,221.6","79.86M","1.23%"
"05/03/2012","2,221.6","2,221.6","2,221.6","2,221.6","8.12M","4.49%"
"02/03/2012","2,126.2","2,071.7","2,126.2","2,058.1","71.23M","4.70%"
"01/03/2012","2,030.8","1,962.7","2,044.5","1,935.4","58.89M","4.20%"
"29/02/2012","1,949.1","1,867.3","1,949.1","1,867.3","30.70M","2.14%"
"28/02/2012","1,908.2","2,003.6","2,003.6","1,867.3","24.12M","-2.78%"
"27/02/2012","1,962.7","1,922.6","1,976.0","1,882.6","25.65M","3.52%"
"24/02/2012","1,895.9","1,882.6","1,936.0","1,869.2","38.32M","2.16%"
"23/02/2012","1,855.9","1,789.1","1,855.9","1,762.4","29.28M","4.51%"
"22/02/2012","1,775.8","1,709.0","1,789.1","1,709.0","18.39M","3.10%"
"21/02/2012","1,722.4","1,789.1","1,789.1","1,722.4","14.19M","-2.27%"
"20/02/2012","1,762.4","1,722.4","1,775.8","1,709.0","14.88M","3.94%"
"17/02/2012","1,695.7","1,668.9","1,695.7","1,668.9","6.15M","1.60%"
"16/02/2012","1,668.9","1,642.2","1,668.9","1,628.9","6.40M","0.81%"
"15/02/2012","1,655.6","1,695.7","1,695.7","1,628.9","5.51M","-2.36%"
"14/02/2012","1,695.7","1,642.2","1,695.7","1,628.9","6.63M","3.25%"
"13/02/2012","1,642.2","1,695.7","1,695.7","1,642.2","4.80M","-2.57%"
"10/02/2012","1,685.6","1,711.1","1,736.7","1,672.8","16.60M","-1.49%"
"09/02/2012","1,711.1","1,672.8","1,749.4","1,672.8","21.75M","2.29%"
"08/02/2012","1,672.8","1,621.8","1,672.8","1,609.0","13.20M","3.97%"
"07/02/2012","1,609.0","1,634.5","1,634.5","1,583.4","5.09M","0.80%"
"06/02/2012","1,596.2","1,660.1","1,660.1","1,596.2","6.12M","-2.34%"
"03/02/2012","1,634.5","1,647.3","1,685.6","1,621.8","21.56M","1.59%"
"02/02/2012","1,609.0","1,557.9","1,609.0","1,557.9","7.20M","5.00%"
"01/02/2012","1,532.4","1,545.1","1,545.1","1,506.8","3.10M","-0.83%"
"31/01/2012","1,545.1","1,532.4","1,583.4","1,519.6","4.35M","0.83%"
"30/01/2012","1,532.4","1,519.6","1,532.4","1,494.1","2.42M","1.69%"
"20/01/2012","1,506.8","1,519.6","1,532.4","1,494.1","1.46M","-0.84%"
"19/01/2012","1,519.6","1,494.1","1,519.6","1,481.3","1.42M","3.48%"
"18/01/2012","1,468.5","1,468.5","1,506.8","1,455.7","1.82M","0.00%"
"17/01/2012","1,468.5","1,519.6","1,519.6","1,468.5","3.41M","-2.54%"
"16/01/2012","1,506.8","1,468.5","1,519.6","1,468.5","2.93M","2.61%"
"13/01/2012","1,468.5","1,443.0","1,468.5","1,443.0","2.25M","1.77%"
"12/01/2012","1,443.0","1,417.4","1,443.0","1,404.7","2.51M","1.80%"
"11/01/2012","1,417.4","1,417.4","1,417.4","1,404.7","3.46M","0.91%"
"10/01/2012","1,404.7","1,366.4","1,404.7","1,366.4","4.75M","1.85%"
"09/01/2012","1,379.1","1,379.1","1,391.9","1,353.6","2.46M","0.93%"
"06/01/2012","1,366.4","1,366.4","1,379.1","1,353.6","1.75M","0.00%"
"05/01/2012","1,366.4","1,391.9","1,391.9","1,353.6","2.53M","-1.83%"
"04/01/2012","1,391.9","1,379.1","1,391.9","1,353.6","1.95M","0.00%"
"03/01/2012","1,391.9","1,379.1","1,391.9","1,366.4","2.44M","0.93%"
"30/12/2011","1,379.1","1,379.1","1,404.7","1,379.1","2.70M","0.00%"
"29/12/2011","1,379.1","1,366.4","1,379.1","1,353.6","5.39M","1.89%"
"28/12/2011","1,353.6","1,340.8","1,366.4","1,328.0","9.21M","0.95%"
"27/12/2011","1,340.8","1,391.9","1,391.9","1,340.8","9.13M","-4.55%"
"26/12/2011","1,404.7","1,417.4","1,430.2","1,366.4","5.47M","-0.90%"
"23/12/2011","1,417.4","1,430.2","1,443.0","1,417.4","3.16M","-0.89%"
"22/12/2011","1,430.2","1,455.7","1,455.7","1,417.4","3.11M","-1.75%"
"21/12/2011","1,455.7","1,443.0","1,455.7","1,443.0","3.11M","0.88%"
"20/12/2011","1,443.0","1,430.2","1,443.0","1,430.2","2.97M","0.00%"
"19/12/2011","1,443.0","1,430.2","1,455.7","1,430.2","2.48M","0.00%"
"16/12/2011","1,443.0","1,443.0","1,468.5","1,430.2","2.70M","0.00%"
"15/12/2011","1,443.0","1,455.7","1,455.7","1,404.7","3.08M","0.00%"
"14/12/2011","1,443.0","1,455.7","1,455.7","1,417.4","6.27M","-0.88%"
"13/12/2011","1,455.7","1,455.7","1,481.3","1,455.7","3.43M","-0.87%"
"12/12/2011","1,468.5","1,443.0","1,481.3","1,443.0","3.38M","0.88%"
"09/12/2011","1,455.7","1,481.3","1,481.3","1,443.0","4.55M","-1.72%"
"08/12/2011","1,481.3","1,506.8","1,506.8","1,481.3","2.02M","-0.85%"
"07/12/2011","1,494.1","1,506.8","1,519.6","1,468.5","6.58M","0.86%"
"06/12/2011","1,481.3","1,504.4","1,504.4","1,481.3","3.75M","-1.54%"
"05/12/2011","1,504.4","1,469.7","1,516.0","1,469.7","4.84M","2.36%"
"02/12/2011","1,469.7","1,469.7","1,481.3","1,458.1","2.67M","0.00%"
"01/12/2011","1,469.7","1,458.1","1,481.3","1,458.1","4.78M","1.60%"
"30/11/2011","1,446.6","1,492.9","1,492.9","1,446.6","6.30M","-2.34%"
"29/11/2011","1,481.3","1,458.1","1,492.9","1,458.1","7.24M","1.59%"
"28/11/2011","1,458.1","1,435.0","1,481.3","1,423.4","5.92M","2.44%"
"25/11/2011","1,423.4","1,423.4","1,435.0","1,400.3","3.11M","-0.81%"
"24/11/2011","1,435.0","1,469.7","1,469.7","1,435.0","2.89M","-2.36%"
"23/11/2011","1,469.7","1,492.9","1,504.4","1,458.1","3.07M","-0.78%"
"22/11/2011","1,481.3","1,435.0","1,504.4","1,435.0","5.82M","3.23%"
"21/11/2011","1,435.0","1,365.6","1,435.0","1,365.6","6.60M","3.33%"
"18/11/2011","1,388.7","1,365.6","1,388.7","1,342.4","7.77M","0.84%"
"17/11/2011","1,377.1","1,377.1","1,377.1","1,354.0","4.41M","0.00%"
"16/11/2011","1,377.1","1,365.6","1,388.7","1,354.0","5.09M","0.85%"
"15/11/2011","1,365.6","1,377.1","1,388.7","1,365.6","1.76M","-0.84%"
"14/11/2011","1,377.1","1,377.1","1,388.7","1,365.6","3.60M","-0.83%"
"11/11/2011","1,388.7","1,388.7","1,411.9","1,377.1","5.42M","1.69%"
"10/11/2011","1,365.6","1,319.3","1,400.3","1,319.3","6.65M","1.72%"
"09/11/2011","1,342.4","1,377.1","1,388.7","1,342.4","3.92M","-3.33%"
"08/11/2011","1,388.7","1,400.3","1,411.9","1,365.6","5.85M","-2.44%"
"07/11/2011","1,423.4","1,492.9","1,492.9","1,423.4","6.13M","-4.65%"
"04/11/2011","1,492.9","1,527.6","1,527.6","1,492.9","2.56M","-1.53%"
"03/11/2011","1,516.0","1,504.4","1,527.6","1,458.1","6.31M","-0.76%"
"02/11/2011","1,527.6","1,573.9","1,597.0","1,527.6","6.64M","-4.35%"