"Ngày","Lần cuối","Mở","Cao","Thấp","KL","% Thay đổi"
"19/12/2025","34,450.0","34,350.0","34,600.0","34,050.0","8.13M","0.29%"
"18/12/2025","34,350.0","34,700.0","34,750.0","33,950.0","5.82M","-1.01%"
"17/12/2025","34,700.0","35,500.0","35,550.0","34,350.0","10.67M","-1.59%"
"16/12/2025","35,260.8","34,569.4","35,260.8","33,912.6","21.83M","2.62%"
"15/12/2025","34,362.0","34,292.8","34,396.6","33,912.6","7.87M","0.40%"
"12/12/2025","34,223.7","34,776.8","34,984.2","34,223.7","11.59M","-1.20%"
"11/12/2025","34,638.5","35,053.4","35,053.4","34,569.4","6.59M","-0.79%"
"10/12/2025","34,915.1","34,846.0","35,122.5","34,638.5","5.59M","0.80%"
"09/12/2025","34,638.5","35,191.6","35,191.6","34,534.8","13.80M","-1.96%"
"08/12/2025","35,329.9","35,537.3","35,537.3","34,984.2","8.84M","-0.78%"
"05/12/2025","35,606.5","36,021.3","36,090.5","35,399.1","9.34M","-0.96%"
"04/12/2025","35,952.2","36,090.5","36,367.0","35,744.8","10.93M","0.00%"
"03/12/2025","35,952.2","34,223.7","36,228.7","34,223.7","32.79M","6.01%"
"02/12/2025","33,912.6","33,843.4","34,016.3","33,463.2","12.94M","1.34%"
"01/12/2025","33,463.2","33,808.9","33,843.4","33,463.2","3.96M","-1.22%"
"28/11/2025","33,878.0","33,636.0","33,878.0","33,324.9","6.76M","0.31%"
"27/11/2025","33,774.3","33,878.0","34,292.8","33,739.7","11.04M","-0.10%"
"26/11/2025","33,808.9","33,394.0","33,808.9","33,117.5","10.23M","1.56%"
"25/11/2025","33,290.3","33,670.6","33,843.4","33,290.3","8.05M","-1.33%"
"24/11/2025","33,739.7","33,947.2","34,016.3","33,705.2","5.23M","-0.61%"
"21/11/2025","33,947.2","33,601.5","34,016.3","33,394.0","9.43M","0.00%"
"20/11/2025","33,947.2","34,085.4","34,085.4","33,636.0","6.57M","-0.51%"
"19/11/2025","34,120.0","34,154.6","34,154.6","33,705.2","7.26M","-0.10%"
"18/11/2025","34,154.6","33,808.9","34,258.3","33,774.3","7.89M","1.13%"
"17/11/2025","33,774.3","33,705.2","33,843.4","33,428.6","7.25M","0.62%"
"14/11/2025","33,566.9","33,532.3","33,601.5","33,221.2","9.44M","-0.61%"
"13/11/2025","33,774.3","33,981.7","33,981.7","33,463.2","8.14M","-0.71%"
"12/11/2025","34,016.3","33,532.3","34,223.7","33,255.8","9.60M","1.44%"
"11/11/2025","33,532.3","33,290.3","33,532.3","32,495.2","12.74M","1.04%"
"10/11/2025","33,186.6","33,670.6","33,878.0","32,944.6","11.10M","-2.04%"
"07/11/2025","33,878.0","34,915.1","35,399.1","33,497.8","18.88M","-4.11%"
"06/11/2025","35,329.9","35,399.1","35,399.1","34,638.5","10.49M","-0.39%"
"05/11/2025","35,468.2","34,431.1","35,675.6","34,223.7","15.37M","2.70%"
"04/11/2025","34,534.8","33,359.5","34,569.4","33,082.9","10.67M","2.99%"
"03/11/2025","33,532.3","34,085.4","34,292.8","33,532.3","8.13M","-1.02%"
"31/10/2025","33,878.0","34,465.7","34,915.1","33,878.0","12.81M","-0.41%"
"30/10/2025","34,016.3","34,431.1","34,465.7","33,947.2","7.00M","-0.91%"
"29/10/2025","34,327.4","34,016.3","34,776.8","33,912.6","9.27M","1.33%"
"28/10/2025","33,878.0","33,566.9","33,878.0","33,013.8","9.04M","0.82%"
"27/10/2025","33,601.5","34,431.1","34,465.7","33,601.5","7.76M","-2.41%"
"24/10/2025","34,431.1","34,120.0","34,500.3","33,186.6","16.85M","0.20%"
"23/10/2025","34,362.0","34,569.4","34,846.0","34,292.8","12.29M","-1.58%"
"22/10/2025","34,915.1","34,915.1","34,915.1","33,532.3","16.87M","1.10%"
"21/10/2025","34,534.8","33,878.0","34,846.0","33,808.9","19.42M","2.15%"
"20/10/2025","33,808.9","36,505.3","36,920.1","33,739.7","36.32M","-6.32%"
"17/10/2025","36,090.5","37,127.5","37,473.2","36,090.5","25.77M","-2.97%"
"16/10/2025","37,196.7","37,957.2","38,026.3","36,989.3","15.87M","-1.82%"
"15/10/2025","37,888.1","37,680.6","38,164.6","37,404.1","11.70M","0.74%"
"14/10/2025","37,611.5","38,648.6","38,648.6","37,611.5","19.80M","-2.07%"
"13/10/2025","38,406.6","37,515.0","38,612.3","37,446.4","15.83M","1.45%"
"10/10/2025","37,857.9","38,200.8","38,749.5","37,652.2","19.38M","0.36%"
"09/10/2025","37,720.8","36,280.5","37,720.8","36,074.8","31.16M","3.97%"
"08/10/2025","36,280.5","35,800.4","36,623.4","35,663.3","17.32M","2.52%"
"07/10/2025","35,388.9","36,211.9","36,211.9","35,388.9","8.76M","-1.53%"
"06/10/2025","35,937.6","35,183.2","36,143.3","34,977.4","13.84M","3.15%"
"03/10/2025","34,840.3","35,183.2","35,251.8","34,497.4","11.00M","-1.36%"
"02/10/2025","35,320.3","35,526.1","35,937.6","35,114.6","12.15M","0.00%"
"01/10/2025","35,320.3","34,977.4","35,594.7","34,565.9","10.28M","1.38%"
"30/09/2025","34,840.3","34,840.3","34,977.4","34,291.6","9.40M","-0.39%"
"29/09/2025","34,977.4","34,771.7","35,114.6","34,565.9","6.35M","0.59%"
"26/09/2025","34,771.7","34,497.4","35,388.9","34,257.3","14.88M","0.80%"
"25/09/2025","34,497.4","34,634.5","34,840.3","34,360.2","6.79M","-0.40%"
"24/09/2025","34,634.5","34,085.9","34,634.5","33,811.5","7.45M","1.00%"
"23/09/2025","34,291.6","33,948.7","34,291.6","33,880.1","6.22M","1.42%"
"22/09/2025","33,811.5","34,771.7","34,908.8","33,640.1","16.89M","-3.71%"
"19/09/2025","35,114.6","35,046.0","35,251.8","34,497.4","11.77M","0.00%"
"18/09/2025","35,114.6","35,320.3","35,388.9","34,703.1","11.86M","-0.39%"
"17/09/2025","35,251.8","36,006.2","36,006.2","35,251.8","11.07M","-2.10%"
"16/09/2025","36,006.2","35,663.3","36,417.7","35,526.1","26.79M","1.74%"
"15/09/2025","35,388.9","34,703.1","35,388.9","34,257.3","18.62M","2.38%"
"12/09/2025","34,565.9","34,771.7","35,251.8","34,565.9","11.70M","-0.40%"
"11/09/2025","34,703.1","34,428.8","34,703.1","33,502.9","9.98M","0.20%"
"10/09/2025","34,634.5","34,017.3","35,251.8","34,017.3","17.34M","1.81%"
"09/09/2025","34,017.3","33,948.7","34,154.4","33,502.9","10.95M","0.20%"
"08/09/2025","33,948.7","34,291.6","34,360.2","33,640.1","21.36M","-1.59%"
"05/09/2025","34,497.4","35,114.6","35,388.9","34,497.4","16.20M","-1.37%"
"04/09/2025","34,977.4","34,703.1","35,526.1","34,565.9","13.05M","0.79%"
"03/09/2025","34,703.1","35,046.0","35,114.6","34,565.9","14.71M","-1.36%"
"29/08/2025","35,183.2","35,594.7","35,594.7","34,908.8","17.73M","-0.58%"
"28/08/2025","35,388.9","35,114.6","35,526.1","34,565.9","11.90M","0.98%"
"27/08/2025","35,046.0","35,663.3","36,486.3","34,840.3","26.86M","-0.20%"
"26/08/2025","35,114.6","33,297.1","35,114.6","33,262.9","14.39M","4.28%"
"25/08/2025","33,674.4","35,320.3","35,388.9","33,468.6","22.73M","-3.54%"
"22/08/2025","34,908.8","35,320.3","36,623.4","34,223.0","35.11M","-1.74%"
"21/08/2025","35,526.1","35,183.2","36,143.3","34,977.4","25.80M","2.37%"
"20/08/2025","34,703.1","34,051.6","35,663.3","33,674.4","22.76M","2.02%"
"19/08/2025","34,017.3","33,537.2","34,154.4","33,502.9","16.99M","2.27%"
"18/08/2025","33,262.9","33,640.1","33,880.1","33,057.1","17.93M","-1.02%"
"15/08/2025","33,605.8","34,840.3","34,908.8","33,468.6","22.86M","-2.39%"
"14/08/2025","34,428.8","34,428.8","35,046.0","34,017.3","27.03M","1.21%"
"13/08/2025","34,017.3","32,988.5","34,017.3","32,337.0","25.60M","3.33%"
"12/08/2025","32,919.9","32,577.0","33,228.6","32,234.1","20.77M","1.05%"
"11/08/2025","32,577.0","32,782.8","32,817.1","32,337.0","12.82M","-0.42%"
"08/08/2025","32,714.2","32,885.6","32,919.9","32,096.9","17.89M","-0.31%"
"07/08/2025","32,817.1","32,919.9","32,919.9","32,199.8","13.24M","0.74%"
"06/08/2025","32,577.0","32,371.3","32,748.5","31,925.5","13.84M","2.15%"
"05/08/2025","31,891.2","31,514.0","33,434.3","31,273.9","34.82M","1.86%"
"04/08/2025","31,308.2","30,176.6","31,376.8","29,902.3","14.03M","3.05%"
"01/08/2025","30,382.4","31,548.3","31,548.3","30,279.5","23.47M","-3.49%"
"31/07/2025","31,479.7","32,577.0","32,577.0","30,896.7","28.05M","-0.65%"
"30/07/2025","31,685.4","30,176.6","32,131.2","30,073.7","32.50M","5.48%"
"29/07/2025","30,039.4","31,411.1","31,582.6","30,039.4","21.31M","-3.95%"
"28/07/2025","31,273.9","31,205.4","31,548.3","31,136.8","15.29M","0.00%"
"25/07/2025","31,273.9","31,411.1","31,685.4","31,171.1","8.01M","-0.22%"
"24/07/2025","31,342.5","31,308.2","31,514.0","30,999.6","7.33M","0.11%"
"23/07/2025","31,308.2","31,342.5","31,445.4","30,725.3","9.16M","0.11%"
"22/07/2025","31,273.9","30,999.6","31,273.9","30,656.7","6.97M","0.88%"
"21/07/2025","30,999.6","31,273.9","31,376.8","30,656.7","9.49M","0.33%"
"18/07/2025","30,896.7","30,862.4","31,239.6","30,553.8","11.99M","0.11%"
"17/07/2025","30,862.4","30,793.9","30,965.3","30,588.1","10.88M","0.11%"
"16/07/2025","30,828.1","30,279.5","30,828.1","30,108.0","8.23M","1.81%"
"15/07/2025","30,279.5","30,382.4","30,759.6","30,245.2","10.37M","-0.34%"
"14/07/2025","30,382.4","30,519.5","30,553.8","29,970.9","17.45M","-0.67%"
"11/07/2025","30,588.1","30,828.1","30,828.1","30,553.8","8.30M","-0.89%"
"10/07/2025","30,862.4","30,793.9","30,862.4","30,382.4","9.47M","0.00%"
"09/07/2025","30,862.4","30,450.9","30,999.6","30,382.4","10.95M","1.35%"
"08/07/2025","30,450.9","30,519.5","30,588.1","30,210.9","5.76M","0.00%"
"07/07/2025","30,450.9","29,490.8","30,450.9","29,456.5","16.63M","3.98%"
"04/07/2025","29,285.0","29,285.0","29,353.6","28,942.1","6.48M","0.47%"
"03/07/2025","29,147.9","28,702.1","29,319.3","28,667.8","14.76M","1.43%"
"02/07/2025","28,736.4","28,702.1","28,873.5","28,667.8","6.19M","0.00%"
"01/07/2025","28,736.4","28,599.2","28,804.9","28,496.3","5.91M","0.00%"
"30/06/2025","28,736.4","28,804.9","28,804.9","28,496.3","8.55M","-0.12%"
"27/06/2025","28,770.7","28,804.9","28,907.8","28,496.3","8.55M","0.12%"
"26/06/2025","28,736.4","28,667.8","28,736.4","28,324.9","8.73M","0.48%"
"25/06/2025","28,599.2","28,599.2","28,804.9","28,462.0","12.42M","0.36%"
"24/06/2025","28,496.3","28,496.3","28,667.8","28,359.2","14.19M","0.48%"
"23/06/2025","28,359.2","28,084.8","28,359.2","27,810.5","7.01M","0.12%"
"20/06/2025","28,324.9","27,981.9","28,667.8","27,879.1","18.01M","1.47%"
"19/06/2025","27,913.4","27,570.4","28,153.4","27,467.6","14.66M","1.37%"
"18/06/2025","27,536.2","27,570.4","27,707.6","27,399.0","7.99M","-0.50%"
"17/06/2025","27,673.3","27,741.9","27,741.9","27,296.1","11.38M","0.12%"
"16/06/2025","27,639.0","27,399.0","27,639.0","27,364.7","8.80M","1.00%"
"13/06/2025","27,364.7","26,335.9","27,947.7","26,164.5","34.52M","3.64%"
"12/06/2025","26,404.5","26,095.9","26,438.8","25,993.0","11.92M","1.32%"
"11/06/2025","26,061.6","26,061.6","26,061.6","25,753.0","8.64M","0.40%"
"10/06/2025","25,958.7","26,061.6","26,198.8","25,958.7","6.72M","-0.39%"
"09/06/2025","26,061.6","26,198.8","26,233.1","25,993.0","4.59M","-0.52%"
"06/06/2025","26,198.8","26,370.2","26,370.2","26,095.9","5.02M","-0.91%"
"05/06/2025","26,438.8","26,404.5","26,576.0","26,061.6","6.27M","0.13%"
"04/06/2025","26,404.5","26,541.7","26,678.9","26,370.2","6.01M","-0.13%"
"03/06/2025","26,438.8","26,507.4","26,576.0","26,335.9","6.21M","0.39%"
"02/06/2025","26,335.9","26,233.1","26,507.4","26,027.3","6.38M","0.26%"
"30/05/2025","26,267.4","26,850.3","26,850.3","26,198.8","11.11M","-1.54%"
"29/05/2025","26,678.9","27,056.1","27,090.4","26,678.9","10.77M","-1.64%"
"28/05/2025","27,124.7","27,227.5","27,261.8","26,816.0","8.07M","-0.13%"
"27/05/2025","27,158.9","26,918.9","27,158.9","26,747.4","11.21M","0.89%"
"26/05/2025","26,918.9","26,576.0","26,918.9","26,061.6","10.14M","1.16%"
"23/05/2025","26,610.3","26,644.6","26,747.4","26,473.1","6.28M","-0.13%"
"22/05/2025","26,644.6","26,987.5","27,090.4","26,507.4","10.21M","-1.52%"
"21/05/2025","27,056.1","26,953.2","27,707.6","26,953.2","12.49M","-0.13%"
"20/05/2025","27,090.4","26,541.7","27,090.4","26,541.7","9.51M","1.02%"
"19/05/2025","26,816.0","26,576.0","26,884.6","26,438.8","10.47M","0.26%"
"16/05/2025","26,747.4","27,296.1","27,296.1","26,747.4","9.49M","-1.89%"
"15/05/2025","27,261.8","27,158.9","27,536.2","26,918.9","14.15M","0.38%"
"14/05/2025","27,158.9","27,056.1","27,158.9","26,816.0","13.48M","0.51%"
"13/05/2025","27,021.8","26,130.2","27,021.8","26,130.2","22.78M","4.10%"
"12/05/2025","25,958.7","25,718.7","26,027.3","25,684.4","12.97M","1.07%"
"09/05/2025","25,684.4","25,821.6","25,924.4","25,650.1","9.03M","-0.27%"
"08/05/2025","25,753.0","25,650.1","25,787.3","25,513.0","11.49M","0.27%"
"07/05/2025","25,684.4","25,718.7","25,753.0","25,478.7","8.86M","-0.40%"
"06/05/2025","25,787.3","25,615.8","25,958.7","25,513.0","10.47M","0.67%"
"05/05/2025","25,615.8","25,581.5","25,718.7","25,410.1","5.24M","0.40%"
"29/04/2025","25,513.0","25,204.3","25,513.0","25,170.0","7.14M","0.95%"
"28/04/2025","25,272.9","25,547.2","25,547.2","25,170.0","7.38M","-0.81%"
"25/04/2025","25,478.7","25,513.0","25,718.7","25,410.1","9.35M","-0.67%"
"24/04/2025","25,650.1","25,684.4","25,684.4","25,272.9","9.83M","0.27%"
"23/04/2025","25,581.5","25,650.1","25,821.6","25,375.8","9.70M","0.54%"
"22/04/2025","25,444.4","25,307.2","25,478.7","23,764.1","21.79M","-0.40%"
"21/04/2025","25,547.2","25,753.0","25,958.7","25,170.0","14.51M","-0.53%"
"18/04/2025","25,684.4","25,958.7","26,095.9","25,684.4","12.31M","0.54%"
"17/04/2025","25,547.2","25,375.8","25,615.8","25,135.7","12.58M","0.13%"
"16/04/2025","25,513.0","25,890.2","26,130.2","25,513.0","9.52M","-1.46%"
"15/04/2025","25,890.2","25,924.4","26,061.6","25,513.0","14.83M","-1.44%"
"14/04/2025","26,267.4","26,473.1","26,473.1","25,958.7","14.10M","-0.26%"
"11/04/2025","26,335.9","25,375.8","26,404.5","25,067.2","29.28M","6.22%"
"10/04/2025","24,792.8","24,792.8","24,792.8","24,792.8","4.20M","6.95%"
"09/04/2025","23,181.1","23,181.1","25,375.8","23,181.1","25.32M","-6.11%"
"08/04/2025","24,690.0","24,758.5","26,198.8","24,690.0","27.03M","-6.98%"
"04/04/2025","26,541.7","24,930.0","26,541.7","24,930.0","25.59M","-0.90%"
"03/04/2025","26,781.7","27,913.4","27,913.4","26,781.7","28.69M","-6.91%"
"02/04/2025","28,770.7","28,770.7","29,010.7","28,599.2","8.06M","0.24%"
"01/04/2025","28,702.1","28,564.9","28,702.1","28,153.4","6.85M","0.97%"
"31/03/2025","28,427.7","28,256.3","28,427.7","28,050.5","6.68M","0.24%"
"28/03/2025","28,359.2","28,462.0","28,496.3","28,222.0","5.92M","-0.60%"
"27/03/2025","28,530.6","28,393.4","28,633.5","28,290.6","5.08M","-0.36%"
"26/03/2025","28,633.5","28,976.4","29,113.6","28,530.6","7.91M","-1.30%"
"25/03/2025","29,010.7","28,770.7","29,010.7","28,599.2","7.28M","1.20%"
"24/03/2025","28,667.8","28,393.4","28,667.8","28,187.7","9.91M","0.36%"
"21/03/2025","28,564.9","28,530.6","28,564.9","28,153.4","10.65M","0.12%"
"20/03/2025","28,530.6","28,496.3","28,667.8","28,119.1","12.74M","0.12%"
"19/03/2025","28,496.3","28,736.4","28,804.9","28,393.4","12.54M","-1.07%"
"18/03/2025","28,804.9","29,422.2","29,422.2","28,770.7","7.82M","-1.41%"
"17/03/2025","29,216.4","29,010.7","29,216.4","28,942.1","5.00M","0.71%"
"14/03/2025","29,010.7","28,839.2","29,010.7","28,667.8","11.26M","0.00%"
"13/03/2025","29,010.7","29,285.0","29,285.0","28,907.8","11.45M","-0.82%"
"12/03/2025","29,250.7","29,353.6","29,696.5","29,010.7","13.52M","0.12%"
"11/03/2025","29,216.4","28,804.9","29,216.4","28,667.8","10.04M","0.35%"
"10/03/2025","29,113.6","29,285.0","29,285.0","28,873.5","13.25M","0.12%"
"07/03/2025","29,079.3","28,599.2","29,079.3","28,564.9","15.71M","1.80%"
"06/03/2025","28,564.9","28,393.4","28,633.5","28,256.3","8.16M","1.09%"
"05/03/2025","28,256.3","28,530.6","28,976.4","28,222.0","11.30M","-0.96%"
"04/03/2025","28,530.6","28,119.1","28,667.8","27,981.9","10.77M","0.85%"
"03/03/2025","28,290.6","28,256.3","28,290.6","28,016.2","11.10M","-0.60%"
"28/02/2025","28,462.0","28,324.9","28,530.6","28,119.1","8.00M","0.00%"
"27/02/2025","28,462.0","28,290.6","28,496.3","28,016.2","8.79M","0.36%"
"26/02/2025","28,359.2","28,667.8","28,667.8","28,187.7","13.64M","-1.19%"
"25/02/2025","28,702.1","28,770.7","28,873.5","28,393.4","8.29M","-0.12%"
"24/02/2025","28,736.4","28,462.0","28,770.7","28,359.2","9.78M","0.96%"
"21/02/2025","28,462.0","28,016.2","28,462.0","27,776.2","11.15M","1.59%"
"20/02/2025","28,016.2","28,153.4","28,153.4","27,741.9","7.62M","0.86%"
"19/02/2025","27,776.2","27,810.5","28,084.8","27,741.9","8.87M","0.50%"
"18/02/2025","27,639.0","27,536.2","28,119.1","27,467.6","9.46M","0.37%"
"17/02/2025","27,536.2","27,776.2","27,879.1","27,536.2","8.61M","-0.99%"
"14/02/2025","27,810.5","28,119.1","28,359.2","27,776.2","7.98M","-0.73%"
"13/02/2025","28,016.2","27,639.0","28,324.9","27,639.0","10.05M","0.86%"
"12/02/2025","27,776.2","27,913.4","27,981.9","27,707.6","6.99M","-0.49%"
"11/02/2025","27,913.4","27,673.3","28,050.5","27,536.2","11.02M","0.99%"
"10/02/2025","27,639.0","27,981.9","28,187.7","27,467.6","13.79M","-1.23%"
"07/02/2025","27,981.9","27,090.4","28,256.3","26,918.9","21.66M","3.29%"
"06/02/2025","27,090.4","27,021.8","27,330.4","26,884.6","9.44M","0.38%"
"05/02/2025","26,987.5","27,193.2","27,227.5","26,816.0","9.67M","-0.13%"
"04/02/2025","27,021.8","26,233.1","27,261.8","26,095.9","21.03M","3.55%"
"03/02/2025","26,095.9","26,233.1","26,473.1","25,924.4","12.04M","0.13%"
"24/01/2025","26,061.6","26,130.2","26,164.5","25,890.2","7.30M","-0.26%"
"23/01/2025","26,130.2","25,650.1","26,198.8","25,581.5","10.97M","2.14%"
"22/01/2025","25,581.5","25,787.3","25,787.3","25,547.2","6.51M","0.00%"
"21/01/2025","25,581.5","25,684.4","25,924.4","25,410.1","7.96M","0.00%"
"20/01/2025","25,581.5","25,547.2","25,855.9","25,478.7","6.36M","0.27%"
"17/01/2025","25,513.0","25,238.6","25,513.0","25,101.5","5.71M","1.09%"
"16/01/2025","25,238.6","25,272.9","25,513.0","24,964.3","9.61M","0.14%"
"15/01/2025","25,204.3","25,375.8","25,444.4","25,101.5","7.20M","-0.54%"
"14/01/2025","25,341.5","25,684.4","25,993.0","25,307.2","5.38M","-1.99%"
"13/01/2025","25,855.9","25,513.0","25,855.9","24,827.1","13.56M","0.53%"
"10/01/2025","25,718.7","25,650.1","26,198.8","25,513.0","10.85M","0.27%"
"09/01/2025","25,650.1","25,924.4","25,993.0","25,547.2","5.87M","-1.06%"
"08/01/2025","25,924.4","25,650.1","25,993.0","25,547.2","5.30M","0.93%"
"07/01/2025","25,684.4","25,718.7","26,061.6","25,478.7","9.06M","0.67%"
"06/01/2025","25,513.0","25,547.2","25,821.6","25,410.1","8.74M","0.00%"
"03/01/2025","25,513.0","25,924.4","26,061.6","25,513.0","14.88M","-2.36%"
"02/01/2025","26,130.2","26,061.6","26,267.4","25,787.3","8.31M","0.79%"
"31/12/2024","25,924.4","26,473.1","26,541.7","25,924.4","7.88M","-2.83%"
"30/12/2024","26,678.9","26,404.5","26,678.9","26,301.7","10.43M","0.26%"
"27/12/2024","26,610.3","26,301.7","26,610.3","26,061.6","13.80M","1.57%"
"26/12/2024","26,198.8","26,335.9","26,335.9","26,061.6","7.01M","0.00%"
"25/12/2024","26,198.8","24,827.1","26,541.7","24,827.1","36.43M","5.52%"
"24/12/2024","24,827.1","24,758.5","24,827.1","24,621.4","4.09M","-0.14%"
"23/12/2024","24,861.4","24,827.1","24,895.7","24,758.5","4.48M","0.28%"
"20/12/2024","24,792.8","24,690.0","24,792.8","24,484.2","4.94M","-0.14%"
"19/12/2024","24,827.1","24,587.1","24,827.1","24,415.6","9.14M","-0.14%"
"18/12/2024","24,861.4","24,827.1","24,964.3","24,552.8","4.24M","0.00%"
"17/12/2024","24,861.4","24,861.4","24,930.0","24,724.2","4.96M","0.00%"
"16/12/2024","24,861.4","24,930.0","25,170.0","24,827.1","4.15M","-0.28%"
"13/12/2024","24,930.0","24,792.8","25,032.9","24,758.5","6.05M","0.14%"
"12/12/2024","24,895.7","24,964.3","25,238.6","24,827.1","7.25M","-0.14%"
"11/12/2024","24,930.0","24,895.7","25,101.5","24,827.1","6.35M","0.00%"
"10/12/2024","24,930.0","24,998.6","25,032.9","24,758.5","4.76M","-0.27%"
"09/12/2024","24,998.6","24,792.8","25,032.9","24,724.2","6.35M","0.55%"
"06/12/2024","24,861.4","25,032.9","25,135.7","24,861.4","8.14M","-0.41%"
"05/12/2024","24,964.3","24,209.9","25,032.9","24,038.4","15.04M","3.12%"
"04/12/2024","24,209.9","24,415.6","24,484.2","24,209.9","5.98M","-1.67%"
"03/12/2024","24,621.4","24,655.7","24,655.7","24,312.7","7.61M","0.14%"
"02/12/2024","24,587.1","24,621.4","24,690.0","24,484.2","6.46M","0.28%"
"29/11/2024","24,518.5","24,347.0","24,587.1","24,175.6","7.44M","0.99%"
"28/11/2024","24,278.5","24,209.9","24,278.5","23,969.8","4.76M","0.71%"
"27/11/2024","24,107.0","24,072.7","24,209.9","23,969.8","3.99M","-0.42%"
"26/11/2024","24,209.9","24,004.1","24,244.2","23,935.5","6.56M","0.57%"
"25/11/2024","24,072.7","23,969.8","24,072.7","23,798.4","5.53M","0.29%"
"22/11/2024","24,004.1","23,935.5","24,141.3","23,798.4","8.94M","0.00%"
"21/11/2024","24,004.1","23,318.3","24,004.1","23,044.0","11.30M","2.94%"
"20/11/2024","23,318.3","22,666.7","23,318.3","22,666.7","9.39M","1.95%"
"19/11/2024","22,872.5","22,975.4","23,044.0","22,632.5","7.64M","0.15%"
"18/11/2024","22,838.2","22,701.0","23,078.2","22,426.7","5.89M","0.60%"
"15/11/2024","22,701.0","23,044.0","23,044.0","22,495.3","12.08M","-1.49%"
"14/11/2024","23,044.0","23,524.0","23,524.0","23,044.0","7.62M","-2.18%"
"13/11/2024","23,558.3","23,626.9","23,661.2","23,284.0","6.14M","-0.43%"
"12/11/2024","23,661.2","23,867.0","23,901.2","23,455.5","4.83M","-1.29%"
"11/11/2024","23,969.8","24,004.1","24,004.1","23,215.4","23.61M","-0.14%"
"08/11/2024","24,004.1","24,484.2","24,690.0","23,867.0","7.11M","-1.69%"
"07/11/2024","24,415.6","24,621.4","24,792.8","24,415.6","5.53M","-0.84%"
"06/11/2024","24,621.4","24,141.3","24,621.4","24,072.7","5.13M","2.43%"
"05/11/2024","24,038.4","24,347.0","24,484.2","24,038.4","5.92M","-1.82%"
"04/11/2024","24,484.2","24,381.3","24,655.7","24,244.2","7.59M","0.28%"
"01/11/2024","24,415.6","24,381.3","24,655.7","24,347.0","11.55M","-0.28%"
"31/10/2024","24,484.2","23,935.5","24,518.5","23,867.0","12.15M","2.73%"
"30/10/2024","23,832.7","23,935.5","24,004.1","23,661.2","3.80M","-0.57%"
"29/10/2024","23,969.8","23,798.4","23,969.8","23,798.4","4.18M","0.72%"
"28/10/2024","23,798.4","23,764.1","23,867.0","23,695.5","3.31M","0.29%"
"25/10/2024","23,729.8","23,832.7","23,867.0","23,661.2","6.43M","-0.72%"
"24/10/2024","23,901.2","24,004.1","24,107.0","23,352.6","9.27M","-0.57%"
"23/10/2024","24,038.4","24,004.1","24,107.0","23,832.7","6.49M","0.14%"
"22/10/2024","24,004.1","24,347.0","24,449.9","23,867.0","13.77M","-1.41%"
"21/10/2024","24,347.0","24,758.5","24,930.0","24,347.0","11.92M","-2.07%"
"18/10/2024","24,861.4","25,238.6","25,307.2","24,861.4","10.20M","-0.82%"
"17/10/2024","25,067.2","25,032.9","25,067.2","24,724.2","8.97M","0.69%"
"16/10/2024","24,895.7","24,758.5","24,998.6","24,621.4","5.46M","0.41%"
"15/10/2024","24,792.8","24,861.4","25,238.6","24,758.5","15.31M","0.28%"
"14/10/2024","24,724.2","24,964.3","24,998.6","24,724.2","5.85M","-0.55%"
"11/10/2024","24,861.4","24,861.4","24,895.7","24,552.8","6.10M","0.28%"
"10/10/2024","24,792.8","24,998.6","25,135.7","24,724.2","9.01M","0.14%"
"09/10/2024","24,758.5","24,552.8","25,101.5","24,484.2","13.22M","0.98%"
"08/10/2024","24,518.5","24,552.8","24,792.8","24,381.3","9.60M","-0.14%"
"07/10/2024","24,552.8","24,621.4","24,655.7","24,347.0","7.66M","0.56%"
"04/10/2024","24,415.6","24,792.8","24,792.8","24,415.6","12.36M","-1.66%"
"03/10/2024","24,827.1","24,690.0","25,204.3","24,621.4","13.18M","0.56%"
"02/10/2024","24,690.0","24,792.8","24,998.6","24,655.7","16.30M","-1.37%"
"01/10/2024","25,032.9","25,341.5","25,444.4","24,930.0","17.81M","-1.22%"
"30/09/2024","25,341.5","25,307.2","25,513.0","25,135.7","7.00M","-0.14%"
"27/09/2024","25,375.8","24,998.6","25,753.0","24,998.6","22.59M","1.65%"
"26/09/2024","24,964.3","24,690.0","24,998.6","24,312.7","33.02M","1.11%"
"25/09/2024","24,690.0","25,032.9","25,101.5","24,690.0","14.17M","-0.14%"
"24/09/2024","24,724.2","24,621.4","24,827.1","24,449.9","8.02M","0.42%"
"23/09/2024","24,621.4","24,655.7","24,895.7","24,449.9","6.42M","-0.28%"
"20/09/2024","24,690.0","24,724.2","25,135.7","24,655.7","19.04M","0.00%"
"19/09/2024","24,690.0","24,518.5","24,827.1","24,415.6","8.44M","0.84%"
"18/09/2024","24,484.2","23,969.8","24,895.7","23,867.0","25.29M","2.15%"
"17/09/2024","23,969.8","23,695.5","23,969.8","23,558.3","7.56M","0.87%"
"16/09/2024","23,764.1","23,969.8","23,969.8","23,661.2","8.40M","-0.72%"
"13/09/2024","23,935.5","23,867.0","24,004.1","23,764.1","4.98M","-0.29%"
"12/09/2024","24,004.1","24,175.6","24,175.6","23,798.4","7.23M","0.14%"
"11/09/2024","23,969.8","23,969.8","24,072.7","23,626.9","7.95M","0.00%"
"10/09/2024","23,969.8","24,278.5","24,381.3","23,867.0","10.81M","-1.41%"
"09/09/2024","24,312.7","24,141.3","24,312.7","24,004.1","7.78M","-0.14%"
"06/09/2024","24,347.0","23,867.0","24,347.0","23,729.8","13.24M","1.43%"
"05/09/2024","24,004.1","24,141.3","24,347.0","23,729.8","12.30M","-0.85%"
"04/09/2024","24,209.9","23,729.8","24,209.9","23,626.9","15.11M","0.71%"
"30/08/2024","24,038.4","24,004.1","24,072.7","23,764.1","11.75M","0.14%"
"29/08/2024","24,004.1","23,969.8","24,244.2","23,661.2","18.12M","0.29%"
"28/08/2024","23,935.5","23,935.5","23,969.8","23,661.2","8.59M","0.14%"
"27/08/2024","23,901.2","23,729.8","24,004.1","23,489.7","16.92M","0.72%"
"26/08/2024","23,729.8","24,004.1","24,004.1","23,592.6","13.86M","-1.00%"
"23/08/2024","23,969.8","23,592.6","23,969.8","23,421.2","14.26M","1.01%"
"22/08/2024","23,729.8","23,558.3","24,004.1","23,524.0","16.61M","1.17%"
"21/08/2024","23,455.5","22,803.9","23,455.5","22,632.5","39.75M","3.01%"
"20/08/2024","22,769.6","22,392.4","22,872.5","22,358.1","15.57M","1.68%"
"19/08/2024","22,392.4","22,289.5","22,426.7","22,186.7","8.48M","0.46%"
"16/08/2024","22,289.5","21,843.8","22,289.5","21,809.5","11.36M","2.04%"
"15/08/2024","21,843.8","21,809.5","21,912.3","21,569.4","6.40M","0.16%"
"14/08/2024","21,809.5","21,843.8","21,946.6","21,672.3","6.75M","-0.16%"
"13/08/2024","21,843.8","21,843.8","21,843.8","21,500.8","5.44M","0.47%"
"12/08/2024","21,740.9","21,638.0","21,775.2","21,398.0","4.41M","0.63%"
"09/08/2024","21,603.7","20,815.0","21,603.7","20,815.0","10.38M","4.30%"
"08/08/2024","20,712.1","20,712.1","20,883.6","20,609.3","7.46M","0.00%"
"07/08/2024","20,712.1","21,020.8","21,020.8","20,609.3","5.63M","-1.15%"
"06/08/2024","20,952.2","20,917.9","20,986.5","20,540.7","7.05M","1.33%"
"05/08/2024","20,677.8","21,192.2","21,226.5","20,575.0","15.38M","-4.44%"
"02/08/2024","21,638.0","21,295.1","21,638.0","20,746.4","15.05M","0.32%"
"01/08/2024","21,569.4","21,946.6","22,255.2","21,466.5","12.74M","-1.72%"
"31/07/2024","21,946.6","21,946.6","22,152.4","21,809.5","9.46M","0.00%"
"30/07/2024","21,946.6","21,946.6","22,015.2","21,809.5","6.20M","-0.31%"
"29/07/2024","22,015.2","22,049.5","22,186.7","22,015.2","4.51M","0.16%"
"26/07/2024","21,980.9","21,638.0","22,049.5","21,638.0","4.75M","1.58%"
"25/07/2024","21,638.0","21,946.6","21,946.6","21,535.1","8.83M","-2.02%"
"24/07/2024","22,083.8","22,186.7","22,289.5","21,740.9","14.92M","-0.62%"
"23/07/2024","22,221.0","23,112.5","23,112.5","21,980.9","14.21M","-3.71%"
"22/07/2024","23,078.2","22,769.6","23,386.9","22,735.3","22.95M","0.75%"
"19/07/2024","22,906.8","22,803.9","23,181.1","22,461.0","14.68M","-0.15%"
"18/07/2024","22,941.1","22,838.2","22,941.1","22,461.0","11.73M","1.36%"
"17/07/2024","22,632.5","22,426.7","23,181.1","22,323.8","32.69M","1.54%"
"16/07/2024","22,289.5","22,049.5","22,529.6","22,015.2","9.53M","1.25%"
"15/07/2024","22,015.2","21,980.9","22,083.8","21,946.6","3.55M","0.31%"
"12/07/2024","21,946.6","22,083.8","22,152.4","21,878.0","5.60M","-0.62%"
"11/07/2024","22,083.8","22,289.5","22,358.1","22,083.8","5.59M","-0.62%"
"10/07/2024","22,221.0","22,426.7","22,529.6","22,221.0","7.53M","-0.92%"
"09/07/2024","22,426.7","22,358.1","22,495.3","22,221.0","6.84M","0.31%"
"08/07/2024","22,358.1","22,461.0","22,461.0","22,152.4","5.57M","-0.31%"
"05/07/2024","22,426.7","22,186.7","22,529.6","22,015.2","8.09M","1.24%"
"04/07/2024","22,152.4","22,221.0","22,289.5","21,980.9","3.65M","-0.15%"
"03/07/2024","22,186.7","22,186.7","22,289.5","21,980.9","4.80M","0.15%"
"02/07/2024","22,152.4","21,946.6","22,186.7","21,878.0","7.41M","0.94%"
"01/07/2024","21,946.6","21,157.9","21,946.6","21,157.9","5.68M","3.23%"
"28/06/2024","21,260.8","21,466.5","21,569.4","21,260.8","6.54M","-0.96%"
"27/06/2024","21,466.5","21,466.5","21,535.1","21,363.7","5.91M","0.00%"
"26/06/2024","21,466.5","21,672.3","21,706.6","21,295.1","9.48M","-0.95%"
"25/06/2024","21,672.3","21,878.0","21,878.0","21,569.4","7.83M","-0.16%"
"24/06/2024","21,706.6","22,083.8","22,186.7","21,638.0","12.21M","-1.71%"
"21/06/2024","22,083.8","22,221.0","22,255.2","22,049.5","7.09M","0.00%"
"20/06/2024","22,083.8","22,152.4","22,323.8","21,946.6","10.19M","-0.92%"
"19/06/2024","22,289.5","22,221.0","22,323.8","21,912.3","9.70M","0.46%"
"18/06/2024","22,186.7","22,461.0","22,529.6","22,186.7","11.20M","-1.22%"
"17/06/2024","22,461.0","22,495.3","22,598.2","22,152.4","12.18M","-0.15%"
"14/06/2024","22,495.3","23,249.7","23,284.0","22,495.3","15.09M","-3.24%"
"13/06/2024","23,249.7","23,318.3","23,421.2","22,975.4","20.26M","1.19%"
"12/06/2024","22,975.4","22,803.9","23,078.2","22,529.6","10.98M","0.90%"
"11/06/2024","22,769.6","23,284.0","23,284.0","22,735.3","15.50M","-0.90%"
"10/06/2024","22,975.4","22,598.2","23,284.0","22,563.9","19.26M","2.13%"
"07/06/2024","22,495.3","22,495.3","22,563.9","22,392.4","6.23M","0.61%"
"06/06/2024","22,358.1","22,289.5","22,426.7","22,186.7","10.76M","0.62%"
"05/06/2024","22,221.0","22,563.9","22,598.2","22,221.0","12.13M","-1.22%"
"04/06/2024","22,495.3","22,426.7","22,598.2","22,255.2","12.79M","0.61%"
"03/06/2024","22,358.1","22,118.1","22,495.3","21,980.9","14.36M","2.19%"
"31/05/2024","21,878.0","21,809.5","22,083.8","21,809.5","8.95M","0.31%"
"30/05/2024","21,809.5","21,500.8","22,015.2","21,500.8","13.91M","0.47%"
"29/05/2024","21,706.6","22,083.8","22,083.8","21,706.6","22.61M","-1.71%"
"28/05/2024","22,083.8","22,255.2","22,289.5","21,740.9","35.70M","-0.62%"
"27/05/2024","22,221.0","22,426.7","22,426.7","22,015.2","11.89M","-0.31%"
"24/05/2024","22,289.5","22,701.0","23,249.7","22,152.4","20.14M","-2.26%"
"23/05/2024","22,803.9","22,598.2","22,803.9","22,358.1","8.06M","0.76%"
"22/05/2024","22,632.5","23,215.4","23,249.7","22,426.7","16.84M","-1.93%"
"21/05/2024","23,078.2","22,941.1","23,386.9","22,872.5","8.79M","0.90%"
"20/05/2024","22,872.5","22,838.2","23,249.7","22,666.7","17.57M","0.76%"
"17/05/2024","22,701.0","22,872.5","22,906.8","22,563.9","8.60M","-0.30%"
"16/05/2024","22,769.6","22,495.3","23,112.5","22,323.8","20.53M","2.63%"
"15/05/2024","22,186.7","22,255.2","22,632.5","22,118.1","11.47M","0.15%"
"14/05/2024","22,152.4","22,221.0","22,426.7","22,118.1","8.16M","0.00%"
"13/05/2024","22,152.4","22,529.6","22,529.6","22,118.1","10.13M","-1.67%"
"10/05/2024","22,529.6","22,735.3","22,735.3","22,323.8","6.74M","-0.15%"
"09/05/2024","22,563.9","22,495.3","22,906.8","22,255.2","10.41M","0.92%"
"08/05/2024","22,358.1","22,392.4","22,632.5","22,186.7","12.15M","-0.61%"
"07/05/2024","22,495.3","22,769.6","22,803.9","22,495.3","7.15M","-1.20%"
"06/05/2024","22,769.6","22,358.1","22,803.9","22,186.7","11.03M","2.47%"
"03/05/2024","22,221.0","22,255.2","22,529.6","22,049.5","8.91M","0.15%"
"02/05/2024","22,186.7","22,495.3","22,495.3","21,946.6","9.20M","-1.37%"
"26/04/2024","22,495.3","22,323.8","22,735.3","22,049.5","12.98M","-0.61%"
"25/04/2024","22,632.5","22,529.6","22,632.5","22,118.1","7.03M","0.15%"
"24/04/2024","22,598.2","21,946.6","22,598.2","21,740.9","13.04M","4.60%"
"23/04/2024","21,603.7","22,118.1","22,289.5","21,363.7","15.46M","-2.48%"
"22/04/2024","22,152.4","21,980.9","22,221.0","21,740.9","11.24M","2.22%"
"19/04/2024","21,672.3","22,015.2","22,461.0","21,432.3","18.86M","-3.36%"
"17/04/2024","22,426.7","23,489.7","23,489.7","22,392.4","27.62M","-3.96%"
"16/04/2024","23,352.6","23,249.7","23,352.6","22,495.3","22.29M","1.79%"
"15/04/2024","22,941.1","24,552.8","24,895.7","22,906.8","42.37M","-6.82%"
"12/04/2024","24,621.4","23,181.1","24,724.2","23,078.2","34.39M","6.53%"
"11/04/2024","23,112.5","22,838.2","23,112.5","22,803.9","6.05M","0.15%"
"10/04/2024","23,078.2","23,558.3","23,558.3","23,078.2","6.22M","-1.75%"
"09/04/2024","23,489.7","23,249.7","23,489.7","23,009.7","7.58M","2.24%"
"08/04/2024","22,975.4","22,838.2","23,489.7","22,598.2","17.37M","0.90%"
"05/04/2024","22,769.6","22,769.6","23,044.0","22,701.0","14.22M","-1.04%"
"04/04/2024","23,009.7","23,455.5","23,524.0","22,975.4","10.28M","-1.47%"
"03/04/2024","23,352.6","23,935.5","24,004.1","23,249.7","13.18M","-2.71%"
"02/04/2024","24,004.1","23,661.2","24,141.3","23,386.9","10.09M","0.00%"
"01/04/2024","24,004.1","24,278.5","24,278.5","23,832.7","11.45M","-1.55%"
"29/03/2024","24,381.3","24,518.5","24,518.5","24,107.0","6.49M","-0.56%"
"28/03/2024","24,518.5","24,621.4","24,621.4","24,209.9","10.17M","0.70%"
"27/03/2024","24,347.0","24,004.1","24,347.0","23,867.0","7.33M","0.85%"
"26/03/2024","24,141.3","23,832.7","24,278.5","23,764.1","5.50M","1.44%"
"25/03/2024","23,798.4","24,347.0","24,484.2","23,661.2","13.85M","-2.80%"
"22/03/2024","24,484.2","24,072.7","24,964.3","24,004.1","23.08M","2.29%"
"21/03/2024","23,935.5","23,729.8","23,935.5","23,352.6","13.14M","1.60%"
"20/03/2024","23,558.3","22,769.6","23,661.2","22,632.5","13.72M","3.15%"
"19/03/2024","22,838.2","22,906.8","23,181.1","22,598.2","10.34M","0.00%"
"18/03/2024","22,838.2","23,832.7","24,004.1","22,186.7","16.47M","-4.17%"
"15/03/2024","23,832.7","23,592.6","24,278.5","23,284.0","13.87M","0.87%"
"14/03/2024","23,626.9","24,141.3","24,141.3","23,455.5","10.14M","-1.99%"
"13/03/2024","24,107.0","23,729.8","24,107.0","23,455.5","8.88M","1.88%"
"12/03/2024","23,661.2","23,318.3","23,729.8","23,284.0","9.78M","1.02%"
"11/03/2024","23,421.2","23,661.2","23,832.7","23,249.7","11.34M","-1.01%"
"08/03/2024","23,661.2","24,552.8","24,587.1","23,661.2","30.13M","-3.63%"
"07/03/2024","24,552.8","24,690.0","24,724.2","24,312.7","12.85M","-0.83%"
"06/03/2024","24,758.5","24,964.3","25,341.5","24,449.9","16.08M","-0.96%"
"05/03/2024","24,998.6","24,690.0","24,998.6","24,518.5","10.67M","1.25%"
"04/03/2024","24,690.0","24,415.6","25,307.2","24,107.0","25.41M","1.12%"
"01/03/2024","24,415.6","24,484.2","24,484.2","24,004.1","13.28M","0.14%"
"29/02/2024","24,381.3","24,827.1","24,895.7","24,141.3","18.51M","-1.11%"
"28/02/2024","24,655.7","24,964.3","24,998.6","24,449.9","14.19M","-0.55%"
"27/02/2024","24,792.8","24,484.2","24,895.7","24,312.7","13.11M","1.40%"
"26/02/2024","24,449.9","24,141.3","24,587.1","24,072.7","9.24M","1.28%"
"23/02/2024","24,141.3","24,552.8","25,478.7","24,004.1","37.26M","-1.40%"
"22/02/2024","24,484.2","24,484.2","24,518.5","24,175.6","10.21M","0.42%"
"21/02/2024","24,381.3","24,175.6","24,827.1","24,038.4","15.03M","0.99%"
"20/02/2024","24,141.3","24,209.9","24,415.6","23,798.4","9.88M","-0.56%"
"19/02/2024","24,278.5","24,072.7","24,347.0","23,661.2","15.44M","0.43%"
"16/02/2024","24,175.6","24,209.9","24,209.9","23,764.1","10.85M","0.71%"
"15/02/2024","24,004.1","24,415.6","24,552.8","24,004.1","12.80M","-1.41%"
"07/02/2024","24,347.0","23,592.6","24,895.7","23,592.6","19.58M","3.20%"
"06/02/2024","23,592.6","23,318.3","23,626.9","23,215.4","12.50M","1.47%"
"05/02/2024","23,249.7","21,775.2","23,249.7","21,775.2","31.36M","6.94%"
"02/02/2024","21,740.9","21,946.6","22,049.5","21,638.0","6.56M","-1.09%"
"01/02/2024","21,980.9","21,569.4","22,015.2","21,569.4","7.41M","1.42%"
"31/01/2024","21,672.3","22,255.2","22,289.5","21,466.5","17.25M","-1.86%"
"30/01/2024","22,083.8","22,186.7","22,255.2","21,980.9","5.41M","-0.31%"
"29/01/2024","22,152.4","22,015.2","22,461.0","21,946.6","8.50M","0.62%"
"26/01/2024","22,015.2","22,015.2","22,118.1","21,912.3","5.32M","0.16%"
"25/01/2024","21,980.9","21,946.6","22,015.2","21,672.3","7.47M","0.16%"
"24/01/2024","21,946.6","21,912.3","22,221.0","21,878.0","7.23M","-0.62%"
"23/01/2024","22,083.8","22,392.4","22,495.3","21,878.0","13.21M","-1.38%"
"22/01/2024","22,392.4","22,323.8","22,392.4","21,912.3","12.55M","0.15%"
"19/01/2024","22,358.1","21,740.9","22,358.1","21,569.4","20.41M","3.49%"
"18/01/2024","21,603.7","21,363.7","21,672.3","21,192.2","12.79M","1.12%"
"17/01/2024","21,363.7","21,295.1","21,603.7","21,260.8","9.75M","-0.80%"
"16/01/2024","21,535.1","21,295.1","21,535.1","21,123.6","10.76M","0.00%"
"15/01/2024","21,535.1","21,638.0","21,740.9","21,260.8","10.05M","-0.32%"
"12/01/2024","21,603.7","21,123.6","21,843.8","20,986.5","24.86M","1.61%"
"11/01/2024","21,260.8","21,329.4","21,603.7","20,849.3","14.10M","0.00%"
"10/01/2024","21,260.8","20,575.0","21,363.7","20,472.1","20.14M","3.33%"
"09/01/2024","20,575.0","20,300.6","20,677.8","20,094.9","20.76M","1.52%"
"08/01/2024","20,266.3","20,232.0","20,437.8","19,923.4","17.52M","1.90%"
"05/01/2024","19,889.1","19,717.7","19,992.0","19,683.4","12.68M","1.40%"
"04/01/2024","19,614.8","18,963.3","20,232.0","18,894.7","21.25M","3.62%"
"03/01/2024","18,929.0","18,654.6","18,929.0","18,551.8","4.52M","1.47%"
"02/01/2024","18,654.6","18,620.3","18,688.9","18,551.8","4.77M","0.37%"
"29/12/2023","18,586.0","18,654.6","18,757.5","18,586.0","6.73M","0.00%"
"28/12/2023","18,586.0","18,414.6","18,586.0","18,346.0","4.32M","0.93%"
"27/12/2023","18,414.6","18,380.3","18,448.9","18,346.0","4.35M","0.19%"
"26/12/2023","18,380.3","18,414.6","18,483.2","18,380.3","4.70M","-0.37%"
"25/12/2023","18,448.9","18,208.8","18,448.9","18,174.5","5.91M","1.70%"
"22/12/2023","18,140.3","18,174.5","18,243.1","18,071.7","3.14M","-0.38%"
"21/12/2023","18,208.8","18,106.0","18,243.1","18,003.1","3.73M","0.00%"
"20/12/2023","18,208.8","18,037.4","18,243.1","17,968.8","3.45M","0.19%"
"19/12/2023","18,174.5","17,900.2","18,174.5","17,797.3","3.34M","1.73%"
"18/12/2023","17,865.9","18,174.5","18,311.7","17,865.9","5.55M","-2.43%"
"15/12/2023","18,311.7","18,174.5","18,414.6","18,071.7","5.74M","-0.19%"
"14/12/2023","18,346.0","18,483.2","18,483.2","18,140.3","5.60M","0.00%"
"13/12/2023","18,346.0","18,620.3","18,757.5","18,311.7","5.25M","-0.93%"
"12/12/2023","18,517.5","18,448.9","18,517.5","18,311.7","4.84M","0.56%"
"11/12/2023","18,414.6","18,483.2","18,551.8","18,311.7","3.19M","-0.19%"
"08/12/2023","18,448.9","18,517.5","18,586.0","18,311.7","5.38M","0.00%"
"07/12/2023","18,448.9","18,346.0","18,586.0","18,208.8","8.18M","0.94%"
"06/12/2023","18,277.4","18,174.5","18,311.7","18,174.5","4.64M","0.57%"
"05/12/2023","18,174.5","18,243.1","18,311.7","18,174.5","3.69M","-0.19%"
"04/12/2023","18,208.8","18,140.3","18,243.1","18,003.1","11.05M","0.95%"
"01/12/2023","18,037.4","18,140.3","18,140.3","17,831.6","2.84M","0.00%"
"30/11/2023","18,037.4","18,037.4","18,311.7","17,934.5","3.84M","-0.04%"
"29/11/2023","18,044.7","17,983.4","18,136.8","17,922.0","4.12M","0.34%"
"28/11/2023","17,983.4","17,983.4","17,983.4","17,707.2","3.34M","-0.34%"
"27/11/2023","18,044.7","18,198.2","18,198.2","17,860.6","2.31M","-0.68%"
"24/11/2023","18,167.5","17,922.0","18,167.5","17,615.1","4.99M","1.37%"
"23/11/2023","17,922.0","18,259.6","18,259.6","17,922.0","3.09M","-1.35%"
"22/11/2023","18,167.5","18,106.1","18,228.9","18,014.1","2.99M","0.68%"
"21/11/2023","18,044.7","18,320.9","18,320.9","18,044.7","2.97M","-0.51%"
"20/11/2023","18,136.8","17,922.0","18,259.6","17,860.6","3.51M","-0.51%"
"17/11/2023","18,228.9","18,535.8","18,597.1","18,075.4","6.92M","-1.82%"
"16/11/2023","18,566.4","18,382.3","18,597.1","18,351.6","3.63M","0.17%"
"15/11/2023","18,535.8","18,474.4","18,781.3","18,474.4","8.68M","1.34%"
"14/11/2023","18,290.3","18,320.9","18,474.4","18,167.5","6.03M","1.36%"
"13/11/2023","18,044.7","17,983.4","18,136.8","17,922.0","5.06M","0.00%"
"10/11/2023","18,044.7","17,952.7","18,044.7","17,768.6","5.62M","-0.34%"
"09/11/2023","18,106.1","18,014.1","18,259.6","17,922.0","7.45M","0.85%"
"08/11/2023","17,952.7","17,553.7","17,952.7","17,338.9","4.74M","2.45%"
"07/11/2023","17,523.0","17,431.0","17,615.1","17,369.6","3.68M","0.00%"
"06/11/2023","17,523.0","17,400.3","17,615.1","17,400.3","3.78M","1.96%"
"03/11/2023","17,185.5","17,431.0","17,461.7","17,185.5","5.75M","-0.88%"
"02/11/2023","17,338.9","16,940.0","17,492.4","16,940.0","3.83M","3.10%"
"01/11/2023","16,817.2","17,062.7","17,062.7","16,755.8","4.91M","-1.08%"
"31/10/2023","17,001.3","17,032.0","17,185.5","16,940.0","4.58M","0.18%"
"30/10/2023","16,970.7","16,970.7","17,308.2","16,970.7","2.80M","-1.95%"
"27/10/2023","17,308.2","17,400.3","17,461.7","17,032.0","4.69M","-0.53%"
"26/10/2023","17,400.3","17,400.3","17,523.0","16,909.3","9.66M","-2.24%"
"25/10/2023","17,799.2","17,983.4","18,106.1","17,768.6","2.83M","-1.69%"
"24/10/2023","18,106.1","17,983.4","18,106.1","17,829.9","3.99M","0.68%"
"23/10/2023","17,983.4","18,044.7","18,044.7","17,676.5","2.57M","-0.34%"
"20/10/2023","18,044.7","17,461.7","18,259.6","17,124.1","5.82M","2.80%"
"19/10/2023","17,553.7","17,400.3","17,553.7","17,185.5","2.93M","0.88%"
"18/10/2023","17,400.3","17,553.7","17,676.5","17,216.2","3.44M","-0.87%"
"17/10/2023","17,553.7","17,799.2","17,891.3","17,553.7","2.67M","-0.69%"
"16/10/2023","17,676.5","17,952.7","17,983.4","17,676.5","3.27M","-1.71%"
"13/10/2023","17,983.4","17,983.4","18,167.5","17,799.2","2.36M","-1.01%"
"12/10/2023","18,167.5","18,228.9","18,259.6","18,014.1","3.38M","0.34%"
"11/10/2023","18,106.1","17,983.4","18,106.1","17,829.9","2.84M","0.68%"
"10/10/2023","17,983.4","18,014.1","18,136.8","17,922.0","4.80M","0.51%"
"09/10/2023","17,891.3","17,584.4","17,922.0","17,584.4","3.07M","1.57%"
"06/10/2023","17,615.1","17,492.4","17,645.8","17,093.4","5.10M","2.14%"
"05/10/2023","17,246.8","17,829.9","17,891.3","17,246.8","7.89M","-2.77%"
"04/10/2023","17,737.9","17,615.1","17,860.6","17,553.7","4.97M","-0.69%"
"03/10/2023","17,860.6","18,106.1","18,106.1","17,645.8","12.45M","-2.84%"
"02/10/2023","18,382.3","18,474.4","18,627.8","17,154.8","8.62M","-0.33%"
"29/09/2023","18,443.7","18,750.6","19,057.5","18,443.7","8.65M","-2.59%"
"28/09/2023","18,934.7","18,842.6","19,026.8","17,707.2","12.73M","-0.48%"
"27/09/2023","19,026.8","18,658.5","19,026.8","18,413.0","5.90M","2.31%"
"26/09/2023","18,597.1","18,351.6","18,934.7","18,259.6","8.49M","1.68%"
"25/09/2023","18,290.3","19,303.0","19,456.4","18,290.3","10.86M","-5.85%"
"22/09/2023","19,425.7","19,333.7","19,487.1","19,026.8","13.29M","-0.16%"
"21/09/2023","19,456.4","19,701.9","19,732.6","19,456.4","9.69M","-1.09%"
"20/09/2023","19,671.2","19,701.9","19,855.4","19,487.1","10.78M","-0.16%"
"19/09/2023","19,701.9","19,671.2","19,794.0","19,364.3","7.89M","0.16%"
"18/09/2023","19,671.2","20,100.9","20,100.9","19,517.8","14.06M","-2.14%"
"15/09/2023","20,100.9","20,315.7","20,561.2","20,039.5","10.48M","-1.36%"
"14/09/2023","20,377.1","20,100.9","20,653.3","20,100.9","22.83M","2.00%"
"13/09/2023","19,978.1","19,824.7","20,100.9","19,609.8","12.93M","0.77%"
"12/09/2023","19,824.7","19,640.5","19,824.7","19,487.1","6.35M","1.25%"
"11/09/2023","19,579.2","19,947.4","20,100.9","19,517.8","12.11M","-1.24%"
"08/09/2023","19,824.7","20,070.2","20,070.2","19,824.7","5.94M","-1.07%"
"07/09/2023","20,039.5","20,070.2","20,438.4","20,039.5","12.56M","0.00%"
"06/09/2023","20,039.5","20,070.2","20,100.9","19,794.0","7.21M","0.00%"
"05/09/2023","20,039.5","19,947.4","20,254.3","19,947.4","9.65M","0.62%"
"31/08/2023","19,916.7","19,732.6","20,008.8","19,732.6","8.52M","1.09%"
"30/08/2023","19,701.9","19,303.0","19,701.9","19,303.0","11.95M","2.72%"
"29/08/2023","19,180.2","19,272.3","19,517.8","19,180.2","6.02M","0.32%"
"28/08/2023","19,118.8","19,057.5","19,210.9","19,026.8","8.75M","0.00%"
"25/08/2023","19,118.8","19,487.1","19,487.1","19,057.5","13.94M","-1.89%"
"24/08/2023","19,487.1","19,333.7","19,579.2","19,088.1","8.14M","1.44%"
"23/08/2023","19,210.9","19,425.7","19,487.1","19,057.5","7.07M","-0.79%"
"22/08/2023","19,364.3","19,640.5","19,671.2","18,965.4","9.37M","-1.41%"
"21/08/2023","19,640.5","18,965.4","19,824.7","18,781.3","16.02M","4.23%"
"18/08/2023","18,842.6","19,824.7","19,916.7","18,842.6","22.14M","-5.83%"
"17/08/2023","20,008.8","19,886.0","20,192.9","19,794.0","15.78M","0.77%"
"16/08/2023","19,855.4","19,763.3","20,070.2","19,579.2","10.30M","-0.15%"
"15/08/2023","19,886.0","19,824.7","19,886.0","19,671.2","8.47M","0.31%"
"14/08/2023","19,824.7","19,701.9","19,886.0","19,456.4","10.30M","0.62%"
"11/08/2023","19,701.9","19,487.1","19,732.6","19,210.9","11.17M","1.42%"
"10/08/2023","19,425.7","19,947.4","20,039.5","19,395.0","12.92M","-2.62%"
"09/08/2023","19,947.4","19,947.4","20,008.8","19,671.2","12.95M","-0.31%"
"08/08/2023","20,008.8","20,162.2","20,162.2","19,824.7","14.17M","0.00%"
"07/08/2023","20,008.8","19,303.0","20,008.8","19,180.2","21.01M","5.16%"
"04/08/2023","19,026.8","19,026.8","19,026.8","18,812.0","12.21M","0.32%"
"03/08/2023","18,965.4","18,996.1","19,088.1","18,842.6","13.06M","-0.48%"
"02/08/2023","19,057.5","18,719.9","19,118.8","18,719.9","21.56M","2.14%"
"01/08/2023","18,658.5","18,535.8","18,904.0","18,474.4","23.02M","1.33%"
"31/07/2023","18,413.0","18,351.6","18,413.0","18,167.5","9.32M","1.69%"
"28/07/2023","18,106.1","18,044.7","18,106.1","17,983.4","8.44M","0.51%"
"27/07/2023","18,014.1","18,320.9","18,351.6","17,983.4","12.80M","-1.51%"
"26/07/2023","18,290.3","18,382.3","18,443.7","18,228.9","8.96M","-0.33%"
"25/07/2023","18,351.6","18,382.3","18,597.1","18,320.9","9.85M","0.17%"
"24/07/2023","18,320.9","18,351.6","18,474.4","18,259.6","8.35M","0.51%"
"21/07/2023","18,228.9","18,198.2","18,290.3","18,106.1","8.95M","0.17%"
"20/07/2023","18,198.2","18,351.6","18,351.6","18,136.8","7.42M","-0.84%"
"19/07/2023","18,351.6","18,413.0","18,443.7","18,106.1","10.89M","0.17%"
"18/07/2023","18,320.9","18,228.9","18,413.0","18,228.9","7.39M","0.51%"
"17/07/2023","18,228.9","18,351.6","18,382.3","18,136.8","10.64M","-0.67%"
"14/07/2023","18,351.6","18,413.0","18,535.8","18,044.7","12.88M","-0.33%"
"13/07/2023","18,413.0","18,535.8","18,535.8","18,320.9","8.57M","0.00%"
"12/07/2023","18,413.0","18,597.1","18,658.5","18,290.3","10.20M","-0.99%"
"11/07/2023","18,597.1","18,382.3","18,781.3","18,382.3","23.45M","2.02%"
"10/07/2023","18,228.9","18,259.6","18,290.3","18,106.1","11.25M","0.34%"
"07/07/2023","18,167.5","17,952.7","18,167.5","17,829.9","6.33M","0.85%"
"06/07/2023","18,014.1","18,136.8","18,167.5","17,707.2","10.25M","-0.68%"
"05/07/2023","18,136.8","18,136.8","18,228.9","18,014.1","5.81M","0.34%"
"04/07/2023","18,075.4","17,891.3","18,106.1","17,829.9","8.25M","0.68%"
"03/07/2023","17,952.7","18,106.1","18,167.5","17,922.0","5.14M","-0.85%"
"30/06/2023","18,106.1","18,228.9","18,259.6","18,014.1","9.05M","-1.34%"
"29/06/2023","18,351.6","18,413.0","18,474.4","18,106.1","8.41M","-0.33%"
"28/06/2023","18,413.0","18,044.7","18,535.8","18,014.1","13.95M","2.21%"
"27/06/2023","18,014.1","17,983.4","18,014.1","17,799.2","5.91M","0.34%"
"26/06/2023","17,952.7","17,829.9","18,075.4","17,737.9","10.44M","0.00%"
"23/06/2023","17,952.7","18,106.1","18,136.8","17,891.3","8.05M","-0.68%"
"22/06/2023","18,075.4","17,983.4","18,198.2","17,922.0","8.25M","1.03%"
"21/06/2023","17,891.3","17,860.6","17,983.4","17,707.2","7.39M","-0.17%"
"20/06/2023","17,922.0","17,584.4","17,922.0","17,523.0","4.50M","2.10%"
"19/06/2023","17,553.7","17,523.0","17,707.2","17,523.0","5.50M","0.35%"
"16/06/2023","17,492.4","17,829.9","17,922.0","17,492.4","12.01M","-1.72%"
"15/06/2023","17,799.2","17,615.1","18,014.1","17,615.1","11.61M","1.05%"
"14/06/2023","17,615.1","17,461.7","17,922.0","17,461.7","13.61M","1.41%"
"13/06/2023","17,369.6","17,400.3","17,461.7","17,308.2","5.19M","-0.35%"
"12/06/2023","17,431.0","17,431.0","17,461.7","17,093.4","9.11M","0.18%"
"09/06/2023","17,400.3","17,523.0","17,584.4","17,246.8","9.88M","-0.70%"
"08/06/2023","17,523.0","17,737.9","17,799.2","17,523.0","8.35M","-1.21%"
"07/06/2023","17,737.9","17,707.2","17,922.0","17,645.8","10.26M","0.70%"
"06/06/2023","17,615.1","17,707.2","17,799.2","17,553.7","8.58M","-0.17%"
"05/06/2023","17,645.8","17,737.9","17,829.9","17,584.4","7.19M","0.35%"
"02/06/2023","17,584.4","17,216.2","17,645.8","17,185.5","14.44M","2.50%"
"01/06/2023","17,154.8","17,185.5","17,246.8","17,093.4","3.87M","-0.18%"
"31/05/2023","17,185.5","17,216.2","17,216.2","17,062.7","4.39M","-0.18%"
"30/05/2023","17,216.2","17,246.8","17,277.5","17,124.1","4.76M","0.18%"
"29/05/2023","17,185.5","17,062.7","17,277.5","17,062.7","4.62M","0.72%"
"26/05/2023","17,062.7","16,940.0","17,062.7","16,878.6","2.88M","0.72%"
"25/05/2023","16,940.0","16,970.7","17,062.7","16,909.3","5.01M","-0.54%"
"24/05/2023","17,032.0","17,185.5","17,185.5","16,940.0","6.18M","-0.54%"
"23/05/2023","17,124.1","17,246.8","17,246.8","17,001.3","6.54M","-0.18%"
"22/05/2023","17,154.8","17,185.5","17,308.2","17,154.8","4.96M","-0.18%"
"19/05/2023","17,185.5","17,124.1","17,308.2","16,970.7","3.37M","0.90%"
"18/05/2023","17,032.0","17,001.3","17,124.1","16,878.6","7.51M","0.91%"
"17/05/2023","16,878.6","17,185.5","17,246.8","16,878.6","8.47M","-1.61%"
"16/05/2023","17,154.8","17,308.2","17,338.9","17,154.8","4.91M","-0.53%"
"15/05/2023","17,246.8","17,492.4","17,584.4","17,246.8","11.04M","-1.06%"
"12/05/2023","17,431.0","17,400.3","17,431.0","17,277.5","6.25M","0.18%"
"11/05/2023","17,400.3","17,431.0","17,461.7","17,338.9","4.81M","0.35%"
"10/05/2023","17,338.9","17,216.2","17,338.9","17,154.8","8.96M","0.89%"
"09/05/2023","17,185.5","17,216.2","17,338.9","17,185.5","4.64M","0.36%"
"08/05/2023","17,124.1","17,185.5","17,216.2","17,093.4","5.32M","0.18%"
"05/05/2023","17,093.4","17,338.9","17,369.6","17,062.7","6.01M","-1.42%"
"04/05/2023","17,338.9","17,553.7","17,553.7","17,308.2","3.39M","-2.08%"
"28/04/2023","17,707.2","17,492.4","17,707.2","17,492.4","7.07M","1.76%"
"27/04/2023","17,400.3","17,431.0","17,615.1","17,400.3","3.20M","-0.18%"
"26/04/2023","17,431.0","17,492.4","17,676.5","17,154.8","6.11M","-0.35%"
"25/04/2023","17,492.4","17,799.2","17,799.2","17,492.4","2.07M","-1.38%"
"24/04/2023","17,737.9","17,523.0","17,922.0","17,308.2","4.29M","1.05%"
"21/04/2023","17,553.7","17,492.4","17,645.8","17,492.4","1.51M","-0.52%"
"20/04/2023","17,645.8","17,584.4","17,645.8","17,431.0","2.15M","0.17%"
"19/04/2023","17,615.1","17,829.9","17,891.3","17,584.4","2.61M","-1.37%"
"18/04/2023","17,860.6","17,922.0","17,983.4","17,799.2","1.90M","-0.34%"
"17/04/2023","17,922.0","17,860.6","17,983.4","17,676.5","2.10M","0.34%"
"14/04/2023","17,860.6","18,075.4","18,106.1","17,860.6","2.44M","-1.02%"
"13/04/2023","18,044.7","18,044.7","18,106.1","17,860.6","2.12M","-0.34%"
"12/04/2023","18,106.1","18,228.9","18,228.9","18,044.7","2.22M","-0.34%"
"11/04/2023","18,167.5","18,075.4","18,167.5","17,922.0","1.88M","0.85%"
"10/04/2023","18,014.1","18,106.1","18,228.9","17,983.4","2.99M","-0.51%"
"07/04/2023","18,106.1","18,106.1","18,136.8","17,983.4","2.49M","-0.17%"
"06/04/2023","18,136.8","18,413.0","18,413.0","18,136.8","3.12M","-1.50%"
"05/04/2023","18,413.0","18,198.2","18,474.4","18,014.1","5.56M","1.18%"
"04/04/2023","18,198.2","18,382.3","18,382.3","18,136.8","3.59M","-1.00%"
"03/04/2023","18,382.3","18,106.1","18,443.7","18,044.7","6.03M","2.57%"
"31/03/2023","17,922.0","17,737.9","17,922.0","17,615.1","3.77M","0.69%"
"30/03/2023","17,799.2","17,860.6","17,922.0","17,676.5","2.34M","0.00%"
"29/03/2023","17,799.2","17,676.5","17,829.9","17,676.5","2.79M","0.35%"
"28/03/2023","17,737.9","17,645.8","17,799.2","17,645.8","3.07M","0.52%"
"27/03/2023","17,645.8","17,492.4","17,737.9","17,369.6","2.25M","0.88%"
"24/03/2023","17,492.4","17,615.1","17,707.2","17,369.6","4.10M","-0.70%"
"23/03/2023","17,615.1","17,308.2","17,615.1","17,246.8","2.60M","0.70%"
"22/03/2023","17,492.4","17,461.7","17,615.1","17,308.2","2.23M","0.71%"
"21/03/2023","17,369.6","17,553.7","17,553.7","17,185.5","1.71M","1.07%"
"20/03/2023","17,185.5","17,768.6","17,768.6","17,185.5","2.60M","-3.45%"
"17/03/2023","17,799.2","17,829.9","17,983.4","17,676.5","1.84M","0.17%"
"16/03/2023","17,768.6","17,799.2","17,922.0","17,492.4","3.48M","-1.86%"
"15/03/2023","18,106.1","17,983.4","18,167.5","17,829.9","4.52M","1.72%"
"14/03/2023","17,799.2","17,952.7","17,952.7","17,400.3","3.46M","-1.02%"
"13/03/2023","17,983.4","17,584.4","18,044.7","17,553.7","3.01M","0.34%"
"10/03/2023","17,922.0","17,952.7","17,952.7","17,615.1","2.61M","-0.68%"
"09/03/2023","18,044.7","18,044.7","18,228.9","17,952.7","3.82M","0.00%"
"08/03/2023","18,044.7","17,492.4","18,106.1","17,461.7","5.52M","1.38%"
"07/03/2023","17,799.2","17,400.3","17,799.2","17,400.3","4.66M","2.29%"
"06/03/2023","17,400.3","17,093.4","17,645.8","17,093.4","5.16M","1.98%"
"03/03/2023","17,062.7","17,185.5","17,185.5","16,847.9","2.83M","0.00%"
"02/03/2023","17,062.7","17,369.6","17,400.3","17,032.0","2.96M","-1.59%"
"01/03/2023","17,338.9","16,786.5","17,338.9","16,633.1","3.50M","3.10%"
"28/02/2023","16,817.2","17,062.7","17,185.5","16,817.2","2.06M","-0.54%"
"27/02/2023","16,909.3","17,308.2","17,308.2","16,847.9","2.83M","-2.48%"
"24/02/2023","17,338.9","17,737.9","17,737.9","17,338.9","3.54M","-2.59%"
"23/02/2023","17,799.2","17,492.4","17,799.2","17,369.6","6.60M","0.35%"
"22/02/2023","17,737.9","18,167.5","18,228.9","17,737.9","6.38M","-3.18%"
"21/02/2023","18,320.9","18,658.5","18,719.9","18,320.9","4.78M","-1.97%"
"20/02/2023","18,689.2","18,320.9","18,689.2","18,228.9","7.39M","2.70%"
"17/02/2023","18,198.2","18,228.9","18,351.6","18,044.7","3.62M","-0.17%"
"16/02/2023","18,228.9","17,829.9","18,382.3","17,768.6","4.69M","2.77%"
"15/02/2023","17,737.9","17,615.1","18,014.1","17,553.7","2.38M","0.70%"
"14/02/2023","17,615.1","17,983.4","18,044.7","17,615.1","2.83M","-1.54%"
"13/02/2023","17,891.3","17,707.2","17,983.4","17,676.5","3.45M","0.17%"
"10/02/2023","17,860.6","18,044.7","18,290.3","17,860.6","3.40M","-1.02%"
"09/02/2023","18,044.7","18,351.6","18,535.8","18,044.7","4.36M","-1.67%"
"08/02/2023","18,351.6","17,952.7","18,535.8","17,922.0","5.10M","2.40%"
"07/02/2023","17,922.0","18,290.3","18,535.8","17,891.3","5.26M","-2.34%"
"06/02/2023","18,351.6","17,676.5","18,351.6","17,523.0","4.25M","2.93%"
"03/02/2023","17,829.9","17,922.0","18,044.7","17,829.9","5.85M","-0.51%"
"02/02/2023","17,922.0","17,799.2","18,075.4","17,615.1","5.08M","0.69%"
"01/02/2023","17,799.2","18,719.9","18,812.0","17,492.4","7.02M","-4.92%"
"31/01/2023","18,719.9","18,228.9","18,719.9","18,106.1","5.57M","2.52%"
"30/01/2023","18,259.6","18,413.0","18,505.1","18,228.9","6.04M","-1.98%"
"27/01/2023","18,627.8","19,088.1","19,180.2","18,535.8","5.54M","-2.41%"
"19/01/2023","19,088.1","18,842.6","19,088.1","18,505.1","8.09M","1.14%"
"18/01/2023","18,873.3","18,781.3","18,934.7","18,658.5","5.18M","0.49%"
"17/01/2023","18,781.3","18,474.4","18,812.0","18,474.4","5.62M","2.00%"
"16/01/2023","18,413.0","17,860.6","18,413.0","17,737.9","8.64M","3.09%"
"13/01/2023","17,860.6","17,860.6","17,922.0","17,431.0","4.81M","0.69%"
"12/01/2023","17,737.9","17,860.6","17,922.0","17,645.8","3.99M","-0.69%"
"11/01/2023","17,860.6","17,553.7","17,891.3","17,553.7","5.54M","1.93%"
"10/01/2023","17,523.0","17,922.0","17,922.0","17,523.0","4.94M","-1.89%"
"09/01/2023","17,860.6","17,615.1","17,860.6","17,615.1","6.87M","1.75%"
"06/01/2023","17,553.7","17,492.4","17,952.7","17,216.2","10.89M","0.35%"
"05/01/2023","17,492.4","17,492.4","17,645.8","17,338.9","3.42M","0.00%"
"04/01/2023","17,492.4","17,185.5","17,737.9","17,124.1","9.35M","1.79%"
"03/01/2023","17,185.5","16,786.5","17,185.5","16,725.1","5.62M","2.75%"
"30/12/2022","16,725.1","16,571.7","16,786.5","16,418.3","2.25M","0.93%"
"29/12/2022","16,571.7","16,633.1","16,878.6","16,510.3","2.78M","-0.55%"
"28/12/2022","16,663.8","16,326.2","16,694.5","16,142.1","3.05M","2.07%"
"27/12/2022","16,326.2","16,019.3","16,418.3","15,957.9","4.19M","2.11%"
"26/12/2022","15,988.6","16,970.7","17,001.3","15,957.9","4.78M","-5.79%"
"23/12/2022","16,970.7","16,878.6","17,154.8","16,755.8","4.56M","0.18%"
"22/12/2022","16,940.0","16,878.6","17,277.5","16,878.6","5.41M","0.36%"
"21/12/2022","16,878.6","17,185.5","17,185.5","16,571.7","4.95M","-1.79%"
"20/12/2022","17,185.5","16,909.3","17,185.5","16,326.2","10.63M","1.63%"
"19/12/2022","16,909.3","17,185.5","17,492.4","16,909.3","8.35M","-1.78%"
"16/12/2022","17,216.2","17,032.0","17,338.9","17,032.0","5.20M","-0.71%"
"15/12/2022","17,338.9","17,124.1","17,338.9","17,124.1","5.70M","1.25%"
"14/12/2022","17,124.1","17,431.0","17,461.7","17,093.4","3.92M","-0.89%"
"13/12/2022","17,277.5","16,755.8","17,308.2","16,633.1","6.32M","2.55%"
"12/12/2022","16,847.9","17,185.5","17,308.2","16,847.9","6.22M","-2.14%"
"09/12/2022","17,216.2","17,062.7","17,216.2","16,602.4","8.06M","0.90%"
"08/12/2022","17,062.7","16,940.0","17,737.9","16,817.2","8.54M","1.65%"
"07/12/2022","16,786.5","16,510.3","17,062.7","16,418.3","6.63M","1.30%"
"06/12/2022","16,571.7","17,246.8","17,553.7","16,479.6","12.38M","-5.59%"
"05/12/2022","17,553.7","17,492.4","17,553.7","17,062.7","12.42M","2.33%"
"02/12/2022","17,154.8","16,142.1","17,154.8","15,988.6","14.45M","6.88%"
"01/12/2022","16,050.0","16,786.5","17,001.3","15,957.9","17.40M","-4.04%"
"30/11/2022","16,725.1","16,602.4","17,185.5","16,356.9","10.30M","-0.55%"
"29/11/2022","16,817.2","16,571.7","16,817.2","16,019.3","15.64M","0.37%"
"28/11/2022","16,755.8","16,019.3","16,847.9","16,019.3","17.92M","5.81%"
"25/11/2022","15,835.2","15,282.8","15,835.2","15,129.4","22.89M","4.88%"
"24/11/2022","15,098.7","14,883.8","15,098.7","14,607.7","6.69M","0.82%"
"23/11/2022","14,975.9","14,669.0","15,190.7","14,607.7","9.57M","2.09%"
"22/11/2022","14,669.0","14,669.0","15,282.8","14,423.5","12.36M","-0.83%"
"21/11/2022","14,791.8","15,160.0","15,221.4","14,791.8","9.18M","-2.43%"
"18/11/2022","15,160.0","15,068.0","15,344.2","14,423.5","18.77M","-1.20%"
"17/11/2022","15,344.2","15,344.2","15,835.2","15,129.4","18.87M","0.81%"
"16/11/2022","15,221.4","13,687.0","15,282.8","13,656.3","21.06M","5.98%"
"15/11/2022","14,362.1","14,484.9","14,669.0","13,656.3","17.28M","-2.09%"
"14/11/2022","14,669.0","14,239.4","14,945.2","13,963.2","14.60M","1.27%"
"11/11/2022","14,484.9","14,577.0","14,914.5","14,362.1","15.82M","3.74%"
"10/11/2022","13,963.2","14,791.8","14,914.5","13,963.2","15.55M","-6.95%"
"09/11/2022","15,006.6","14,791.8","15,252.1","14,730.4","16.50M","2.52%"
"08/11/2022","14,638.3","14,116.6","14,822.5","14,116.6","10.14M","2.14%"
"07/11/2022","14,331.5","14,914.5","15,037.3","14,147.3","11.37M","-4.69%"
"04/11/2022","15,037.3","14,362.1","15,037.3","13,502.9","22.56M","3.81%"
"03/11/2022","14,484.9","14,454.2","14,791.8","14,423.5","12.10M","-1.67%"
"02/11/2022","14,730.4","14,761.1","15,068.0","14,638.3","8.71M","-1.84%"
"01/11/2022","15,006.6","15,160.0","15,620.4","14,975.9","14.27M","-0.61%"
"31/10/2022","15,098.7","14,914.5","15,129.4","14,331.5","16.36M","2.29%"
"28/10/2022","14,761.1","14,914.5","15,282.8","14,730.4","12.33M","0.42%"
"27/10/2022","14,699.7","13,963.2","14,699.7","13,809.8","12.94M","6.92%"
"26/10/2022","13,748.4","13,779.1","14,239.4","13,717.7","5.58M","-0.22%"
"25/10/2022","13,779.1","13,011.9","13,779.1","12,858.4","13.97M","6.90%"
"24/10/2022","12,889.1","13,318.7","13,502.9","12,766.4","7.99M","-3.00%"
"21/10/2022","13,288.1","14,270.1","14,270.1","13,288.1","10.76M","-6.88%"
"20/10/2022","14,270.1","14,239.4","14,546.3","13,901.8","6.27M","0.22%"
"19/10/2022","14,239.4","14,116.6","14,331.5","13,840.4","6.65M","0.87%"
"18/10/2022","14,116.6","14,055.3","14,362.1","14,024.6","6.30M","2.00%"
"17/10/2022","13,840.4","13,871.1","13,963.2","13,441.5","7.62M","-0.66%"
"14/10/2022","13,932.5","14,024.6","14,085.9","13,779.1","9.15M","1.34%"
"13/10/2022","13,748.4","13,073.2","13,748.4","12,981.2","10.09M","5.91%"
"12/10/2022","12,981.2","12,275.3","12,981.2","12,214.0","7.63M","6.82%"
"11/10/2022","12,152.6","12,705.0","12,735.7","11,968.5","8.88M","-4.35%"
"10/10/2022","12,705.0","12,091.2","12,858.4","11,968.5","7.96M","3.76%"
"07/10/2022","12,244.6","13,073.2","13,073.2","12,244.6","13.55M","-6.78%"
"06/10/2022","13,134.6","13,502.9","13,656.3","13,042.5","6.88M","-2.73%"
"05/10/2022","13,502.9","13,073.2","13,625.6","13,073.2","6.91M","6.02%"
"04/10/2022","12,735.7","13,502.9","13,932.5","12,582.2","9.11M","-3.94%"
"03/10/2022","13,257.4","13,932.5","14,116.6","13,257.4","9.20M","-6.90%"
"30/09/2022","14,239.4","13,901.8","14,270.1","13,779.1","8.69M","2.65%"
"29/09/2022","13,871.1","14,454.2","14,669.0","13,871.1","5.52M","-3.00%"
"28/09/2022","14,300.8","14,362.1","14,577.0","14,300.8","4.39M","-0.64%"
"27/09/2022","14,392.8","14,423.5","14,669.0","14,300.8","3.95M","-0.21%"
"26/09/2022","14,423.5","15,160.0","15,160.0","14,270.1","10.41M","-6.00%"
"23/09/2022","15,344.2","15,589.7","15,712.4","15,344.2","2.57M","-1.57%"
"22/09/2022","15,589.7","15,528.3","15,712.4","15,344.2","5.18M","-0.59%"
"21/09/2022","15,681.7","15,896.6","15,927.2","15,651.1","2.02M","-1.73%"
"20/09/2022","15,957.9","15,712.4","15,957.9","15,712.4","3.23M","1.96%"
"19/09/2022","15,651.1","15,927.2","16,050.0","15,497.6","3.79M","-2.67%"
"16/09/2022","16,080.7","16,326.2","16,510.3","16,080.7","3.21M","-2.60%"
"15/09/2022","16,510.3","16,571.7","16,755.8","16,510.3","2.06M","-0.37%"
"14/09/2022","16,571.7","16,571.7","16,694.5","16,510.3","3.42M","-1.82%"
"13/09/2022","16,878.6","16,633.1","16,970.7","16,602.4","3.89M","1.66%"
"12/09/2022","16,602.4","16,571.7","16,725.1","16,571.7","2.59M","0.74%"
"09/09/2022","16,479.6","16,541.0","16,694.5","16,172.8","2.94M","0.00%"
"08/09/2022","16,479.6","16,878.6","16,940.0","16,479.6","5.91M","-1.83%"
"07/09/2022","16,786.5","17,338.9","17,431.0","16,786.5","6.88M","-3.19%"
"06/09/2022","17,338.9","17,124.1","17,584.4","17,124.1","4.88M","1.07%"
"05/09/2022","17,154.8","17,338.9","17,400.3","17,124.1","2.84M","-1.06%"
"31/08/2022","17,338.9","17,369.6","17,492.4","17,124.1","3.35M","-0.53%"
"30/08/2022","17,431.0","17,124.1","17,523.0","17,124.1","5.81M","1.79%"
"29/08/2022","17,124.1","17,277.5","17,308.2","16,940.0","6.66M","-1.93%"
"26/08/2022","17,461.7","17,737.9","17,737.9","17,400.3","6.33M","-0.87%"
"25/08/2022","17,615.1","17,400.3","17,615.1","17,246.8","6.74M","1.77%"
"24/08/2022","17,308.2","17,400.3","17,523.0","17,277.5","5.06M","0.71%"
"23/08/2022","17,185.5","17,062.7","17,277.5","16,970.7","6.92M","0.00%"
"22/08/2022","17,185.5","17,338.9","17,431.0","17,093.4","8.95M","-0.88%"
"19/08/2022","17,338.9","17,584.4","17,829.9","17,308.2","7.92M","-1.74%"
"18/08/2022","17,645.8","17,860.6","17,891.3","17,645.8","5.89M","-1.20%"
"17/08/2022","17,860.6","17,983.4","18,075.4","17,860.6","5.92M","-0.34%"
"16/08/2022","17,922.0","18,075.4","18,106.1","17,860.6","6.20M","-0.85%"
"15/08/2022","18,075.4","17,707.2","18,075.4","17,676.5","10.06M","2.79%"
"12/08/2022","17,584.4","17,523.0","17,615.1","17,431.0","2.94M","0.53%"
"11/08/2022","17,492.4","17,645.8","17,799.2","17,431.0","6.99M","0.18%"
"10/08/2022","17,461.7","17,553.7","17,707.2","17,400.3","5.92M","-1.22%"
"09/08/2022","17,676.5","17,829.9","17,860.6","17,584.4","5.67M","-0.69%"
"08/08/2022","17,799.2","17,829.9","17,952.7","17,707.2","5.05M","0.00%"
"05/08/2022","17,799.2","17,737.9","17,860.6","17,615.1","4.77M","0.52%"
"04/08/2022","17,707.2","17,922.0","17,983.4","17,645.8","8.47M","-0.86%"
"03/08/2022","17,860.6","17,431.0","17,952.7","17,369.6","9.92M","1.75%"
"02/08/2022","17,553.7","17,553.7","17,768.6","17,400.3","7.39M","-0.35%"
"01/08/2022","17,615.1","16,909.3","17,615.1","16,909.3","13.96M","5.51%"
"29/07/2022","16,694.5","17,032.0","17,185.5","16,694.5","8.83M","-1.45%"
"28/07/2022","16,940.0","16,694.5","17,308.2","16,571.7","14.86M","2.22%"
"27/07/2022","16,571.7","16,203.4","16,571.7","16,111.4","2.58M","1.69%"
"26/07/2022","16,295.5","16,479.6","16,510.3","16,264.8","3.50M","-0.19%"
"25/07/2022","16,326.2","16,418.3","16,633.1","16,326.2","3.59M","-1.12%"
"22/07/2022","16,510.3","16,940.0","16,970.7","16,510.3","5.26M","-2.18%"
"21/07/2022","16,878.6","16,602.4","16,878.6","16,602.4","7.80M","1.66%"
"20/07/2022","16,602.4","16,541.0","16,786.5","16,326.2","6.98M","1.88%"
"19/07/2022","16,295.5","16,418.3","16,510.3","16,142.1","4.37M","-1.30%"
"18/07/2022","16,510.3","16,633.1","16,694.5","16,510.3","5.62M","-0.37%"
"15/07/2022","16,571.7","16,694.5","16,878.6","16,571.7","11.35M","0.00%"
"14/07/2022","16,571.7","16,264.8","16,694.5","16,142.1","8.50M","1.69%"
"13/07/2022","16,295.5","15,804.5","16,541.0","15,804.5","6.25M","3.31%"
"12/07/2022","15,773.8","15,651.1","15,957.9","15,589.7","5.84M","0.78%"
"11/07/2022","15,651.1","15,865.9","15,865.9","15,620.4","3.93M","-1.54%"
"08/07/2022","15,896.6","16,264.8","16,356.9","15,804.5","4.29M","-1.52%"
"07/07/2022","16,142.1","15,896.6","16,449.0","15,835.2","5.39M","1.74%"
"06/07/2022","15,865.9","16,111.4","16,510.3","15,835.2","6.81M","-4.26%"
"05/07/2022","16,571.7","16,295.5","16,878.6","16,295.5","7.98M","1.50%"
"04/07/2022","16,326.2","16,663.8","16,663.8","16,326.2","6.48M","-1.30%"
"01/07/2022","16,541.0","16,080.7","16,571.7","15,681.7","5.71M","3.06%"
"30/06/2022","16,050.0","16,449.0","16,541.0","16,019.3","4.84M","-2.61%"
"29/06/2022","16,479.6","16,295.5","16,571.7","16,295.5","6.09M","0.56%"
"28/06/2022","16,387.6","15,651.1","16,786.5","15,313.5","14.29M","4.30%"
"27/06/2022","15,712.4","15,190.7","15,743.1","15,160.0","6.30M","3.43%"
"24/06/2022","15,190.7","15,497.6","15,651.1","15,160.0","4.76M","-1.98%"
"23/06/2022","15,497.6","14,423.5","15,497.6","14,423.5","7.55M","6.99%"
"22/06/2022","14,484.9","14,331.5","14,730.4","14,331.5","4.48M","2.39%"
"21/06/2022","14,147.3","13,809.8","14,454.2","13,809.8","7.42M","1.99%"
"20/06/2022","13,871.1","14,362.1","14,638.3","13,871.1","7.65M","-4.03%"
"17/06/2022","14,454.2","14,730.4","14,822.5","14,147.3","5.09M","-4.66%"
"16/06/2022","15,160.0","15,221.4","15,466.9","15,037.3","3.58M","0.82%"
"15/06/2022","15,037.3","15,344.2","15,589.7","14,761.1","5.18M","-2.97%"
"14/06/2022","15,497.6","15,344.2","15,804.5","15,160.0","4.63M","0.00%"
"13/06/2022","15,497.6","16,264.8","16,326.2","15,497.6","11.16M","-6.83%"
"10/06/2022","16,633.1","16,878.6","16,940.0","16,633.1","5.00M","-2.17%"
"09/06/2022","17,001.3","17,124.1","17,124.1","16,878.6","4.16M","0.00%"
"08/06/2022","17,001.3","16,817.2","17,246.8","16,755.8","8.62M","1.09%"
"07/06/2022","16,817.2","16,694.5","16,817.2","16,264.8","4.67M","0.74%"
"06/06/2022","16,694.5","16,817.2","17,032.0","16,694.5","6.07M","-0.73%"
"03/06/2022","16,817.2","16,817.2","16,940.0","16,479.6","3.59M","-1.26%"
"02/06/2022","17,032.0","17,032.0","17,185.5","16,755.8","7.10M","0.00%"
"01/06/2022","17,032.0","16,909.3","17,185.5","16,878.6","6.69M","-0.54%"
"31/05/2022","17,124.1","16,602.4","17,154.8","16,571.7","9.79M","2.20%"
"30/05/2022","16,755.8","16,602.4","16,817.2","16,571.7","4.56M","1.11%"
"27/05/2022","16,571.7","16,571.7","16,725.1","16,387.6","6.35M","1.12%"
"26/05/2022","16,387.6","16,725.1","16,725.1","16,295.5","6.11M","-0.74%"
"25/05/2022","16,510.3","15,957.9","16,571.7","15,957.9","7.28M","3.46%"
"24/05/2022","15,957.9","15,344.2","15,957.9","15,344.2","7.19M","4.00%"
"23/05/2022","15,344.2","15,927.2","16,080.7","15,344.2","6.80M","-3.47%"
"20/05/2022","15,896.6","16,019.3","16,234.1","15,865.9","8.16M","-0.77%"
"19/05/2022","16,019.3","15,957.9","16,203.4","15,835.2","6.90M","-1.88%"
"18/05/2022","16,326.2","16,295.5","16,725.1","16,142.1","10.39M","1.33%"
"17/05/2022","16,111.4","14,975.9","16,111.4","14,975.9","9.55M","6.92%"
"16/05/2022","15,068.0","15,344.2","15,559.0","15,037.3","8.44M","2.72%"
"13/05/2022","14,669.0","15,344.2","15,436.2","14,423.5","12.99M","-4.40%"
"12/05/2022","15,344.2","15,988.6","16,326.2","15,252.1","10.30M","-6.37%"
"11/05/2022","16,387.6","15,559.0","16,510.3","15,466.9","9.16M","5.95%"
"10/05/2022","15,466.9","14,730.4","15,528.3","14,730.4","10.50M","0.20%"
"09/05/2022","15,436.2","16,387.6","16,449.0","15,436.2","8.78M","-6.85%"
"06/05/2022","16,571.7","16,755.8","17,124.1","16,571.7","3.77M","-3.23%"
"05/05/2022","17,124.1","16,817.2","17,124.1","16,571.7","7.44M","3.33%"
"04/05/2022","16,571.7","17,032.0","17,185.5","16,510.3","7.44M","-2.70%"
"29/04/2022","17,032.0","17,093.4","17,400.3","17,032.0","9.61M","-1.60%"
"28/04/2022","17,308.2","17,369.6","17,461.7","17,154.8","3.35M","-0.35%"
"27/04/2022","17,369.6","16,970.7","17,369.6","16,878.6","5.46M","2.35%"
"26/04/2022","16,970.7","16,571.7","17,032.0","15,651.1","9.66M","1.10%"
"25/04/2022","16,786.5","18,014.1","18,014.1","16,786.5","10.16M","-6.97%"
"22/04/2022","18,044.7","18,075.4","18,167.5","17,737.9","5.79M","1.38%"
"21/04/2022","17,799.2","17,553.7","18,106.1","17,431.0","8.58M","1.05%"
"20/04/2022","17,615.1","17,645.8","17,983.4","17,523.0","6.88M","-0.17%"
"19/04/2022","17,645.8","18,106.1","18,351.6","17,645.8","7.49M","-1.54%"
"18/04/2022","17,922.0","18,965.4","18,965.4","17,922.0","13.58M","-5.81%"
"15/04/2022","19,026.8","19,303.0","19,303.0","18,965.4","8.20M","-0.64%"
"14/04/2022","19,149.5","19,333.7","19,579.2","19,118.8","4.73M","-0.95%"
"13/04/2022","19,333.7","19,149.5","19,425.7","19,149.5","6.77M","1.61%"
"12/04/2022","19,026.8","19,732.6","19,763.3","19,026.8","9.20M","-3.28%"
"08/04/2022","19,671.2","19,947.4","19,978.1","19,671.2","8.62M","-1.54%"
"07/04/2022","19,978.1","20,070.2","20,254.3","19,855.4","9.83M","-0.15%"
"06/04/2022","20,008.8","19,701.9","20,039.5","19,701.9","9.33M","0.77%"
"05/04/2022","19,855.4","19,947.4","20,131.6","19,855.4","9.82M","-1.52%"
"04/04/2022","20,162.2","20,499.8","20,499.8","20,162.2","10.79M","-0.61%"
"01/04/2022","20,285.0","19,947.4","20,346.4","19,916.7","14.00M","1.85%"
"31/03/2022","19,916.7","19,701.9","20,008.8","19,701.9","7.75M","1.25%"
"30/03/2022","19,671.2","19,579.2","19,978.1","19,548.5","8.14M","0.16%"
"29/03/2022","19,640.5","19,640.5","19,701.9","19,579.2","4.82M","0.63%"
"28/03/2022","19,517.8","19,763.3","19,978.1","19,517.8","10.31M","-1.24%"
"25/03/2022","19,763.3","19,947.4","20,070.2","19,701.9","8.98M","-1.08%"
"24/03/2022","19,978.1","20,131.6","20,192.9","19,978.1","7.26M","-0.91%"
"23/03/2022","20,162.2","20,254.3","20,530.5","20,162.2","6.50M","-0.45%"
"22/03/2022","20,254.3","20,131.6","20,407.7","20,131.6","9.84M","0.46%"
"21/03/2022","20,162.2","20,131.6","20,223.6","19,978.1","5.57M","0.15%"
"18/03/2022","20,131.6","20,192.9","20,377.1","20,131.6","6.83M","0.31%"
"17/03/2022","20,070.2","19,824.7","20,223.6","19,763.3","13.50M","2.19%"
"16/03/2022","19,640.5","19,794.0","19,855.4","19,640.5","7.01M","0.16%"
"15/03/2022","19,609.8","19,609.8","19,794.0","19,548.5","5.95M","0.16%"
"14/03/2022","19,579.2","19,824.7","19,886.0","19,517.8","8.05M","-1.09%"
"11/03/2022","19,794.0","19,701.9","19,886.0","19,671.2","6.03M","0.47%"
"10/03/2022","19,701.9","19,947.4","20,070.2","19,701.9","6.16M","0.31%"
"09/03/2022","19,640.5","19,701.9","19,855.4","19,456.4","9.27M","-0.16%"
"08/03/2022","19,671.2","19,640.5","19,916.7","19,609.8","11.60M","-0.31%"
"07/03/2022","19,732.6","19,701.9","19,947.4","19,701.9","16.00M","-1.83%"
"04/03/2022","20,100.9","20,039.5","20,223.6","19,886.0","9.59M","0.46%"
"03/03/2022","20,008.8","19,701.9","20,008.8","19,671.2","10.57M","1.87%"
"02/03/2022","19,640.5","20,377.1","20,407.7","19,579.2","33.01M","-3.90%"
"01/03/2022","20,438.4","20,438.4","20,622.6","20,346.4","12.50M","0.45%"
"28/02/2022","20,346.4","20,776.0","20,776.0","20,346.4","20.56M","-2.07%"
"25/02/2022","20,776.0","20,929.4","21,052.2","20,683.9","16.51M","0.00%"
"24/02/2022","20,776.0","21,236.3","21,297.7","20,315.7","26.63M","-2.87%"
"23/02/2022","21,389.8","21,420.5","21,573.9","21,297.7","10.88M","0.72%"
"22/02/2022","21,236.3","20,868.1","21,297.7","20,714.6","14.55M","0.58%"
"21/02/2022","21,113.6","21,236.3","21,389.8","20,745.3","19.42M","-0.58%"
"18/02/2022","21,236.3","21,267.0","21,451.2","21,205.6","13.42M","-0.86%"
"17/02/2022","21,420.5","21,328.4","21,573.9","21,267.0","9.61M","0.72%"
"16/02/2022","21,267.0","21,666.0","21,727.3","21,205.6","12.70M","-0.86%"
"15/02/2022","21,451.2","21,359.1","21,604.6","21,175.0","21.51M","1.01%"
"14/02/2022","21,236.3","22,310.4","22,402.5","21,236.3","24.43M","-5.98%"
"11/02/2022","22,586.6","22,617.3","22,893.5","22,586.6","16.82M","0.14%"
"10/02/2022","22,555.9","22,341.1","22,648.0","22,157.0","14.53M","1.10%"
"09/02/2022","22,310.4","22,402.5","22,770.8","22,310.4","14.87M","-0.41%"
"08/02/2022","22,402.5","22,218.4","22,709.4","22,126.3","14.70M","0.55%"
"07/02/2022","22,279.7","22,954.9","22,954.9","22,279.7","24.05M","-1.63%"
"28/01/2022","22,648.0","22,586.6","22,954.9","22,525.2","14.11M","0.00%"
"27/01/2022","22,648.0","22,801.4","23,108.3","22,525.2","18.97M","-1.99%"
"26/01/2022","23,108.3","23,016.3","23,445.9","22,740.1","35.53M","1.76%"
"25/01/2022","22,709.4","21,850.1","22,709.4","21,850.1","30.47M","3.79%"
"24/01/2022","21,880.8","21,788.7","22,371.8","21,696.7","28.24M","0.28%"
"21/01/2022","21,819.4","21,543.2","22,402.5","21,359.1","24.93M","1.28%"
"20/01/2022","21,543.2","20,561.2","21,758.0","20,315.7","22.26M","3.85%"
"19/01/2022","20,745.3","21,420.5","21,573.9","20,714.6","15.74M","-2.17%"
"18/01/2022","21,205.6","21,297.7","21,880.8","20,990.8","24.36M","-1.29%"
"17/01/2022","21,481.8","21,850.1","22,555.9","21,052.2","44.44M","-1.27%"
"14/01/2022","21,758.0","21,481.8","21,972.9","21,236.3","14.96M","0.85%"
"13/01/2022","21,573.9","21,113.6","22,218.4","20,960.1","56.76M","2.93%"
"12/01/2022","20,960.1","20,254.3","20,990.8","19,794.0","20.66M","3.48%"
"11/01/2022","20,254.3","20,561.2","20,683.9","20,100.9","11.41M","-0.90%"
"10/01/2022","20,438.4","20,438.4","20,653.3","20,285.0","13.42M","0.30%"
"07/01/2022","20,377.1","20,868.1","21,144.3","20,315.7","20.06M","-2.35%"
"06/01/2022","20,868.1","21,175.0","21,205.6","20,776.0","19.00M","-2.16%"
"05/01/2022","21,328.4","21,481.8","21,604.6","21,297.7","16.88M","0.00%"
"04/01/2022","21,328.4","21,144.3","21,451.2","20,990.8","19.44M","2.51%"
"31/12/2021","20,806.7","20,868.1","21,420.5","20,806.7","21.43M","0.30%"
"30/12/2021","20,745.3","20,929.4","21,113.6","20,745.3","10.16M","-1.02%"
"29/12/2021","20,960.1","20,868.1","21,144.3","20,806.7","16.53M","0.74%"
"28/12/2021","20,806.7","20,561.2","21,021.5","20,499.8","21.96M","1.50%"
"27/12/2021","20,499.8","20,254.3","20,530.5","20,162.2","13.10M","1.52%"
"24/12/2021","20,192.9","19,609.8","20,254.3","19,548.5","10.73M","2.17%"
"23/12/2021","19,763.3","19,456.4","19,763.3","19,057.5","14.44M","1.74%"
"22/12/2021","19,425.7","19,794.0","19,794.0","19,364.3","15.10M","-1.09%"
"21/12/2021","19,640.5","19,886.0","20,070.2","19,640.5","11.09M","-1.39%"
"20/12/2021","19,916.7","20,192.9","20,254.3","19,886.0","7.95M","-1.52%"
"17/12/2021","20,223.6","19,947.4","20,377.1","19,824.7","12.99M","1.38%"
"16/12/2021","19,947.4","19,916.7","20,070.2","19,763.3","10.79M","0.78%"
"15/12/2021","19,794.0","19,886.0","20,070.2","19,763.3","8.73M","-0.46%"
"14/12/2021","19,886.0","20,254.3","20,285.0","19,855.4","11.77M","-0.92%"
"13/12/2021","20,070.2","20,309.8","20,429.6","20,070.2","13.12M","-0.15%"
"10/12/2021","20,100.1","20,249.9","20,489.5","20,070.2","9.54M","-0.59%"
"09/12/2021","20,219.9","19,770.6","20,219.9","19,710.7","9.61M","2.27%"
"08/12/2021","19,770.6","19,740.7","19,920.4","19,590.9","10.34M","0.92%"
"07/12/2021","19,590.9","19,471.1","19,710.7","19,381.2","10.21M","1.87%"
"06/12/2021","19,231.4","19,770.6","19,980.3","18,931.9","20.77M","-2.73%"
"03/12/2021","19,770.6","20,489.5","20,489.5","19,770.6","15.88M","-2.37%"
"02/12/2021","20,249.9","20,609.4","20,819.1","20,249.9","12.70M","-0.59%"
"01/12/2021","20,369.7","20,100.1","20,369.7","19,920.4","14.68M","1.34%"
"30/11/2021","20,100.1","20,968.8","21,028.7","19,950.3","17.89M","-2.04%"
"29/11/2021","20,519.5","20,100.1","20,789.1","20,100.1","22.24M","-0.15%"
"26/11/2021","20,549.5","21,088.7","21,238.4","20,429.6","24.57M","-2.42%"
"25/11/2021","21,058.7","21,448.1","21,448.1","20,998.8","23.03M","-0.71%"
"24/11/2021","21,208.5","20,489.5","21,208.5","20,399.7","41.18M","3.81%"
"23/11/2021","20,429.6","20,639.3","20,639.3","20,190.0","15.93M","-1.16%"
"22/11/2021","20,669.3","19,800.6","20,879.0","19,770.6","45.02M","5.18%"
"19/11/2021","19,650.8","19,291.3","19,890.4","19,261.4","35.04M","2.02%"
"18/11/2021","19,261.4","19,321.3","19,471.1","19,111.6","16.05M","-0.31%"
"17/11/2021","19,321.3","19,441.1","19,471.1","19,261.4","10.87M","-0.46%"
"16/11/2021","19,411.1","19,351.2","19,620.8","19,291.3","14.29M","-0.31%"
"15/11/2021","19,471.1","19,770.6","19,860.5","19,321.3","15.44M","-0.61%"
"12/11/2021","19,590.9","19,021.7","19,590.9","18,931.9","17.57M","2.35%"
"11/11/2021","19,141.5","19,411.1","19,471.1","18,871.9","22.66M","-1.69%"
"10/11/2021","19,471.1","19,770.6","19,830.5","19,471.1","13.76M","-1.37%"
"09/11/2021","19,740.7","19,740.7","19,980.3","19,620.8","25.20M","0.46%"
"08/11/2021","19,650.8","19,590.9","19,740.7","19,171.5","18.13M","0.31%"
"05/11/2021","19,590.9","19,620.8","19,650.8","19,291.3","16.96M","0.31%"
"04/11/2021","19,531.0","19,890.4","19,890.4","19,501.0","18.38M","-1.21%"
"03/11/2021","19,770.6","19,471.1","19,920.4","19,381.2","33.59M","1.85%"
"02/11/2021","19,411.1","19,291.3","19,531.0","19,201.5","19.11M","0.62%"
"01/11/2021","19,291.3","19,051.7","19,411.1","18,931.9","29.05M","2.22%"
"29/10/2021","18,871.9","18,871.9","19,021.7","18,722.2","21.04M","0.64%"
"28/10/2021","18,752.1","18,782.1","18,812.0","18,572.4","23.27M","0.64%"
"27/10/2021","18,632.3","18,093.1","18,692.2","17,943.3","31.69M","4.01%"
"26/10/2021","17,913.4","17,913.4","18,153.0","17,793.6","9.64M","0.00%"
"25/10/2021","17,913.4","17,763.6","18,063.2","17,583.9","13.20M","0.84%"
"22/10/2021","17,763.6","17,853.5","17,913.4","17,763.6","6.91M","-0.34%"
"21/10/2021","17,823.5","18,003.2","18,033.2","17,823.5","11.91M","-0.83%"
"20/10/2021","17,973.3","18,212.9","18,212.9","17,703.7","14.97M","-0.99%"
"19/10/2021","18,153.0","18,212.9","18,302.8","18,093.1","11.19M","0.33%"
"18/10/2021","18,093.1","18,422.6","18,482.5","18,063.2","15.77M","-1.47%"
"15/10/2021","18,362.7","18,392.7","18,542.4","18,272.8","13.33M","0.16%"
"14/10/2021","18,332.8","18,392.7","18,512.5","18,272.8","13.79M","-0.33%"
"13/10/2021","18,392.7","18,452.6","18,752.1","18,392.7","11.33M","-0.32%"
"12/10/2021","18,452.6","18,662.3","18,871.9","18,422.6","17.48M","-0.65%"
"11/10/2021","18,572.4","17,733.6","18,572.4","17,733.6","27.38M","5.26%"
"08/10/2021","17,643.8","17,673.7","17,763.6","17,583.9","10.67M","0.34%"
"07/10/2021","17,583.9","17,613.8","17,763.6","17,524.0","12.80M","0.17%"
"06/10/2021","17,553.9","17,823.5","17,853.5","17,404.1","11.13M","-0.68%"
"05/10/2021","17,673.7","17,374.2","17,703.7","17,374.2","14.08M","2.79%"
"04/10/2021","17,194.4","17,733.6","17,793.6","17,194.4","32.62M","-3.53%"
"01/10/2021","17,823.5","18,212.9","18,302.8","17,793.6","19.55M","-2.14%"
"30/09/2021","18,212.9","18,212.9","18,482.5","18,212.9","10.86M","0.00%"
"29/09/2021","18,212.9","18,542.4","18,572.4","18,183.0","16.62M","-1.78%"
"28/09/2021","18,542.4","18,452.6","18,602.3","18,392.7","10.87M","-0.16%"
"27/09/2021","18,572.4","19,051.7","19,111.6","18,572.4","12.54M","-2.21%"
"24/09/2021","18,991.8","18,991.8","19,111.6","18,931.9","10.26M","0.32%"
"23/09/2021","18,931.9","18,871.9","19,111.6","18,812.0","13.21M","0.80%"
"22/09/2021","18,782.1","18,812.0","18,901.9","18,662.3","12.47M","-0.48%"
"21/09/2021","18,871.9","18,871.9","18,991.8","18,752.1","13.15M","-1.10%"
"20/09/2021","19,081.6","19,351.2","19,351.2","19,081.6","14.13M","0.16%"
"17/09/2021","19,051.7","19,021.7","19,261.4","18,991.8","11.04M","0.47%"
"16/09/2021","18,961.8","18,871.9","19,201.5","18,812.0","10.30M","1.61%"
"15/09/2021","18,662.3","18,572.4","18,871.9","18,572.4","11.52M","-0.16%"
"14/09/2021","18,692.2","19,111.6","19,201.5","18,692.2","14.54M","-2.04%"
"13/09/2021","19,081.6","19,321.3","19,381.2","19,051.7","13.67M","-1.39%"
"10/09/2021","19,351.2","19,471.1","19,590.9","19,351.2","10.75M","-0.31%"
"09/09/2021","19,411.1","19,261.4","19,411.1","19,231.4","12.36M","0.78%"
"08/09/2021","19,261.4","19,650.8","19,800.6","19,171.5","13.50M","-1.53%"
"07/09/2021","19,560.9","19,261.4","19,740.7","19,261.4","17.48M","1.87%"
"06/09/2021","19,201.5","19,201.5","19,351.2","19,051.7","18.67M","0.00%"
"01/09/2021","19,201.5","19,051.7","19,351.2","18,931.9","24.72M","0.79%"
"31/08/2021","19,051.7","19,471.1","19,501.0","19,051.7","19.78M","-1.55%"
"30/08/2021","19,351.2","18,812.0","19,351.2","18,752.1","21.40M","3.69%"
"27/08/2021","18,662.3","18,392.7","18,692.2","18,033.2","32.14M","-0.16%"
"26/08/2021","18,692.2","19,351.2","19,590.9","18,632.3","34.10M","-2.95%"
"25/08/2021","19,261.4","19,590.9","19,650.8","18,991.8","29.43M","-1.83%"
"24/08/2021","19,620.8","19,710.7","19,890.4","19,560.9","18.07M","0.15%"
"23/08/2021","19,590.9","19,590.9","20,040.2","19,560.9","31.83M","0.00%"
"20/08/2021","19,590.9","20,549.5","20,819.1","19,171.5","37.87M","-4.66%"
"19/08/2021","20,549.5","20,579.4","20,669.3","20,459.6","18.38M","-0.58%"
"18/08/2021","20,669.3","20,789.1","20,849.0","20,549.5","18.01M","-0.29%"
"17/08/2021","20,729.2","21,208.5","21,268.4","20,699.2","19.28M","-1.42%"
"16/08/2021","21,028.7","20,549.5","21,238.4","20,429.6","35.01M","2.33%"
"13/08/2021","20,549.5","20,609.4","20,729.2","20,190.0","19.74M","-0.29%"
"12/08/2021","20,609.4","20,669.3","20,819.1","20,549.5","21.20M","0.29%"
"11/08/2021","20,549.5","20,759.1","21,028.7","20,549.5","27.97M","-1.01%"
"10/08/2021","20,759.1","20,938.9","20,938.9","20,639.3","19.45M","0.29%"
"09/08/2021","20,699.2","20,429.6","20,729.2","20,339.8","25.05M","1.17%"
"06/08/2021","20,459.6","20,579.4","20,908.9","20,429.6","30.61M","-0.15%"
"05/08/2021","20,489.5","20,309.8","20,489.5","20,130.1","21.58M","0.59%"
"04/08/2021","20,369.7","20,549.5","20,639.3","20,309.8","24.72M","-0.29%"
"03/08/2021","20,429.6","20,219.9","20,429.6","19,920.4","36.01M","1.04%"
"02/08/2021","20,219.9","20,249.9","20,489.5","20,160.0","40.57M","-1.89%"
"30/07/2021","20,609.4","20,369.7","20,789.1","20,339.8","33.58M","1.47%"
"29/07/2021","20,309.8","19,950.3","20,459.6","19,890.4","27.51M","3.04%"
"28/07/2021","19,710.7","19,471.1","19,830.5","19,471.1","11.56M","1.23%"
"27/07/2021","19,471.1","19,471.1","19,980.3","19,411.1","25.69M","1.09%"
"26/07/2021","19,261.4","19,291.3","19,471.1","19,051.7","16.41M","-1.08%"
"23/07/2021","19,471.1","19,860.5","20,190.0","19,471.1","26.28M","-2.99%"
"22/07/2021","20,070.2","19,680.7","20,339.8","19,620.8","21.50M","1.98%"
"21/07/2021","19,680.7","20,040.2","20,279.9","19,590.9","16.07M","-1.20%"
"20/07/2021","19,920.4","19,351.2","19,950.3","18,961.8","32.38M","3.10%"
"19/07/2021","19,321.3","20,070.2","20,339.8","19,321.3","33.50M","-6.93%"
"16/07/2021","20,759.1","21,208.5","21,208.5","20,759.1","15.63M","-1.00%"
"15/07/2021","20,968.8","20,249.9","21,238.4","20,130.1","24.42M","3.86%"
"14/07/2021","20,190.0","20,759.1","21,178.5","20,190.0","26.42M","-2.60%"
"13/07/2021","20,729.2","21,268.4","21,538.0","20,249.9","19.02M","-1.14%"
"12/07/2021","20,968.8","22,197.0","22,227.0","20,968.8","45.25M","-6.91%"
"09/07/2021","22,526.5","22,886.0","23,245.4","22,167.1","29.57M","-2.59%"
"08/07/2021","23,125.6","23,545.0","23,964.4","23,125.6","22.80M","-1.15%"
"07/07/2021","23,395.2","23,245.4","23,485.1","22,526.5","43.37M","3.92%"
"06/07/2021","22,512.5","24,369.2","24,694.1","22,512.5","54.24M","-6.91%"
"05/07/2021","24,183.6","24,462.1","24,601.3","23,905.0","40.89M","-1.14%"
"02/07/2021","24,462.1","24,462.1","24,694.1","24,322.8","34.52M","0.57%"
"01/07/2021","24,322.8","24,462.1","24,740.6","24,090.7","61.00M","-0.57%"
"30/06/2021","24,462.1","25,065.5","25,297.6","24,369.2","65.43M","-2.23%"
"29/06/2021","25,019.1","25,251.2","25,390.4","24,833.4","38.90M","-0.92%"
"28/06/2021","25,251.2","25,297.6","25,436.8","24,972.6","29.02M","1.12%"
"25/06/2021","24,972.6","24,694.1","24,972.6","24,322.8","29.83M","0.75%"
"24/06/2021","24,787.0","25,065.5","25,390.4","24,647.7","51.30M","1.33%"
"23/06/2021","24,462.1","24,230.0","24,833.4","24,090.7","35.27M","1.54%"
"22/06/2021","24,090.7","23,533.7","24,322.8","23,255.2","45.71M","3.18%"
"21/06/2021","23,348.0","23,533.7","23,905.0","23,208.8","23.50M","-1.76%"
"18/06/2021","23,765.8","23,858.6","24,369.2","23,673.0","27.57M","1.39%"
"17/06/2021","23,440.9","22,976.7","23,673.0","22,930.3","36.36M","0.00%"
"16/06/2021","23,440.9","23,951.5","23,951.5","23,440.9","44.60M","-3.07%"
"15/06/2021","24,183.6","24,369.2","24,601.3","24,044.3","33.77M","-0.76%"
"14/06/2021","24,369.2","24,740.6","25,065.5","24,137.1","29.43M","-0.76%"
"11/06/2021","24,554.9","23,208.8","24,554.9","23,023.1","37.46M","6.87%"
"10/06/2021","22,976.7","23,440.9","23,626.5","22,976.7","24.11M","-1.98%"
"09/06/2021","23,440.9","22,976.7","23,673.0","22,512.5","31.05M","3.06%"
"08/06/2021","22,744.6","23,951.5","24,369.2","22,744.6","33.59M","-5.77%"
"07/06/2021","24,137.1","24,926.2","24,972.6","23,673.0","37.12M","-3.70%"
"04/06/2021","25,065.5","24,926.2","25,483.2","24,879.8","27.08M","0.75%"
"03/06/2021","24,879.8","24,601.3","25,158.3","24,137.1","36.46M","3.08%"
"02/06/2021","24,137.1","24,044.3","24,554.9","23,951.5","30.95M","-1.14%"
"01/06/2021","24,415.6","24,833.4","25,019.1","24,369.2","22.38M","-0.94%"
"31/05/2021","24,647.7","23,765.8","24,647.7","23,673.0","36.85M","3.71%"
"28/05/2021","23,765.8","23,487.3","23,812.2","23,255.2","35.27M","1.99%"
"27/05/2021","23,301.6","23,951.5","23,997.9","23,208.8","41.13M","-2.52%"
"26/05/2021","23,905.0","23,765.8","24,044.3","23,580.1","28.91M","0.78%"
"25/05/2021","23,719.4","23,905.0","24,137.1","23,719.4","22.69M","-0.20%"
"24/05/2021","23,765.8","22,651.8","23,951.5","22,558.9","63.63M","6.11%"
"21/05/2021","22,396.5","22,698.2","22,883.9","22,373.3","33.07M","-1.33%"
"20/05/2021","22,698.2","22,582.1","22,698.2","22,303.6","29.32M","1.87%"
"19/05/2021","22,280.4","21,723.4","22,396.5","21,584.2","36.44M","3.11%"
"18/05/2021","21,607.4","21,653.8","21,793.0","21,444.9","36.83M","-0.43%"
"17/05/2021","21,700.2","21,839.5","22,094.8","21,537.8","35.51M","-0.53%"
"14/05/2021","21,816.3","21,816.3","22,025.1","21,653.8","35.59M","1.08%"
"13/05/2021","21,584.2","20,748.7","21,885.9","20,725.4","70.97M","3.33%"
"12/05/2021","20,887.9","20,377.3","20,887.9","20,354.1","40.89M","1.81%"
"11/05/2021","20,516.6","20,771.9","20,841.5","20,516.6","32.79M","-1.34%"
"10/05/2021","20,795.1","20,887.9","20,934.3","20,655.8","52.54M","2.28%"
"07/05/2021","20,330.9","19,750.7","20,377.3","19,634.6","53.38M","2.10%"
"06/05/2021","19,913.1","19,959.6","20,284.5","19,820.3","41.57M","-1.04%"
"05/05/2021","20,122.0","20,238.1","20,609.4","20,122.0","46.24M","0.81%"
"04/05/2021","19,959.6","18,590.2","19,959.6","18,590.2","53.01M","5.39%"
"29/04/2021","18,938.4","18,567.0","18,961.6","18,451.0","29.61M","2.64%"
"28/04/2021","18,451.0","18,381.4","18,775.9","18,358.1","16.66M","0.25%"
"27/04/2021","18,404.6","18,358.1","18,613.4","18,242.1","14.94M","-0.13%"
"26/04/2021","18,427.8","19,170.5","19,170.5","18,404.6","26.45M","-3.87%"
"23/04/2021","19,170.5","18,311.7","19,216.9","18,102.8","36.63M","5.49%"
"22/04/2021","18,172.5","19,379.3","19,472.2","18,172.5","44.70M","-6.79%"
"20/04/2021","19,495.4","19,797.1","20,029.2","19,263.3","48.48M","-1.18%"
"19/04/2021","19,727.5","19,588.2","19,727.5","19,170.5","33.44M","1.19%"
"16/04/2021","19,495.4","19,681.0","20,052.4","18,938.4","44.73M","-0.47%"
"15/04/2021","19,588.2","19,913.1","19,959.6","19,495.4","29.08M","-1.29%"
"14/04/2021","19,843.5","19,449.0","19,959.6","19,263.3","29.85M","1.66%"
"13/04/2021","19,518.6","20,191.6","20,191.6","19,495.4","31.54M","-2.66%"
"12/04/2021","20,052.4","19,773.9","20,098.8","19,704.3","28.17M","1.65%"
"09/04/2021","19,727.5","19,727.5","19,820.3","19,634.6","30.56M","-0.23%"
"08/04/2021","19,773.9","19,959.6","20,098.8","19,773.9","24.31M","-0.93%"
"07/04/2021","19,959.6","19,959.6","20,330.9","19,866.7","25.35M","0.00%"
"06/04/2021","19,959.6","19,472.2","20,214.8","19,309.7","46.99M","2.38%"
"05/04/2021","19,495.4","19,495.4","19,634.6","19,263.3","33.83M","1.69%"
"02/04/2021","19,170.5","19,263.3","19,286.5","19,031.2","25.45M","0.61%"
"01/04/2021","19,054.4","18,706.3","19,193.7","18,706.3","39.00M","2.24%"
"31/03/2021","18,636.7","18,752.7","18,961.6","18,567.0","24.70M","-0.62%"
"30/03/2021","18,752.7","18,706.3","18,938.4","18,497.4","23.26M","1.00%"
"29/03/2021","18,567.0","18,381.4","18,590.2","18,242.1","24.18M","2.43%"
"26/03/2021","18,126.1","18,242.1","18,474.2","17,545.8","33.90M","-0.89%"
"25/03/2021","18,288.5","18,334.9","18,636.7","18,056.4","30.61M","1.03%"
"24/03/2021","18,102.8","18,567.0","18,775.9","18,056.4","38.09M","-3.70%"
"23/03/2021","18,799.1","19,124.0","19,147.2","18,659.9","30.56M","-1.46%"
"22/03/2021","19,077.6","19,008.0","19,379.3","18,799.1","43.14M","1.61%"
"19/03/2021","18,775.9","18,729.5","18,984.8","18,706.3","17.29M","-0.12%"
"18/03/2021","18,799.1","19,124.0","19,240.1","18,659.9","33.47M","2.40%"
"17/03/2021","18,358.1","17,522.6","18,381.4","17,453.0","49.41M","4.91%"
"16/03/2021","17,499.4","17,708.3","17,731.5","17,476.2","14.73M","-0.79%"
"15/03/2021","17,638.7","17,638.7","17,731.5","17,522.6","14.11M","0.13%"
"12/03/2021","17,615.5","17,801.1","17,870.8","17,615.5","14.60M","-0.65%"
"11/03/2021","17,731.5","17,615.5","17,847.6","17,545.8","15.94M","1.73%"
"10/03/2021","17,429.8","17,290.5","17,545.8","17,197.7","15.58M","0.94%"
"09/03/2021","17,267.3","17,592.3","17,592.3","17,220.9","21.10M","-1.85%"
"08/03/2021","17,592.3","17,824.3","17,917.2","17,429.8","15.80M","-0.26%"
"05/03/2021","17,638.7","17,685.1","17,847.6","17,406.6","21.19M","-0.78%"
"04/03/2021","17,777.9","18,102.8","18,102.8","17,406.6","21.52M","-0.78%"
"03/03/2021","17,917.2","17,824.3","18,010.0","17,777.9","27.27M","1.58%"
"02/03/2021","17,638.7","17,870.8","17,917.2","17,638.7","15.27M","-0.26%"
"01/03/2021","17,685.1","17,545.8","17,731.5","17,453.0","29.11M","2.28%"
"26/02/2021","17,290.5","17,058.5","17,337.0","16,942.4","18.46M","-0.13%"
"25/02/2021","17,313.8","17,545.8","17,592.3","17,197.7","17.71M","-0.53%"
"24/02/2021","17,406.6","17,383.4","17,708.3","17,197.7","29.73M","1.21%"
"23/02/2021","17,197.7","17,220.9","17,453.0","17,174.5","17.41M","0.14%"
"22/02/2021","17,174.5","17,174.5","17,661.9","17,081.7","23.68M","0.00%"
"19/02/2021","17,174.5","16,849.6","17,406.6","16,756.7","25.35M","0.54%"
"18/02/2021","17,081.7","17,035.2","17,197.7","16,849.6","20.93M","0.00%"
"17/02/2021","17,081.7","16,896.0","17,081.7","16,640.7","20.64M","3.95%"
"09/02/2021","16,431.8","15,990.9","16,455.0","15,782.0","16.83M","3.96%"
"08/02/2021","15,805.2","16,710.3","16,756.7","15,735.6","26.80M","-4.89%"
"05/02/2021","16,617.5","16,222.9","16,617.5","16,130.1","17.72M","3.17%"
"04/02/2021","16,106.9","16,153.3","16,269.4","15,898.0","19.64M","-0.57%"
"03/02/2021","16,199.7","16,014.1","16,362.2","15,782.0","21.02M","2.95%"
"02/02/2021","15,735.6","14,760.8","15,782.0","14,714.4","16.20M","5.94%"
"01/02/2021","14,853.6","14,760.8","15,132.1","14,621.5","25.69M","4.92%"
"29/01/2021","14,157.4","13,368.3","15,039.3","13,368.3","30.91M","0.49%"
"28/01/2021","14,087.7","14,273.4","14,807.2","14,087.7","27.74M","-6.90%"
"27/01/2021","15,132.1","15,874.8","16,315.8","15,085.7","19.91M","-5.51%"
"26/01/2021","16,014.1","16,942.4","16,965.6","16,014.1","17.28M","-6.25%"
"25/01/2021","17,081.7","17,313.8","17,429.8","16,942.4","13.73M","-2.13%"
"22/01/2021","17,453.0","17,151.3","17,777.9","17,035.2","23.64M","1.62%"
"21/01/2021","17,174.5","16,756.7","17,174.5","16,478.2","15.79M","3.79%"
"20/01/2021","16,547.9","16,710.3","16,896.0","15,689.1","23.33M","-0.70%"
"19/01/2021","16,663.9","17,870.8","17,917.2","16,663.9","30.18M","-6.99%"
"18/01/2021","17,917.2","18,381.4","18,497.4","17,917.2","15.01M","-2.28%"
"15/01/2021","18,334.9","18,334.9","18,613.4","18,242.1","23.62M","0.89%"
"14/01/2021","18,172.5","18,102.8","18,265.3","17,870.8","17.26M","1.29%"
"13/01/2021","17,940.4","17,940.4","18,311.7","17,870.8","18.91M","0.39%"
"12/01/2021","17,870.8","17,963.6","18,056.4","17,685.1","19.10M","-0.52%"
"11/01/2021","17,963.6","18,056.4","18,381.4","17,917.2","22.76M","0.00%"
"08/01/2021","17,963.6","18,334.9","18,334.9","17,870.8","17.48M","-0.39%"
"07/01/2021","18,033.2","17,870.8","18,404.6","17,824.3","22.28M","2.64%"
"06/01/2021","17,569.0","16,710.3","17,569.0","16,571.1","32.17M","6.92%"
"05/01/2021","16,431.8","16,431.8","16,687.1","16,339.0","19.22M","-0.28%"
"04/01/2021","16,478.2","16,246.1","16,710.3","16,199.7","29.29M","2.75%"
"31/12/2020","16,037.3","15,990.9","16,130.1","15,944.4","9.41M","0.58%"
"30/12/2020","15,944.4","15,944.4","16,222.9","15,851.6","11.64M","0.59%"
"29/12/2020","15,851.6","15,921.2","16,037.3","15,828.4","10.45M","-0.44%"
"28/12/2020","15,921.2","16,246.1","16,339.0","15,874.8","13.31M","-1.15%"
"25/12/2020","16,106.9","15,828.4","16,106.9","15,457.0","16.70M","2.21%"
"24/12/2020","15,758.8","16,014.1","16,153.3","14,946.5","17.33M","-1.59%"
"23/12/2020","16,014.1","16,246.1","16,246.1","15,967.6","11.99M","-0.86%"
"22/12/2020","16,153.3","16,292.6","16,431.8","16,130.1","13.42M","-0.14%"
"21/12/2020","16,176.5","16,083.7","16,455.0","16,014.1","16.44M","0.72%"
"18/12/2020","16,060.5","15,921.2","16,060.5","15,828.4","11.81M","1.47%"
"17/12/2020","15,828.4","16,199.7","16,292.6","15,828.4","29.89M","-2.29%"
"16/12/2020","16,199.7","16,062.4","16,245.5","16,062.4","16.08M","1.14%"
"15/12/2020","16,016.7","16,199.7","16,199.7","15,856.5","22.92M","-1.13%"
"14/12/2020","16,199.7","16,154.0","16,291.3","15,970.9","22.63M","1.87%"
"11/12/2020","15,902.3","15,742.1","15,925.2","15,536.2","16.88M","2.21%"
"10/12/2020","15,559.1","15,787.9","15,970.9","15,559.1","21.25M","-1.45%"
"09/12/2020","15,787.9","15,787.9","15,970.9","15,765.0","17.00M","0.00%"
"08/12/2020","15,787.9","15,879.4","15,902.3","15,696.4","17.95M","-0.58%"
"07/12/2020","15,879.4","16,016.7","16,062.4","15,833.6","15.25M","0.00%"
"04/12/2020","15,879.4","15,559.1","15,970.9","15,513.3","39.55M","2.66%"
"03/12/2020","15,467.5","15,467.5","15,581.9","15,421.8","13.05M","0.15%"
"02/12/2020","15,444.7","15,513.3","15,650.6","15,376.0","18.06M","-0.44%"
"01/12/2020","15,513.3","15,101.4","15,559.1","15,055.7","20.26M","1.19%"
"30/11/2020","15,330.3","15,581.9","15,650.6","15,330.3","22.95M","-1.62%"
"27/11/2020","15,581.9","15,650.6","15,787.9","15,559.1","12.98M","0.00%"
"26/11/2020","15,581.9","15,101.4","15,673.5","15,078.6","24.25M","3.18%"
"25/11/2020","15,101.4","15,193.0","15,330.3","15,055.7","22.35M","0.76%"
"24/11/2020","14,987.0","15,170.1","15,170.1","14,872.6","18.46M","-0.46%"
"23/11/2020","15,055.7","15,193.0","15,193.0","14,918.4","14.89M","-0.90%"
"20/11/2020","15,193.0","15,261.6","15,307.4","15,078.6","15.10M","-0.30%"
"19/11/2020","15,238.7","14,987.0","15,238.7","14,895.5","28.37M","1.68%"
"18/11/2020","14,987.0","14,872.6","15,055.7","14,804.0","15.23M","0.77%"
"17/11/2020","14,872.6","14,735.4","14,941.3","14,643.8","18.16M","1.88%"
"16/11/2020","14,598.1","14,849.8","14,964.2","14,552.3","32.91M","-0.16%"
"13/11/2020","14,620.9","14,277.7","14,643.8","14,277.7","22.35M","3.06%"
"12/11/2020","14,186.2","14,003.2","14,300.6","14,003.2","11.70M","1.64%"
"11/11/2020","13,957.4","14,071.8","14,140.4","13,911.6","12.65M","-0.33%"
"10/11/2020","14,003.2","14,277.7","14,392.1","14,003.2","18.16M","-1.13%"
"09/11/2020","14,163.3","14,026.0","14,232.0","14,026.0","16.46M","2.31%"
"06/11/2020","13,843.0","13,865.9","14,026.0","13,820.1","11.23M","0.00%"
"05/11/2020","13,843.0","13,957.4","14,140.4","13,843.0","12.12M","-1.14%"
"04/11/2020","14,003.2","13,865.9","14,186.2","13,774.4","14.92M","1.32%"
"03/11/2020","13,820.1","14,026.0","14,048.9","13,774.4","10.34M","-0.66%"
"02/11/2020","13,911.6","13,408.3","13,911.6","13,362.5","10.84M","4.83%"
"30/10/2020","13,271.0","13,408.3","13,499.8","12,904.9","18.98M","-0.34%"
"29/10/2020","13,316.7","13,591.3","13,820.1","13,316.7","24.42M","-2.68%"
"28/10/2020","13,682.8","13,957.4","14,163.3","13,682.8","16.55M","-2.76%"
"27/10/2020","14,071.8","13,957.4","14,232.0","13,843.0","23.42M","0.82%"
"26/10/2020","13,957.4","14,598.1","14,598.1","13,957.4","18.58M","-4.09%"
"23/10/2020","14,552.3","14,735.4","14,758.2","14,460.8","13.84M","-0.63%"
"22/10/2020","14,643.8","14,186.2","14,643.8","14,094.7","18.18M","3.06%"
"21/10/2020","14,209.1","14,735.4","14,849.8","14,209.1","19.17M","-3.27%"
"20/10/2020","14,689.6","14,575.2","14,781.1","14,506.5","20.78M","-0.16%"
"19/10/2020","14,712.5","14,689.6","14,849.8","14,598.1","20.13M","3.21%"
"16/10/2020","14,254.9","13,957.4","14,392.1","13,820.1","27.03M","3.66%"
"15/10/2020","13,751.5","13,820.1","13,957.4","13,728.6","21.08M","0.17%"
"14/10/2020","13,728.6","14,048.9","14,117.6","13,728.6","17.39M","-1.80%"
"13/10/2020","13,980.3","13,271.0","14,186.2","13,156.6","22.78M","4.98%"
"12/10/2020","13,316.7","13,522.7","13,522.7","13,156.6","35.10M","5.24%"
"09/10/2020","12,653.2","12,447.3","12,721.8","12,447.3","21.10M","1.84%"
"08/10/2020","12,424.4","12,447.3","12,538.8","12,264.2","13.59M","0.56%"
"07/10/2020","12,355.7","12,401.5","12,698.9","12,355.7","17.43M","-0.74%"
"06/10/2020","12,447.3","12,630.3","12,653.2","12,447.3","12.33M","-1.09%"
"05/10/2020","12,584.5","12,584.5","12,653.2","12,470.1","12.39M","2.04%"
"02/10/2020","12,332.8","12,401.5","12,538.8","12,035.4","27.62M","1.32%"
"01/10/2020","12,172.7","12,287.1","12,355.7","12,149.8","11.25M","0.19%"
"30/09/2020","12,149.8","12,172.7","12,241.3","12,012.5","9.94M","-0.19%"
"29/09/2020","12,172.7","12,538.8","12,538.8","12,172.7","12.41M","-2.03%"
"28/09/2020","12,424.4","12,081.2","12,561.7","12,081.2","25.06M","3.63%"
"25/09/2020","11,989.6","11,943.9","11,989.6","11,760.8","9.66M","0.77%"
"24/09/2020","11,898.1","11,989.6","12,035.4","11,829.5","7.47M","-0.95%"
"23/09/2020","12,012.5","11,875.2","12,172.7","11,852.3","13.39M","1.74%"
"22/09/2020","11,806.6","11,715.1","11,829.5","11,669.3","8.84M","0.19%"
"21/09/2020","11,783.7","11,898.1","11,966.8","11,715.1","10.58M","-0.19%"
"18/09/2020","11,806.6","11,669.3","11,829.5","11,623.5","8.79M","1.98%"
"17/09/2020","11,577.8","11,577.8","11,737.9","11,554.9","8.34M","0.40%"
"16/09/2020","11,532.0","11,646.4","11,646.4","11,509.1","8.28M","-0.79%"
"15/09/2020","11,623.5","11,737.9","11,783.7","11,623.5","6.81M","-0.78%"
"14/09/2020","11,715.1","11,898.1","11,898.1","11,692.2","5.89M","0.00%"
"11/09/2020","11,715.1","11,509.1","11,760.8","11,509.1","7.24M","1.19%"
"10/09/2020","11,577.8","11,623.5","11,737.9","11,577.8","5.54M","0.00%"
"09/09/2020","11,577.8","11,486.3","11,669.3","11,463.4","8.08M","-0.98%"
"08/09/2020","11,692.2","11,554.9","11,692.2","11,349.0","11.49M","2.20%"
"07/09/2020","11,440.5","11,943.9","11,966.8","11,440.5","16.73M","-3.85%"
"04/09/2020","11,898.1","11,715.1","12,081.2","11,715.1","13.72M","0.19%"
"03/09/2020","11,875.2","12,058.3","12,172.7","11,829.5","17.40M","-0.76%"
"01/09/2020","11,966.8","11,760.8","11,966.8","11,715.1","9.96M","1.75%"
"31/08/2020","11,760.8","11,760.8","11,989.6","11,532.0","15.35M","2.39%"
"28/08/2020","11,486.3","11,394.7","11,623.5","11,349.0","20.00M","1.41%"
"27/08/2020","11,326.1","11,257.4","11,463.4","11,257.4","6.44M","0.20%"
"26/08/2020","11,303.2","11,211.7","11,486.3","11,188.8","14.18M","0.00%"
"25/08/2020","11,303.2","11,234.6","11,371.8","11,165.9","10.85M","1.23%"
"24/08/2020","11,165.9","11,303.2","11,349.0","11,165.9","9.19M","0.41%"
"21/08/2020","11,120.2","10,754.1","11,165.9","10,754.1","19.98M","4.29%"
"20/08/2020","10,662.5","10,708.3","10,776.9","10,639.7","8.78M","0.00%"
"19/08/2020","10,662.5","10,616.8","10,754.1","10,593.9","5.34M","0.43%"
"18/08/2020","10,616.8","10,754.1","10,776.9","10,571.0","5.59M","-1.28%"
"17/08/2020","10,754.1","10,639.7","10,776.9","10,593.9","6.05M","0.00%"
"14/08/2020","10,754.1","10,822.7","10,914.2","10,639.7","10.93M","-1.05%"
"13/08/2020","10,868.5","10,891.3","10,937.1","10,845.6","10.70M","1.50%"
"12/08/2020","10,708.3","10,662.5","10,891.3","10,616.8","9.10M","0.86%"
"11/08/2020","10,616.8","10,639.7","10,662.5","10,433.7","8.08M","1.75%"
"10/08/2020","10,433.7","10,571.0","10,708.3","10,433.7","8.49M","0.22%"
"07/08/2020","10,410.8","10,342.2","10,479.5","10,273.6","8.07M","1.56%"
"06/08/2020","10,250.7","10,365.1","10,433.7","10,227.8","5.97M","-1.10%"
"05/08/2020","10,365.1","10,113.4","10,388.0","10,067.6","9.54M","2.72%"
"04/08/2020","10,090.5","10,113.4","10,204.9","10,021.9","6.50M","1.38%"
"03/08/2020","9,953.2","9,701.5","9,976.1","9,678.7","5.62M","2.59%"
"31/07/2020","9,701.5","9,610.0","9,838.8","9,564.3","6.11M","-0.70%"
"30/07/2020","9,770.2","9,632.9","9,815.9","9,610.0","5.37M","2.40%"
"29/07/2020","9,541.4","9,701.5","9,747.3","9,335.4","9.82M","-3.92%"
"28/07/2020","9,930.3","9,678.7","9,976.1","9,610.0","8.93M","4.83%"
"27/07/2020","9,472.7","9,747.3","10,021.9","9,472.7","15.72M","-6.97%"
"24/07/2020","10,182.0","10,548.1","10,639.7","9,976.1","17.65M","-4.71%"
"23/07/2020","10,685.4","10,754.1","10,754.1","10,525.3","6.24M","0.00%"
"22/07/2020","10,685.4","10,960.0","10,960.0","10,685.4","5.63M","-2.10%"
"21/07/2020","10,914.2","10,937.1","10,960.0","10,731.2","5.73M","0.21%"
"20/07/2020","10,891.3","11,028.6","11,028.6","10,868.5","6.10M","-1.24%"
"17/07/2020","11,028.6","10,982.9","11,120.2","10,891.3","7.20M","0.00%"
"16/07/2020","11,028.6","10,982.9","11,028.6","10,845.6","7.89M","0.00%"
"15/07/2020","11,028.6","11,120.2","11,143.0","11,028.6","5.50M","0.21%"
"14/07/2020","11,005.8","10,960.0","11,120.2","10,891.3","8.38M","0.42%"
"13/07/2020","10,960.0","10,982.9","11,257.4","10,960.0","12.78M","0.63%"
"10/07/2020","10,891.3","10,982.9","11,051.5","10,776.9","9.69M","-1.24%"
"09/07/2020","11,028.6","10,845.6","11,074.4","10,776.9","12.62M","1.90%"
"08/07/2020","10,822.7","10,731.2","10,982.9","10,662.5","11.07M","0.85%"
"07/07/2020","10,731.2","10,662.5","10,845.6","10,616.8","13.89M","1.74%"
"06/07/2020","10,548.1","10,342.2","10,662.5","10,273.6","10.12M","3.36%"
"03/07/2020","10,204.9","10,227.8","10,273.6","10,204.9","4.48M","0.00%"
"02/07/2020","10,204.9","10,250.7","10,296.4","10,113.4","3.64M","0.00%"
"01/07/2020","10,204.9","9,907.5","10,204.9","9,861.7","4.39M","3.48%"
"30/06/2020","9,861.7","10,182.0","10,250.7","9,793.1","5.87M","-1.60%"
"29/06/2020","10,021.9","10,250.7","10,319.3","9,907.5","9.60M","-2.88%"
"26/06/2020","10,319.3","10,525.3","10,548.1","10,250.7","4.88M","-0.66%"
"25/06/2020","10,388.0","10,296.4","10,456.6","10,250.7","5.32M","-0.44%"
"24/06/2020","10,433.7","10,708.3","10,776.9","10,388.0","6.37M","-1.94%"
"23/06/2020","10,639.7","10,708.3","10,776.9","10,548.1","6.04M","-0.85%"
"22/06/2020","10,731.2","10,662.5","10,845.6","10,639.7","6.23M","0.43%"
"19/06/2020","10,685.4","10,593.9","10,708.3","10,502.4","5.98M","1.97%"
"18/06/2020","10,479.5","10,388.0","10,616.8","10,388.0","4.08M","-0.43%"
"17/06/2020","10,525.3","10,525.3","10,639.7","10,479.5","5.15M","-1.08%"
"16/06/2020","10,639.7","10,525.3","10,639.7","10,388.0","8.42M","4.26%"
"15/06/2020","10,204.9","10,616.8","10,754.1","10,113.4","16.54M","-4.29%"
"12/06/2020","10,662.5","10,113.4","10,662.5","10,113.4","14.80M","1.53%"
"11/06/2020","10,502.4","11,303.2","11,349.0","10,502.4","19.31M","-6.90%"
"10/06/2020","11,280.3","11,074.4","11,440.5","11,028.6","17.21M","1.86%"
"09/06/2020","11,074.4","11,440.5","11,440.5","11,074.4","13.98M","-2.81%"
"08/06/2020","11,394.7","11,371.8","11,532.0","11,257.4","14.73M","1.84%"
"05/06/2020","11,188.8","11,211.7","11,303.2","11,074.4","11.32M","-0.81%"
"04/06/2020","11,280.3","11,074.4","11,394.7","11,028.6","18.66M","2.71%"
"03/06/2020","10,982.9","10,799.8","11,005.8","10,776.9","14.40M","2.35%"
"02/06/2020","10,731.2","10,891.3","11,120.2","10,708.3","20.00M","-0.21%"
"01/06/2020","10,754.1","10,433.7","10,754.1","10,388.0","14.85M","4.44%"
"29/05/2020","10,296.4","10,273.6","10,388.0","10,273.6","7.43M","-0.22%"
"28/05/2020","10,319.3","10,319.3","10,502.4","10,227.8","12.38M","0.67%"
"27/05/2020","10,250.7","10,662.5","10,731.2","10,250.7","17.57M","-3.24%"
"26/05/2020","10,593.9","10,548.1","10,662.5","10,456.6","13.11M","0.43%"
"25/05/2020","10,548.1","10,479.5","10,685.4","10,388.0","14.04M","1.10%"
"22/05/2020","10,433.7","10,433.7","10,799.8","10,365.1","15.93M","-0.65%"
"21/05/2020","10,502.4","10,227.8","10,639.7","10,204.9","22.15M","2.91%"
"20/05/2020","10,204.9","10,067.6","10,204.9","10,021.9","11.15M","0.00%"
"19/05/2020","10,204.9","10,067.6","10,273.6","9,976.1","22.99M","4.45%"
"18/05/2020","9,770.2","9,587.1","9,770.2","9,472.7","10.86M","2.15%"
"15/05/2020","9,564.3","9,861.7","9,884.6","9,541.4","15.23M","-2.11%"
"14/05/2020","9,770.2","9,793.1","9,953.2","9,770.2","12.16M","-1.39%"
"13/05/2020","9,907.5","9,793.1","10,044.8","9,678.7","14.52M","0.00%"
"12/05/2020","9,907.5","9,678.7","9,976.1","9,541.4","13.72M","1.88%"
"11/05/2020","9,724.4","9,815.9","9,861.7","9,564.3","15.97M","1.67%"
"08/05/2020","9,564.3","9,472.7","9,907.5","9,427.0","26.42M","2.45%"
"07/05/2020","9,335.4","9,243.9","9,449.8","9,198.2","15.69M","0.99%"
"06/05/2020","9,243.9","9,129.5","9,289.7","8,946.5","14.37M","1.76%"
"05/05/2020","9,083.7","9,175.3","9,221.0","8,992.2","6.21M","-1.00%"
"04/05/2020","9,175.3","9,038.0","9,358.3","8,946.5","15.70M","0.25%"
"29/04/2020","9,152.4","8,832.1","9,152.4","8,740.5","19.48M","4.99%"
"28/04/2020","8,717.7","8,626.1","8,832.1","8,557.5","8.22M","1.06%"
"27/04/2020","8,626.1","8,877.8","8,877.8","8,626.1","8.98M","-1.82%"
"24/04/2020","8,786.3","8,786.3","8,832.1","8,694.8","5.99M","0.00%"
"23/04/2020","8,786.3","8,923.6","9,015.1","8,786.3","6.15M","-0.26%"
"22/04/2020","8,809.2","8,420.2","9,015.1","8,420.2","13.27M","2.39%"
"21/04/2020","8,603.2","8,992.2","9,038.0","8,580.4","19.40M","-5.29%"
"20/04/2020","9,083.7","9,289.7","9,358.3","9,083.7","13.12M","-1.24%"
"17/04/2020","9,198.2","9,381.2","9,381.2","9,152.4","17.90M","1.52%"
"16/04/2020","9,060.9","8,969.3","9,106.6","8,877.8","7.74M","-0.25%"
"15/04/2020","9,083.7","8,786.3","9,129.5","8,786.3","14.10M","3.39%"
"14/04/2020","8,786.3","8,946.5","9,038.0","8,603.2","15.42M","-2.04%"
"13/04/2020","8,969.3","8,877.8","9,152.4","8,809.2","8.73M","0.77%"
"10/04/2020","8,900.7","9,060.9","9,198.2","8,832.1","11.89M","-1.77%"
"09/04/2020","9,060.9","9,152.4","9,312.6","9,060.9","15.16M","0.51%"
"08/04/2020","9,015.1","8,832.1","9,152.4","8,740.5","9.67M","-0.76%"
"07/04/2020","9,083.7","9,243.9","9,266.8","8,969.3","15.14M","-1.24%"
"06/04/2020","9,198.2","8,832.1","9,198.2","8,694.8","22.02M","6.91%"
"03/04/2020","8,603.2","8,511.7","8,694.8","8,466.0","9.65M","2.73%"
"01/04/2020","8,374.4","7,779.5","8,397.3","7,779.5","11.50M","6.40%"
"31/03/2020","7,871.1","8,237.2","8,466.0","7,596.5","12.73M","-2.82%"
"30/03/2020","8,099.9","8,168.5","8,237.2","8,099.9","15.29M","-6.84%"
"27/03/2020","8,694.8","8,717.7","8,740.5","8,557.5","13.06M","1.06%"
"26/03/2020","8,603.2","8,717.7","8,969.3","8,603.2","10.68M","-3.84%"
"25/03/2020","8,946.5","8,694.8","8,946.5","8,603.2","14.69M","6.83%"
"24/03/2020","8,374.4","8,443.1","8,557.5","8,077.0","13.27M","-0.81%"
"23/03/2020","8,443.1","8,603.2","8,694.8","8,443.1","13.45M","-6.82%"
"20/03/2020","9,060.9","9,335.4","9,381.2","8,992.2","13.41M","-1.49%"
"19/03/2020","9,198.2","9,381.2","9,427.0","9,083.7","9.86M","-4.06%"
"18/03/2020","9,587.1","9,747.3","9,861.7","9,587.1","13.40M","-0.24%"
"17/03/2020","9,610.0","9,152.4","9,701.5","8,877.8","16.58M","2.44%"
"16/03/2020","9,381.2","10,044.8","10,090.5","9,381.2","15.66M","-6.61%"
"13/03/2020","10,044.8","9,381.2","10,250.7","9,289.7","21.99M","0.69%"
"12/03/2020","9,976.1","10,067.6","10,250.7","9,884.6","23.60M","-6.03%"
"11/03/2020","10,616.8","11,349.0","11,440.5","10,456.6","17.78M","-5.31%"
"10/03/2020","11,211.7","10,982.9","11,463.4","10,593.9","23.09M","2.08%"
"09/03/2020","10,982.9","11,028.6","11,303.2","10,982.9","22.47M","-6.98%"
"06/03/2020","11,806.6","11,806.6","11,921.0","11,646.4","11.17M","-1.34%"
"05/03/2020","11,966.8","12,264.2","12,287.1","11,966.8","12.51M","-1.13%"
"04/03/2020","12,104.0","12,035.4","12,104.0","11,898.1","9.57M","0.00%"
"03/03/2020","12,104.0","11,989.6","12,332.8","11,875.2","19.85M","3.73%"
"02/03/2020","11,669.3","11,875.2","11,921.0","11,623.5","10.17M","-0.97%"
"28/02/2020","11,783.7","11,669.3","11,921.0","11,440.5","16.46M","-1.72%"
"27/02/2020","11,989.6","11,783.7","11,989.6","11,715.1","11.52M","1.55%"
"26/02/2020","11,806.6","11,692.2","11,989.6","11,623.5","12.99M","-1.15%"
"25/02/2020","11,943.9","11,165.9","11,943.9","11,143.0","20.37M","6.97%"
"24/02/2020","11,165.9","11,486.3","11,623.5","11,143.0","25.69M","-5.61%"
"21/02/2020","11,829.5","12,264.2","12,310.0","11,737.9","25.14M","-3.90%"
"20/02/2020","12,310.0","12,515.9","12,676.1","12,195.6","18.80M","-0.37%"
"19/02/2020","12,355.7","12,264.2","12,447.3","12,264.2","12.30M","1.12%"
"18/02/2020","12,218.4","12,218.4","12,470.1","12,172.7","15.09M","0.56%"
"17/02/2020","12,149.8","12,310.0","12,378.6","12,081.2","12.14M","-0.93%"
"14/02/2020","12,264.2","12,515.9","12,515.9","12,218.4","12.74M","-1.65%"
"13/02/2020","12,470.1","12,515.9","12,630.3","12,126.9","19.79M","0.18%"
"12/02/2020","12,447.3","13,019.3","13,019.3","12,447.3","21.68M","-1.98%"
"11/02/2020","12,698.9","12,310.0","12,698.9","12,287.1","14.11M","4.32%"
"10/02/2020","12,172.7","12,012.5","12,493.0","11,989.6","13.12M","-1.12%"
"07/02/2020","12,310.0","12,584.5","12,653.2","12,195.6","18.69M","-3.06%"
"06/02/2020","12,698.9","12,218.4","12,859.1","12,058.3","22.04M","4.52%"
"05/02/2020","12,149.8","12,538.8","12,721.8","12,149.8","24.47M","-1.30%"
"04/02/2020","12,310.0","11,623.5","12,310.0","11,600.7","30.98M","6.96%"
"03/02/2020","11,509.1","10,754.1","11,532.0","10,639.7","28.93M","3.07%"
"31/01/2020","11,165.9","11,257.4","11,554.9","11,165.9","24.65M","0.21%"
"30/01/2020","11,143.0","11,394.7","11,600.7","10,982.9","23.61M","-4.88%"
"22/01/2020","11,715.1","11,577.8","11,783.7","11,463.4","9.90M","1.19%"
"21/01/2020","11,577.8","11,532.0","11,806.6","11,486.3","12.65M","0.80%"
"20/01/2020","11,486.3","11,394.7","11,577.8","11,326.1","9.88M","0.60%"
"17/01/2020","11,417.6","11,532.0","11,623.5","11,257.4","13.38M","0.20%"
"16/01/2020","11,394.7","10,845.6","11,417.6","10,822.7","16.69M","5.51%"
"15/01/2020","10,799.8","10,754.1","10,845.6","10,639.7","9.11M","0.43%"
"14/01/2020","10,754.1","10,639.7","10,891.3","10,616.8","14.69M","1.29%"
"13/01/2020","10,616.8","10,662.5","10,982.9","10,616.8","11.09M","-1.49%"
"10/01/2020","10,776.9","10,296.4","10,982.9","10,296.4","30.67M","4.90%"
"09/01/2020","10,273.6","9,999.0","10,342.2","9,999.0","17.92M","3.70%"
"08/01/2020","9,907.5","9,861.7","10,136.3","9,747.3","20.58M","-0.23%"
"07/01/2020","9,930.3","9,884.6","9,999.0","9,815.9","8.69M","1.64%"
"06/01/2020","9,770.2","9,701.5","9,930.3","9,655.8","6.62M","0.23%"
"03/01/2020","9,747.3","9,953.2","9,999.0","9,724.4","7.57M","-0.93%"
"02/01/2020","9,838.8","9,564.3","9,953.2","9,541.4","9.07M","2.87%"
"31/12/2019","9,564.3","9,678.7","9,701.5","9,541.4","3.64M","-0.71%"
"30/12/2019","9,632.9","9,472.7","9,655.8","9,449.8","9.65M","1.94%"
"27/12/2019","9,449.8","9,449.8","9,449.8","9,312.6","3.31M","0.24%"
"26/12/2019","9,427.0","9,427.0","9,472.7","9,358.3","4.33M","0.00%"
"25/12/2019","9,427.0","9,381.2","9,518.5","9,381.2","2.88M","0.00%"
"24/12/2019","9,427.0","9,449.8","9,449.8","9,335.4","2.62M","0.24%"
"23/12/2019","9,404.1","9,335.4","9,518.5","9,335.4","6.90M","0.98%"
"20/12/2019","9,312.6","9,221.0","9,358.3","9,198.2","2.23M","0.99%"
"19/12/2019","9,221.0","9,243.9","9,289.7","9,152.4","2.79M","0.00%"
"18/12/2019","9,221.0","9,243.9","9,335.4","9,221.0","3.64M","-0.49%"
"17/12/2019","9,266.8","9,312.6","9,404.1","9,266.8","3.52M","-0.25%"
"16/12/2019","9,289.7","9,427.0","9,427.0","9,289.7","3.00M","-1.46%"
"13/12/2019","9,427.0","9,266.8","9,472.7","9,266.8","8.27M","2.23%"
"12/12/2019","9,221.0","9,106.6","9,266.8","9,106.6","3.98M","1.51%"
"11/12/2019","9,083.7","9,175.3","9,221.0","9,015.1","5.36M","-1.00%"
"10/12/2019","9,175.3","9,243.9","9,243.9","9,129.5","4.78M","-0.50%"
"09/12/2019","9,221.0","9,243.9","9,312.6","9,221.0","4.59M","-0.74%"
"06/12/2019","9,289.7","9,175.3","9,312.6","9,175.3","3.85M","1.00%"
"05/12/2019","9,198.2","9,381.2","9,381.2","9,198.2","2.88M","-1.71%"
"04/12/2019","9,358.3","9,015.1","9,381.2","8,946.5","7.78M","4.34%"
"03/12/2019","8,969.3","8,923.6","9,152.4","8,923.6","7.82M","-1.01%"
"02/12/2019","9,060.9","9,335.4","9,358.3","9,060.9","8.22M","-3.18%"
"29/11/2019","9,358.3","9,381.2","9,404.1","9,266.8","6.59M","0.00%"
"28/11/2019","9,358.3","9,632.9","9,632.9","9,358.3","7.59M","-2.85%"
"27/11/2019","9,632.9","9,701.5","9,747.3","9,632.9","3.48M","-0.71%"
"26/11/2019","9,701.5","9,724.4","9,724.4","9,632.9","4.43M","0.24%"
"25/11/2019","9,678.7","9,701.5","9,701.5","9,564.3","4.65M","0.24%"
"22/11/2019","9,655.8","9,793.1","9,815.9","9,518.5","8.47M","-0.94%"
"21/11/2019","9,747.3","9,747.3","9,838.8","9,678.7","9.91M","0.00%"
"20/11/2019","9,747.3","9,838.8","9,861.7","9,747.3","6.08M","-0.93%"
"19/11/2019","9,838.8","9,815.9","9,884.6","9,793.1","7.72M","0.47%"
"18/11/2019","9,793.1","9,907.5","9,907.5","9,793.1","12.16M","-1.38%"
"15/11/2019","9,930.3","9,884.6","10,021.9","9,838.8","5.25M","0.46%"
"14/11/2019","9,884.6","9,976.1","9,976.1","9,884.6","4.76M","-1.14%"
"13/11/2019","9,999.0","10,090.5","10,273.6","9,884.6","18.36M","-0.68%"
"12/11/2019","10,067.6","10,044.8","10,136.3","10,021.9","5.73M","0.23%"
"11/11/2019","10,044.8","10,227.8","10,319.3","10,044.8","8.09M","-1.57%"
"08/11/2019","10,204.9","10,250.7","10,296.4","10,182.0","4.54M","0.22%"
"07/11/2019","10,182.0","10,204.9","10,250.7","10,136.3","6.17M","-0.22%"
"06/11/2019","10,204.9","10,250.7","10,342.2","10,204.9","6.79M","-0.45%"
"05/11/2019","10,250.7","10,296.4","10,319.3","10,250.7","5.55M","-0.22%"
"04/11/2019","10,273.6","10,250.7","10,410.8","10,227.8","12.20M","0.67%"
"01/11/2019","10,204.9","10,021.9","10,204.9","9,999.0","8.87M","1.36%"
"31/10/2019","10,067.6","10,204.9","10,250.7","10,067.6","4.98M","-0.68%"
"30/10/2019","10,136.3","10,067.6","10,227.8","10,067.6","6.32M","0.45%"
"29/10/2019","10,090.5","10,113.4","10,273.6","10,067.6","6.81M","0.23%"
"28/10/2019","10,067.6","10,113.4","10,227.8","10,067.6","6.31M","0.00%"
"25/10/2019","10,067.6","9,838.8","10,067.6","9,793.1","9.10M","2.33%"
"24/10/2019","9,838.8","9,838.8","9,884.6","9,793.1","3.30M","0.23%"
"23/10/2019","9,815.9","9,884.6","9,976.1","9,770.2","4.05M","-0.69%"
"22/10/2019","9,884.6","9,724.4","9,884.6","9,724.4","4.02M","1.65%"
"21/10/2019","9,724.4","9,838.8","9,884.6","9,724.4","7.32M","-1.62%"
"18/10/2019","9,884.6","10,021.9","10,044.8","9,838.8","6.13M","-1.37%"
"17/10/2019","10,021.9","9,999.0","10,067.6","9,976.1","6.93M","0.00%"
"16/10/2019","10,021.9","9,999.0","10,113.4","9,976.1","8.60M","0.92%"
"15/10/2019","9,930.3","9,930.3","9,976.1","9,884.6","5.19M","0.00%"
"14/10/2019","9,930.3","9,815.9","10,044.8","9,770.2","14.81M","2.60%"
"11/10/2019","9,678.7","9,678.7","9,770.2","9,678.7","3.26M","0.00%"
"10/10/2019","9,678.7","9,747.3","9,793.1","9,678.7","4.77M","-0.70%"
"09/10/2019","9,747.3","9,518.5","9,815.9","9,518.5","12.79M","2.65%"
"08/10/2019","9,495.6","9,427.0","9,518.5","9,381.2","2.39M","0.97%"
"07/10/2019","9,404.1","9,449.8","9,495.6","9,404.1","3.95M","-0.24%"
"04/10/2019","9,427.0","9,632.9","9,632.9","9,427.0","4.56M","-1.90%"
"03/10/2019","9,610.0","9,541.4","9,610.0","9,495.6","4.24M","0.00%"
"02/10/2019","9,610.0","9,724.4","9,793.1","9,587.1","4.82M","-1.41%"
"01/10/2019","9,747.3","9,747.3","9,747.3","9,632.9","5.23M","0.71%"
"30/09/2019","9,678.7","9,724.4","9,815.9","9,655.8","7.39M","0.00%"
"27/09/2019","9,678.7","9,678.7","9,747.3","9,678.7","5.02M","0.00%"
"26/09/2019","9,678.7","9,564.3","9,678.7","9,564.3","4.82M","1.68%"
"25/09/2019","9,518.5","9,472.7","9,564.3","9,449.8","3.49M","0.24%"
"24/09/2019","9,495.6","9,610.0","9,655.8","9,495.6","7.29M","-1.19%"
"23/09/2019","9,610.0","9,655.8","9,724.4","9,610.0","4.92M","-0.47%"
"20/09/2019","9,655.8","9,724.4","9,747.3","9,632.9","3.82M","-0.71%"
"19/09/2019","9,724.4","9,541.4","9,747.3","9,541.4","9.80M","2.16%"
"18/09/2019","9,518.5","9,472.7","9,655.8","9,449.8","10.30M","0.24%"
"17/09/2019","9,495.6","9,449.8","9,518.5","9,427.0","2.95M","0.00%"
"16/09/2019","9,495.6","9,472.7","9,678.7","9,472.7","6.96M","-0.48%"
"13/09/2019","9,541.4","9,221.0","9,564.3","9,175.3","13.28M","3.47%"
"12/09/2019","9,221.0","9,083.7","9,243.9","9,060.9","2.25M","1.77%"
"11/09/2019","9,060.9","9,060.9","9,083.7","9,015.1","2.31M","0.25%"
"10/09/2019","9,038.0","9,152.4","9,175.3","9,015.1","4.53M","-1.00%"
"09/09/2019","9,129.5","9,106.6","9,175.3","9,106.6","2.33M","0.25%"
"06/09/2019","9,106.6","9,129.5","9,221.0","9,106.6","2.55M","-0.25%"
"05/09/2019","9,129.5","9,221.0","9,243.9","9,129.5","2.76M","-0.25%"
"04/09/2019","9,152.4","9,152.4","9,221.0","9,083.7","3.51M","0.25%"
"03/09/2019","9,129.5","9,243.9","9,289.7","9,129.5","3.43M","-1.24%"
"30/08/2019","9,243.9","9,243.9","9,312.6","9,243.9","3.01M","0.00%"
"29/08/2019","9,243.9","9,289.7","9,289.7","9,198.2","2.03M","-0.25%"
"28/08/2019","9,266.8","9,289.7","9,312.6","9,243.9","1.90M","-0.25%"
"27/08/2019","9,289.7","9,358.3","9,381.2","9,243.9","4.07M","0.00%"
"26/08/2019","9,289.7","9,266.8","9,335.4","9,221.0","7.18M","-0.98%"
"23/08/2019","9,381.2","9,427.0","9,472.7","9,381.2","3.91M","-0.49%"
"22/08/2019","9,427.0","9,587.1","9,587.1","9,427.0","4.12M","-0.72%"
"21/08/2019","9,495.6","9,427.0","9,587.1","9,381.2","9.60M","0.73%"
"20/08/2019","9,427.0","9,381.2","9,449.8","9,358.3","4.56M","0.49%"
"19/08/2019","9,381.2","9,427.0","9,518.5","9,381.2","2.62M","0.00%"
"16/08/2019","9,381.2","9,404.1","9,518.5","9,289.7","6.79M","0.49%"
"15/08/2019","9,335.4","9,198.2","9,335.4","9,198.2","4.80M","-0.49%"
"14/08/2019","9,381.2","9,518.5","9,541.4","9,381.2","5.65M","-0.49%"
"13/08/2019","9,427.0","9,243.9","9,427.0","9,221.0","4.82M","1.23%"
"12/08/2019","9,312.6","9,381.2","9,404.1","9,266.8","4.79M","-0.73%"
"09/08/2019","9,381.2","9,358.3","9,472.7","9,312.6","4.53M","0.24%"
"08/08/2019","9,358.3","9,289.7","9,358.3","9,198.2","4.71M","1.24%"
"07/08/2019","9,243.9","9,243.9","9,335.4","9,175.3","2.98M","0.00%"
"06/08/2019","9,243.9","9,129.5","9,289.7","9,129.5","7.40M","-0.74%"
"05/08/2019","9,312.6","9,358.3","9,358.3","9,266.8","5.86M","0.00%"
"02/08/2019","9,312.6","9,243.9","9,472.7","9,221.0","6.91M","-0.25%"
"01/08/2019","9,335.4","9,518.5","9,518.5","9,289.7","5.85M","-1.69%"
"31/07/2019","9,495.6","9,472.7","9,541.4","9,449.8","4.59M","0.24%"
"30/07/2019","9,472.7","9,655.8","9,678.7","9,472.7","5.31M","-0.96%"
"29/07/2019","9,564.3","9,701.5","9,724.4","9,518.5","5.41M","-1.42%"
"26/07/2019","9,701.5","9,770.2","9,793.1","9,701.5","4.24M","-0.24%"
"25/07/2019","9,724.4","9,724.4","9,815.9","9,701.5","5.75M","0.00%"
"24/07/2019","9,724.4","9,953.2","9,976.1","9,724.4","8.02M","-1.85%"
"23/07/2019","9,907.5","9,884.6","9,953.2","9,861.7","6.10M","0.23%"
"22/07/2019","9,884.6","9,999.0","10,090.5","9,861.7","6.87M","-1.14%"
"19/07/2019","9,999.0","10,044.8","10,136.3","9,976.1","14.05M","0.92%"
"18/07/2019","9,907.5","9,930.3","10,021.9","9,907.5","5.88M","-1.14%"
"17/07/2019","10,021.9","9,976.1","10,067.6","9,907.5","9.19M","0.92%"
"16/07/2019","9,930.3","9,838.8","9,953.2","9,838.8","10.85M","0.93%"
"15/07/2019","9,838.8","9,815.9","9,884.6","9,770.2","4.17M","0.23%"
"12/07/2019","9,815.9","9,884.6","9,953.2","9,770.2","7.13M","-0.46%"
"11/07/2019","9,861.7","9,655.8","9,907.5","9,655.8","11.31M","2.62%"
"10/07/2019","9,610.0","9,610.0","9,747.3","9,610.0","5.56M","0.24%"
"09/07/2019","9,587.1","9,564.3","9,655.8","9,541.4","5.08M","0.24%"
"08/07/2019","9,564.3","9,678.7","9,678.7","9,495.6","6.77M","-1.18%"
"05/07/2019","9,678.7","9,678.7","9,815.9","9,610.0","6.64M","0.00%"
"04/07/2019","9,678.7","9,678.7","9,724.4","9,587.1","5.05M","0.48%"
"03/07/2019","9,632.9","9,472.7","9,678.7","9,449.8","8.49M","1.20%"
"02/07/2019","9,518.5","9,610.0","9,678.7","9,495.6","5.39M","-0.24%"
"01/07/2019","9,541.4","9,358.3","9,541.4","9,289.7","7.59M","6.92%"
"28/06/2019","8,923.6","9,472.7","9,495.6","8,923.6","8.64M","-5.57%"
"27/06/2019","9,449.8","9,541.4","9,564.3","9,427.0","8.84M","-1.20%"
"26/06/2019","9,564.3","9,587.1","9,770.2","9,564.3","6.49M","-0.71%"
"25/06/2019","9,632.9","9,678.7","9,793.1","9,632.9","7.57M","-1.64%"
"24/06/2019","9,793.1","9,770.2","9,838.8","9,678.7","8.05M","0.00%"
"21/06/2019","9,793.1","9,701.5","9,793.1","9,587.1","9.73M","1.90%"
"20/06/2019","9,610.0","9,266.8","9,610.0","9,243.9","11.25M","3.70%"
"19/06/2019","9,266.8","9,335.4","9,381.2","9,266.8","2.98M","0.00%"
"18/06/2019","9,266.8","9,381.2","9,427.0","9,266.8","3.71M","-0.98%"
"17/06/2019","9,358.3","9,335.4","9,427.0","9,312.6","5.07M","0.74%"
"14/06/2019","9,289.7","9,266.8","9,427.0","9,221.0","5.83M","0.74%"
"13/06/2019","9,221.0","9,243.9","9,312.6","9,221.0","2.78M","-0.49%"
"12/06/2019","9,266.8","9,358.3","9,381.2","9,266.8","2.53M","-1.22%"
"11/06/2019","9,381.2","9,381.2","9,404.1","9,358.3","2.39M","0.00%"
"10/06/2019","9,381.2","9,472.7","9,495.6","9,358.3","5.17M","0.24%"
"07/06/2019","9,358.3","9,335.4","9,358.3","9,289.7","2.90M","0.74%"
"06/06/2019","9,289.7","9,198.2","9,312.6","9,129.5","4.13M","1.00%"
"05/06/2019","9,198.2","9,289.7","9,404.1","9,198.2","4.00M","0.50%"
"04/06/2019","9,152.4","9,152.4","9,243.9","9,106.6","4.24M","0.50%"
"03/06/2019","9,106.6","9,198.2","9,312.6","9,106.6","6.42M","-1.97%"
"31/05/2019","9,289.7","9,495.6","9,495.6","9,289.7","4.22M","-1.69%"
"30/05/2019","9,449.8","9,427.0","9,541.4","9,381.2","3.27M","0.00%"
"29/05/2019","9,449.8","9,564.3","9,587.1","9,449.8","4.85M","-1.67%"
"28/05/2019","9,610.0","9,701.5","9,701.5","9,564.3","4.22M","-0.94%"
"27/05/2019","9,701.5","9,678.7","9,724.4","9,610.0","3.57M","0.00%"
"24/05/2019","9,701.5","9,770.2","9,838.8","9,701.5","4.59M","-1.40%"
"23/05/2019","9,838.8","9,838.8","9,884.6","9,747.3","3.92M","-0.23%"
"22/05/2019","9,861.7","9,747.3","9,930.3","9,724.4","10.43M","1.41%"
"21/05/2019","9,724.4","9,770.2","9,838.8","9,701.5","4.80M","-0.47%"
"20/05/2019","9,770.2","9,701.5","9,838.8","9,655.8","5.95M","0.71%"
"17/05/2019","9,701.5","9,655.8","9,770.2","9,610.0","5.37M","0.47%"
"16/05/2019","9,655.8","9,678.7","9,770.2","9,610.0","5.10M","-0.24%"
"15/05/2019","9,678.7","9,449.8","9,678.7","9,449.8","7.67M","2.92%"
"14/05/2019","9,404.1","9,266.8","9,449.8","9,266.8","4.38M","0.49%"
"13/05/2019","9,358.3","9,335.4","9,541.4","9,289.7","4.03M","0.74%"
"10/05/2019","9,289.7","9,243.9","9,381.2","9,221.0","3.54M","1.00%"
"09/05/2019","9,198.2","9,335.4","9,427.0","9,175.3","4.17M","-1.71%"
"08/05/2019","9,358.3","9,221.0","9,358.3","9,198.2","3.73M","0.25%"
"07/05/2019","9,335.4","9,381.2","9,518.5","9,266.8","3.12M","-0.24%"
"06/05/2019","9,358.3","9,427.0","9,472.7","9,312.6","5.16M","-2.15%"
"03/05/2019","9,564.3","9,564.3","9,678.7","9,541.4","3.60M","-0.48%"
"02/05/2019","9,610.0","9,747.3","9,747.3","9,564.3","4.00M","-1.18%"
"26/04/2019","9,724.4","9,632.9","9,747.3","9,610.0","3.02M","0.95%"
"25/04/2019","9,632.9","9,747.3","9,793.1","9,632.9","2.70M","-1.64%"
"24/04/2019","9,793.1","9,655.8","9,861.7","9,610.0","5.10M","2.64%"
"23/04/2019","9,541.4","9,472.7","9,701.5","9,381.2","5.11M","1.71%"
"22/04/2019","9,381.2","9,518.5","9,610.0","9,358.3","4.82M","-1.44%"
"19/04/2019","9,518.5","9,678.7","9,724.4","9,518.5","4.19M","-0.95%"
"18/04/2019","9,610.0","9,770.2","9,838.8","9,564.3","7.95M","-2.10%"
"17/04/2019","9,815.9","9,907.5","9,999.0","9,815.9","4.50M","-0.46%"
"16/04/2019","9,861.7","9,884.6","9,930.3","9,747.3","6.57M","-1.37%"
"12/04/2019","9,999.0","10,021.9","10,090.5","9,999.0","3.20M","-0.46%"
"11/04/2019","10,044.8","10,021.9","10,182.0","9,999.0","4.30M","0.23%"
"10/04/2019","10,021.9","10,021.9","10,136.3","9,999.0","4.67M","-1.13%"
"09/04/2019","10,136.3","10,250.7","10,342.2","10,136.3","8.12M","-0.67%"
"08/04/2019","10,204.9","10,021.9","10,204.9","9,999.0","5.46M","1.83%"
"05/04/2019","10,021.9","10,113.4","10,182.0","10,021.9","4.91M","-0.45%"
"04/04/2019","10,067.6","10,113.4","10,204.9","9,930.3","4.23M","0.92%"
"03/04/2019","9,976.1","9,999.0","10,044.8","9,884.6","10.47M","-0.91%"
"02/04/2019","10,067.6","10,296.4","10,319.3","10,067.6","5.28M","-1.12%"
"01/04/2019","10,182.0","10,319.3","10,319.3","10,136.3","5.79M","-0.89%"
"29/03/2019","10,273.6","10,410.8","10,433.7","10,250.7","8.68M","-0.88%"
"28/03/2019","10,365.1","10,204.9","10,410.8","10,204.9","5.41M","0.67%"
"27/03/2019","10,296.4","10,296.4","10,433.7","10,204.9","7.03M","0.67%"
"26/03/2019","10,227.8","10,273.6","10,365.1","10,159.2","6.25M","0.90%"
"25/03/2019","10,136.3","10,067.6","10,159.2","9,907.5","15.00M","-1.56%"
"22/03/2019","10,296.4","10,227.8","10,342.2","10,090.5","12.90M","1.81%"
"21/03/2019","10,113.4","10,525.3","10,571.0","10,113.4","14.97M","-3.91%"
"20/03/2019","10,525.3","10,479.5","10,593.9","10,319.3","18.81M","-0.43%"
"19/03/2019","10,571.0","10,708.3","10,708.3","10,502.4","15.64M","-1.28%"
"18/03/2019","10,708.3","10,479.5","10,731.2","10,456.6","21.10M","3.08%"
"15/03/2019","10,388.0","10,204.9","10,479.5","10,159.2","17.88M","0.89%"
"14/03/2019","10,296.4","10,296.4","10,410.8","10,227.8","10.79M","-0.22%"
"13/03/2019","10,319.3","10,227.8","10,410.8","10,113.4","30.49M","2.04%"
"12/03/2019","10,113.4","9,747.3","10,113.4","9,610.0","18.98M","4.74%"
"11/03/2019","9,655.8","9,701.5","9,747.3","9,610.0","6.63M","-0.47%"
"08/03/2019","9,701.5","9,747.3","9,838.8","9,678.7","11.19M","-1.40%"
"07/03/2019","9,838.8","9,838.8","9,930.3","9,770.2","16.76M","0.94%"
"06/03/2019","9,747.3","9,747.3","9,793.1","9,655.8","7.52M","0.24%"
"05/03/2019","9,724.4","9,701.5","9,930.3","9,632.9","16.57M","0.24%"
"04/03/2019","9,701.5","9,564.3","9,770.2","9,541.4","14.19M","1.92%"
"01/03/2019","9,518.5","9,564.3","9,587.1","9,449.8","9.34M","0.00%"
"28/02/2019","9,518.5","9,678.7","9,724.4","9,449.8","16.79M","-1.65%"
"27/02/2019","9,678.7","9,815.9","9,815.9","9,655.8","10.49M","-0.94%"
"26/02/2019","9,770.2","9,701.5","9,815.9","9,610.0","13.67M","0.23%"
"25/02/2019","9,747.3","9,838.8","9,884.6","9,747.3","12.37M","0.95%"
"22/02/2019","9,655.8","9,335.4","9,701.5","9,243.9","27.51M","3.43%"
"21/02/2019","9,335.4","9,449.8","9,449.8","9,289.7","14.91M","-0.97%"
"20/02/2019","9,427.0","9,381.2","9,564.3","9,358.3","11.43M","0.49%"
"19/02/2019","9,381.2","9,541.4","9,632.9","9,381.2","18.55M","-1.91%"
"18/02/2019","9,564.3","9,564.3","9,701.5","9,518.5","14.24M","0.48%"
"15/02/2019","9,518.5","9,472.7","9,655.8","9,427.0","8.86M","-0.24%"
"14/02/2019","9,541.4","9,564.3","9,655.8","9,518.5","10.51M","0.00%"
"13/02/2019","9,541.4","9,518.5","9,724.4","9,495.6","15.83M","0.00%"
"12/02/2019","9,541.4","9,472.7","9,724.4","9,427.0","15.88M","0.72%"
"11/02/2019","9,472.7","9,449.8","9,564.3","9,289.7","7.61M","2.99%"
"01/02/2019","9,198.2","8,923.6","9,221.0","8,923.6","7.58M","2.03%"
"31/01/2019","9,015.1","9,404.1","9,449.8","8,969.3","18.86M","-3.67%"
"30/01/2019","9,358.3","9,495.6","9,541.4","9,358.3","5.37M","-1.45%"
"29/01/2019","9,495.6","9,266.8","9,518.5","9,198.2","13.76M","1.97%"
"28/01/2019","9,312.6","9,243.9","9,358.3","9,198.2","9.26M","0.74%"
"25/01/2019","9,243.9","9,335.4","9,427.0","9,175.3","12.47M","-1.22%"
"24/01/2019","9,358.3","9,152.4","9,381.2","9,106.6","18.38M","2.51%"
"23/01/2019","9,129.5","8,900.7","9,175.3","8,832.1","14.47M","2.05%"
"22/01/2019","8,946.5","9,015.1","9,198.2","8,900.7","19.08M","0.51%"
"21/01/2019","8,900.7","8,397.3","8,900.7","8,374.4","23.88M","6.87%"
"18/01/2019","8,328.7","8,511.7","8,511.7","8,328.7","7.10M","-1.36%"
"17/01/2019","8,443.1","8,557.5","8,649.0","8,443.1","6.62M","-1.34%"
"16/01/2019","8,557.5","8,694.8","8,740.5","8,511.7","7.62M","-1.06%"
"15/01/2019","8,649.0","8,603.2","8,740.5","8,580.4","6.41M","0.53%"
"14/01/2019","8,603.2","8,511.7","8,717.7","8,488.8","10.03M","0.00%"
"11/01/2019","8,603.2","8,603.2","8,809.2","8,557.5","8.40M","-0.27%"
"10/01/2019","8,626.1","8,420.2","8,763.4","8,374.4","15.28M","2.72%"
"09/01/2019","8,397.3","8,237.2","8,557.5","8,191.4","12.42M","2.51%"
"08/01/2019","8,191.4","8,351.6","8,351.6","8,145.6","11.76M","-1.38%"
"07/01/2019","8,305.8","8,603.2","8,603.2","8,305.8","8.31M","-1.09%"
"04/01/2019","8,397.3","8,260.0","8,488.8","8,099.9","7.94M","1.38%"
"03/01/2019","8,282.9","8,694.8","8,786.3","8,260.0","11.50M","-4.74%"
"02/01/2019","8,694.8","8,809.2","8,900.7","8,694.8","5.05M","-1.55%"
"28/12/2018","8,832.1","8,923.6","9,015.1","8,809.2","4.82M","-0.26%"
"27/12/2018","8,854.9","9,152.4","9,175.3","8,854.9","8.01M","0.26%"
"26/12/2018","8,832.1","9,106.6","9,152.4","8,763.4","6.51M","-2.03%"
"25/12/2018","9,015.1","9,060.9","9,106.6","8,763.4","9.60M","-3.19%"
"24/12/2018","9,312.6","9,427.0","9,610.0","9,289.7","5.77M","-2.40%"
"21/12/2018","9,541.4","9,198.2","9,541.4","9,175.3","7.56M","3.22%"
"20/12/2018","9,243.9","9,381.2","9,564.3","9,175.3","12.91M","-0.98%"
"19/12/2018","9,335.4","9,770.2","9,815.9","9,129.5","23.38M","-4.90%"
"18/12/2018","9,815.9","9,747.3","9,999.0","9,701.5","10.28M","-0.92%"
"17/12/2018","9,907.5","10,067.6","10,136.3","9,884.6","11.43M","-3.13%"
"14/12/2018","10,227.8","10,525.3","10,616.8","10,113.4","23.61M","-3.46%"
"13/12/2018","10,593.9","10,776.9","10,845.6","10,593.9","8.69M","-1.49%"
"12/12/2018","10,754.1","10,731.2","10,754.1","10,662.5","4.83M","0.86%"
"11/12/2018","10,662.5","10,571.0","10,708.3","10,548.1","6.79M","0.87%"
"10/12/2018","10,571.0","10,799.8","10,868.5","10,571.0","13.94M","-3.95%"
"07/12/2018","11,005.8","11,005.8","11,165.9","10,960.0","9.00M","0.42%"
"06/12/2018","10,960.0","10,960.0","11,051.5","10,868.5","8.87M","-0.62%"
"05/12/2018","11,028.6","10,754.1","11,165.9","10,754.1","10.55M","0.84%"
"04/12/2018","10,937.1","11,005.8","11,120.2","10,845.6","8.45M","-1.04%"
"03/12/2018","11,051.5","10,799.8","11,074.4","10,754.1","14.24M","5.00%"
"30/11/2018","10,525.3","10,410.8","10,639.7","10,388.0","7.40M","0.66%"
"29/11/2018","10,456.6","10,502.4","10,616.8","10,388.0","8.72M","0.44%"
"28/11/2018","10,410.8","10,204.9","10,410.8","10,204.9","5.13M","2.02%"
"27/11/2018","10,204.9","10,388.0","10,456.6","10,136.3","4.63M","-0.89%"
"26/11/2018","10,296.4","10,250.7","10,365.1","10,250.7","3.68M","0.22%"
"23/11/2018","10,273.6","10,456.6","10,571.0","10,273.6","6.62M","-2.18%"
"22/11/2018","10,502.4","10,799.8","10,799.8","10,502.4","6.93M","-1.50%"
"21/11/2018","10,662.5","10,433.7","10,754.1","10,410.8","7.26M","0.43%"
"20/11/2018","10,616.8","10,388.0","10,731.2","10,365.1","10.20M","0.65%"
"19/11/2018","10,548.1","10,136.3","10,548.1","10,044.8","11.50M","5.01%"
"16/11/2018","10,044.8","9,884.6","10,136.3","9,793.1","6.39M","3.29%"
"15/11/2018","9,724.4","9,701.5","9,930.3","9,610.0","7.76M","0.24%"
"14/11/2018","9,701.5","10,067.6","10,227.8","9,587.1","11.83M","-3.64%"
"13/11/2018","10,067.6","10,067.6","10,250.7","10,067.6","6.91M","-2.00%"
"12/11/2018","10,273.6","10,296.4","10,365.1","10,113.4","4.93M","-0.66%"
"09/11/2018","10,342.2","10,479.5","10,639.7","10,319.3","6.42M","-2.59%"
"08/11/2018","10,616.8","10,845.6","10,868.5","10,616.8","5.61M","-0.22%"
"07/11/2018","10,639.7","10,639.7","10,754.1","10,456.6","5.74M","0.00%"
"06/11/2018","10,639.7","10,845.6","10,891.3","10,639.7","5.62M","-1.06%"
"05/11/2018","10,754.1","10,616.8","10,776.9","10,593.9","4.42M","0.00%"
"02/11/2018","10,754.1","10,525.3","10,891.3","10,502.4","9.51M","2.84%"
"01/11/2018","10,456.6","10,754.1","10,776.9","10,433.7","5.36M","-2.35%"
"31/10/2018","10,708.3","10,342.2","10,708.3","10,250.7","12.11M","5.41%"
"30/10/2018","10,159.2","10,113.4","10,319.3","10,067.6","5.28M","0.45%"
"29/10/2018","10,113.4","10,204.9","10,410.8","10,113.4","7.69M","-1.78%"
"26/10/2018","10,296.4","10,708.3","10,708.3","10,296.4","4.16M","-2.17%"
"25/10/2018","10,525.3","10,250.7","10,593.9","10,113.4","9.94M","-0.86%"
"24/10/2018","10,616.8","10,822.7","10,960.0","10,616.8","6.30M","-1.90%"
"23/10/2018","10,822.7","11,165.9","11,165.9","10,639.7","12.35M","-3.27%"
"22/10/2018","11,188.8","11,394.7","11,440.5","11,188.8","4.38M","-1.01%"
"19/10/2018","11,303.2","11,211.7","11,394.7","11,074.4","6.49M","-0.60%"
"18/10/2018","11,371.8","11,440.5","11,669.3","11,371.8","6.49M","-1.78%"
"17/10/2018","11,577.8","11,715.1","11,760.8","11,554.9","6.69M","0.60%"
"16/10/2018","11,509.1","11,349.0","11,509.1","11,303.2","4.18M","1.62%"
"15/10/2018","11,326.1","11,623.5","11,669.3","11,326.1","6.02M","-2.56%"
"12/10/2018","11,623.5","11,074.4","11,623.5","11,028.6","11.24M","3.25%"
"11/10/2018","11,257.4","11,532.0","11,760.8","11,257.4","25.20M","-6.99%"
"10/10/2018","12,104.0","12,264.2","12,287.1","12,058.3","7.40M","-0.94%"
"09/10/2018","12,218.4","12,287.1","12,355.7","12,172.7","6.96M","-0.56%"
"08/10/2018","12,287.1","12,310.0","12,470.1","12,264.2","9.72M","-0.92%"
"05/10/2018","12,401.5","12,676.1","12,721.8","12,401.5","10.84M","-2.17%"
"04/10/2018","12,676.1","12,744.7","12,767.6","12,607.4","7.25M","0.73%"
"03/10/2018","12,584.5","12,493.0","12,676.1","12,470.1","8.61M","1.48%"
"02/10/2018","12,401.5","12,378.6","12,561.7","12,195.6","16.16M","0.18%"
"01/10/2018","12,378.6","12,630.3","12,721.8","12,264.2","13.48M","-1.81%"
"28/09/2018","12,607.4","12,676.1","12,859.1","12,607.4","12.67M","-0.18%"
"27/09/2018","12,630.3","12,721.8","12,790.5","12,607.4","9.95M","-0.18%"
"26/09/2018","12,653.2","12,698.9","12,904.9","12,653.2","12.15M","-0.54%"
"25/09/2018","12,721.8","12,721.8","12,904.9","12,653.2","12.07M","-0.71%"
"24/09/2018","12,813.3","12,859.1","12,950.6","12,721.8","9.04M","-0.36%"
"21/09/2018","12,859.1","12,630.3","12,950.6","12,584.5","24.37M","2.37%"
"20/09/2018","12,561.7","12,310.0","12,561.7","12,218.4","11.77M","2.43%"
"19/09/2018","12,264.2","12,447.3","12,493.0","12,264.2","10.76M","-0.37%"
"18/09/2018","12,310.0","12,126.9","12,310.0","12,012.5","7.67M","1.13%"
"17/09/2018","12,172.7","12,332.8","12,332.8","12,172.7","6.08M","-1.30%"
"14/09/2018","12,332.8","12,310.0","12,515.9","12,264.2","13.93M","1.13%"
"13/09/2018","12,195.6","12,264.2","12,401.5","12,149.8","9.37M","0.57%"
"12/09/2018","12,126.9","12,424.4","12,447.3","12,126.9","10.20M","-1.67%"
"11/09/2018","12,332.8","11,943.9","12,401.5","11,943.9","13.05M","2.86%"
"10/09/2018","11,989.6","12,104.0","12,172.7","11,943.9","5.70M","-1.13%"
"07/09/2018","12,126.9","11,806.6","12,149.8","11,783.7","8.99M","2.32%"
"06/09/2018","11,852.3","11,943.9","12,012.5","11,760.8","7.57M","-0.58%"
"05/09/2018","11,921.0","11,852.3","12,035.4","11,760.8","13.93M","0.58%"
"04/09/2018","11,852.3","12,332.8","12,401.5","11,852.3","16.84M","-4.60%"
"31/08/2018","12,424.4","12,607.4","12,676.1","12,332.8","11.67M","-1.63%"
"30/08/2018","12,630.3","12,355.7","12,790.5","12,310.0","15.48M","2.22%"
"29/08/2018","12,355.7","12,470.1","12,493.0","12,310.0","11.55M","-0.92%"
"28/08/2018","12,470.1","12,493.0","12,561.7","12,401.5","13.11M","0.18%"
"27/08/2018","12,447.3","12,104.0","12,538.8","12,058.3","19.69M","4.21%"
"24/08/2018","11,943.9","11,921.0","12,172.7","11,692.2","17.44M","0.00%"
"23/08/2018","11,943.9","12,012.5","12,104.0","11,829.5","12.80M","-0.57%"
"22/08/2018","12,012.5","12,149.8","12,264.2","11,921.0","13.56M","-0.94%"
"21/08/2018","12,126.9","11,715.1","12,126.9","11,623.5","14.83M","3.11%"
"20/08/2018","11,760.8","11,875.2","12,012.5","11,760.8","11.11M","-1.15%"
"17/08/2018","11,898.1","12,218.4","12,287.1","11,898.1","18.04M","-0.57%"
"16/08/2018","11,966.8","11,349.0","12,035.4","11,211.7","23.42M","3.77%"
"15/08/2018","11,532.0","11,829.5","12,035.4","11,440.5","20.39M","-0.40%"
"14/08/2018","11,577.8","11,806.6","11,921.0","11,577.8","11.39M","-1.75%"
"13/08/2018","11,783.7","11,097.3","11,783.7","11,051.5","23.78M","6.19%"
"10/08/2018","11,097.3","10,937.1","11,120.2","10,891.3","9.41M","0.83%"
"09/08/2018","11,005.8","11,074.4","11,234.6","10,982.9","14.67M","0.42%"
"08/08/2018","10,960.0","10,593.9","10,960.0","10,571.0","11.61M","3.90%"
"07/08/2018","10,548.1","10,342.2","10,754.1","10,342.2","7.49M","0.88%"
"06/08/2018","10,456.6","10,433.7","10,662.5","10,342.2","6.35M","0.00%"
"03/08/2018","10,456.6","10,593.9","10,685.4","10,433.7","6.96M","-0.44%"
"02/08/2018","10,502.4","10,525.3","10,593.9","10,342.2","9.30M","-1.08%"
"01/08/2018","10,616.8","10,799.8","10,868.5","10,525.3","8.64M","-1.69%"
"31/07/2018","10,799.8","10,891.3","11,074.4","10,731.2","11.18M","-1.05%"
"30/07/2018","10,914.2","10,845.6","10,937.1","10,731.2","6.27M","1.92%"
"27/07/2018","10,708.3","10,662.5","10,891.3","10,502.4","7.64M","1.74%"
"26/07/2018","10,525.3","10,433.7","10,571.0","10,342.2","8.00M","0.88%"
"25/07/2018","10,433.7","10,937.1","10,937.1","10,433.7","9.26M","-3.18%"
"24/07/2018","10,776.9","10,845.6","10,937.1","10,593.9","9.79M","-0.21%"
"23/07/2018","10,799.8","11,211.7","11,440.5","10,799.8","9.72M","-4.45%"
"20/07/2018","11,303.2","10,982.9","11,326.1","10,799.8","14.97M","1.23%"
"19/07/2018","11,165.9","11,211.7","11,417.6","11,120.2","13.69M","-2.01%"
"18/07/2018","11,394.7","11,074.4","11,394.7","11,028.6","11.57M","3.75%"
"17/07/2018","10,982.9","10,342.2","11,028.6","10,227.8","20.16M","5.26%"
"16/07/2018","10,433.7","10,525.3","10,616.8","10,342.2","10.63M","0.88%"
"13/07/2018","10,342.2","10,250.7","10,525.3","10,182.0","10.78M","3.67%"
"12/07/2018","9,976.1","9,610.0","10,227.8","9,541.4","9.61M","4.31%"
"11/07/2018","9,564.3","9,838.8","9,976.1","9,541.4","13.39M","-6.49%"
"10/07/2018","10,227.8","10,159.2","10,388.0","10,067.6","9.89M","1.13%"
"09/07/2018","10,113.4","10,319.3","10,479.5","10,067.6","12.22M","0.91%"
"06/07/2018","10,021.9","9,381.2","10,021.9","9,289.7","15.61M","6.83%"
"05/07/2018","9,381.2","9,930.3","10,021.9","9,358.3","11.64M","-6.39%"
"04/07/2018","10,021.9","10,021.9","10,021.9","9,610.0","8.71M","1.86%"
"03/07/2018","9,838.8","10,571.0","10,662.5","9,838.8","26.29M","-6.93%"
"02/07/2018","10,571.0","10,982.9","11,074.4","10,388.0","12.35M","-4.74%"
"29/06/2018","11,097.3","11,257.4","11,371.8","11,028.6","6.53M","-0.21%"
"28/06/2018","11,120.2","11,440.5","11,554.9","11,005.8","11.53M","-2.80%"
"27/06/2018","11,440.5","11,921.0","12,035.4","11,440.5","4.79M","-3.85%"
"26/06/2018","11,898.1","11,898.1","12,012.5","11,783.7","4.73M","-1.33%"
"25/06/2018","12,058.3","12,081.2","12,241.3","11,989.6","8.28M","1.74%"
"22/06/2018","11,852.3","11,440.5","11,852.3","11,440.5","6.29M","2.17%"
"21/06/2018","11,600.7","11,943.9","11,989.6","11,577.8","5.09M","-3.06%"
"20/06/2018","11,966.8","11,715.1","12,012.5","11,486.3","7.38M","2.95%"
"19/06/2018","11,623.5","11,669.3","11,692.2","11,005.8","17.22M","-1.74%"
"18/06/2018","11,829.5","12,355.7","12,493.0","11,829.5","9.60M","-4.61%"
"15/06/2018","12,401.5","12,126.9","12,447.3","12,035.4","6.07M","1.12%"
"14/06/2018","12,264.2","12,538.8","12,653.2","12,264.2","6.74M","-2.37%"
"13/06/2018","12,561.7","12,538.8","12,698.9","12,378.6","6.03M","0.18%"
"12/06/2018","12,538.8","12,721.8","12,767.6","12,149.8","18.35M","-2.32%"
"11/06/2018","12,836.2","12,904.9","13,156.6","12,836.2","9.65M","-1.75%"
"08/06/2018","13,065.0","12,813.3","13,156.6","12,813.3","9.95M","0.71%"
"07/06/2018","12,973.5","13,316.7","13,316.7","12,950.6","12.45M","-2.07%"
"06/06/2018","13,248.1","12,996.4","13,385.4","12,859.1","11.38M","1.94%"
"05/06/2018","12,996.4","12,790.5","13,133.7","12,721.8","16.37M","1.61%"
"04/06/2018","12,790.5","12,538.8","12,859.1","12,378.6","12.24M","1.82%"
"01/06/2018","12,561.7","12,264.2","12,882.0","12,218.4","15.40M","1.29%"
"31/05/2018","12,401.5","11,715.1","12,470.1","11,715.1","11.38M","5.65%"
"30/05/2018","11,737.9","11,898.1","12,195.6","11,692.2","9.85M","-1.54%"
"29/05/2018","11,921.0","11,577.8","11,921.0","11,188.8","14.23M","6.98%"
"28/05/2018","11,143.0","11,669.3","11,852.3","11,143.0","16.49M","-6.88%"
"25/05/2018","11,966.8","12,584.5","12,676.1","11,943.9","9.54M","-4.39%"
"24/05/2018","12,515.9","12,813.3","12,904.9","12,401.5","5.44M","-2.32%"
"23/05/2018","12,813.3","12,218.4","12,813.3","12,195.6","10.85M","3.32%"
"22/05/2018","12,401.5","12,904.9","13,156.6","12,355.7","13.33M","-5.90%"
"21/05/2018","13,179.4","13,545.5","13,591.3","13,179.4","6.03M","-2.21%"
"18/05/2018","13,476.9","13,499.8","13,568.4","12,882.0","10.45M","0.86%"
"17/05/2018","13,362.5","13,362.5","13,522.7","13,179.4","9.10M","0.34%"
"16/05/2018","13,316.7","13,591.3","13,659.9","13,179.4","12.63M","-2.51%"
"15/05/2018","13,659.9","13,522.7","13,820.1","13,431.1","11.08M","1.19%"
"14/05/2018","13,499.8","13,659.9","13,682.8","13,316.7","7.53M","0.34%"
"11/05/2018","13,454.0","12,767.6","13,705.7","12,561.7","18.10M","5.00%"
"10/05/2018","12,813.3","13,637.1","13,820.1","12,813.3","14.70M","-6.67%"
"09/05/2018","13,728.6","13,728.6","14,048.9","13,522.7","8.86M","-1.32%"
"08/05/2018","13,911.6","13,751.5","14,323.5","13,728.6","16.96M","-0.16%"
"07/05/2018","13,934.5","13,087.9","13,934.5","13,019.3","13.17M","6.84%"
"04/05/2018","13,042.2","13,362.5","13,454.0","12,950.6","8.99M","-1.72%"
"03/05/2018","13,271.0","12,470.1","13,271.0","11,806.6","19.67M","6.42%"
"02/05/2018","12,470.1","13,591.3","13,591.3","12,470.1","11.26M","-7.00%"
"27/04/2018","13,408.3","12,927.8","13,522.7","12,744.7","11.56M","3.72%"
"26/04/2018","12,927.8","13,888.8","13,957.4","12,927.8","17.23M","-6.92%"
"24/04/2018","13,888.8","13,865.9","14,506.5","13,637.1","11.90M","-2.72%"
"23/04/2018","14,277.7","15,330.3","15,467.5","14,277.7","11.82M","-6.87%"
"20/04/2018","15,330.3","14,735.4","15,330.3","14,369.3","9.07M","6.01%"
"19/04/2018","14,460.8","15,330.3","15,353.1","14,369.3","19.85M","-5.81%"
"18/04/2018","15,353.1","16,108.2","16,131.1","15,353.1","8.17M","-3.59%"
"17/04/2018","15,925.2","15,604.8","15,925.2","15,398.9","7.76M","2.35%"
"16/04/2018","15,559.1","15,650.6","15,970.9","15,193.0","9.77M","-0.58%"
"13/04/2018","15,650.6","16,474.3","16,520.1","15,627.7","18.68M","-4.20%"
"12/04/2018","16,337.0","16,199.7","16,497.2","16,039.6","12.84M","0.00%"
"11/04/2018","16,337.0","17,160.7","17,298.0","16,337.0","19.35M","-4.29%"
"10/04/2018","17,069.2","17,389.5","17,504.0","16,954.8","14.18M","-1.06%"
"09/04/2018","17,252.3","16,428.5","17,252.3","16,291.3","26.57M","5.60%"
"06/04/2018","16,337.0","16,520.1","16,657.4","16,314.1","12.15M","0.28%"
"05/04/2018","16,291.3","16,565.8","16,565.8","16,245.5","9.37M","-0.84%"
"04/04/2018","16,428.5","16,748.9","16,794.6","16,382.8","14.58M","-1.10%"
"03/04/2018","16,611.6","16,565.8","16,703.1","16,428.5","12.20M","0.28%"
"02/04/2018","16,565.8","16,062.4","16,611.6","16,062.4","15.66M","4.62%"
"30/03/2018","15,833.6","16,016.7","16,039.6","15,581.9","11.26M","-1.14%"
"29/03/2018","16,016.7","16,245.5","16,245.5","15,925.2","9.07M","-0.57%"
"28/03/2018","16,108.2","16,199.7","16,428.5","16,062.4","10.13M","-1.68%"
"27/03/2018","16,382.8","16,703.1","16,794.6","16,359.9","15.83M","0.00%"
"26/03/2018","16,382.8","15,925.2","16,382.8","15,833.6","16.24M","2.43%"
"23/03/2018","15,993.8","15,879.4","16,199.7","15,490.4","27.62M","-2.37%"
"22/03/2018","16,382.8","16,657.4","16,680.2","16,245.5","18.93M","-1.10%"
"21/03/2018","16,565.8","16,703.1","16,794.6","16,428.5","18.26M","0.56%"
"20/03/2018","16,474.3","16,405.7","16,703.1","16,382.8","20.29M","-0.83%"
"19/03/2018","16,611.6","17,092.1","17,092.1","16,382.8","24.31M","-1.09%"
"16/03/2018","16,794.6","16,931.9","17,023.4","16,542.9","15.92M","0.27%"
"15/03/2018","16,748.9","16,108.2","16,931.9","16,016.7","19.50M","2.95%"
"14/03/2018","16,268.4","16,474.3","16,748.9","16,154.0","17.94M","-0.42%"
"13/03/2018","16,337.0","15,330.3","16,337.0","15,307.4","29.29M","6.73%"
"12/03/2018","15,307.4","15,193.0","15,467.5","15,101.4","19.05M","3.24%"
"09/03/2018","14,826.9","14,781.1","15,078.6","14,689.6","18.82M","2.21%"
"08/03/2018","14,506.5","14,277.7","14,689.6","14,277.7","9.28M","0.63%"
"07/03/2018","14,415.0","14,781.1","14,987.0","14,254.9","18.24M","-2.48%"
"06/03/2018","14,781.1","14,323.5","14,781.1","14,048.9","18.06M","5.90%"
"05/03/2018","13,957.4","15,193.0","15,193.0","13,957.4","30.03M","-6.73%"
"02/03/2018","14,964.2","14,598.1","15,238.7","14,552.3","34.07M","0.00%"
"01/03/2018","14,964.2","15,101.4","15,810.8","14,849.8","43.00M","-2.68%"
"28/02/2018","15,376.0","14,415.0","15,673.5","14,415.0","39.18M","4.67%"
"27/02/2018","14,689.6","14,094.7","14,689.6","13,865.9","38.42M","4.56%"
"26/02/2018","14,048.9","14,277.7","14,460.8","13,911.6","31.61M","0.99%"
"23/02/2018","13,911.6","13,454.0","13,911.6","13,271.0","28.62M","6.11%"
"22/02/2018","13,110.8","12,584.5","13,522.7","12,584.5","37.59M","2.87%"
"21/02/2018","12,744.7","12,813.3","13,225.2","12,561.7","23.35M","2.39%"
"13/02/2018","12,447.3","12,355.7","12,447.3","12,172.7","8.57M","3.82%"
"12/02/2018","11,989.6","11,669.3","11,989.6","11,623.5","7.54M","6.94%"
"09/02/2018","11,211.7","10,571.0","11,303.2","10,548.1","9.97M","0.00%"
"08/02/2018","11,211.7","11,577.8","11,783.7","11,211.7","6.62M","-4.85%"
"07/02/2018","11,783.7","11,669.3","11,921.0","11,486.3","12.01M","5.75%"
"06/02/2018","11,143.0","11,097.3","11,669.3","11,097.3","23.75M","-6.53%"
"05/02/2018","11,921.0","12,584.5","12,813.3","11,921.0","16.14M","-6.96%"
"02/02/2018","12,813.3","12,630.3","12,927.8","12,493.0","18.71M","2.75%"
"01/02/2018","12,470.1","12,676.1","12,996.4","12,401.5","16.20M","0.18%"
"31/01/2018","12,447.3","13,110.8","13,316.7","12,447.3","17.91M","-3.03%"
"30/01/2018","12,836.2","12,584.5","12,904.9","12,493.0","13.64M","-0.88%"
"29/01/2018","12,950.6","12,538.8","13,156.6","12,493.0","19.89M","3.66%"
"26/01/2018","12,493.0","12,538.8","12,698.9","12,287.1","18.00M","2.06%"
"25/01/2018","12,241.3","11,943.9","12,584.5","11,852.3","26.35M","3.88%"
"22/01/2018","11,783.7","11,715.1","11,852.3","11,623.5","5.85M","1.78%"
"19/01/2018","11,577.8","11,669.3","11,783.7","11,463.4","8.85M","-0.78%"
"18/01/2018","11,669.3","11,440.5","11,669.3","11,074.4","10.31M","1.19%"
"17/01/2018","11,532.0","12,172.7","12,264.2","11,532.0","10.46M","-5.26%"
"16/01/2018","12,172.7","11,943.9","12,332.8","11,943.9","16.08M","1.92%"
"15/01/2018","11,943.9","11,669.3","12,058.3","11,417.6","10.04M","1.95%"
"12/01/2018","11,715.1","11,760.8","12,058.3","11,646.4","10.74M","-0.19%"
"11/01/2018","11,737.9","11,532.0","11,852.3","11,440.5","8.73M","0.59%"
"10/01/2018","11,669.3","11,715.1","11,989.6","11,532.0","20.07M","-0.78%"
"09/01/2018","11,760.8","11,806.6","11,829.5","10,982.9","13.69M","0.00%"
"08/01/2018","11,760.8","11,486.3","11,852.3","11,417.6","10.47M","2.39%"
"05/01/2018","11,486.3","11,669.3","11,715.1","11,440.5","6.41M","-2.33%"
"04/01/2018","11,760.8","11,349.0","11,760.8","11,280.3","10.42M","3.63%"
"03/01/2018","11,349.0","11,486.3","11,554.9","11,188.8","8.22M","-0.60%"
"02/01/2018","11,417.6","11,074.4","11,440.5","10,914.2","8.27M","3.10%"
"29/12/2017","11,074.4","11,165.9","11,188.8","10,868.5","7.94M","-0.21%"
"28/12/2017","11,097.3","10,754.1","11,097.3","10,616.8","5.69M","4.08%"
"27/12/2017","10,662.5","10,662.5","10,845.6","10,593.9","6.77M","0.65%"
"26/12/2017","10,593.9","10,250.7","10,616.8","10,159.2","6.36M","4.28%"
"25/12/2017","10,159.2","10,227.8","10,296.4","10,067.6","1.93M","-0.45%"
"22/12/2017","10,204.9","9,953.2","10,250.7","9,953.2","4.43M","0.90%"
"21/12/2017","10,113.4","10,342.2","10,342.2","10,113.4","2.98M","-1.56%"
"20/12/2017","10,273.6","10,067.6","10,342.2","9,884.6","3.96M","1.81%"
"19/12/2017","10,090.5","10,388.0","10,388.0","10,067.6","5.41M","-2.00%"
"18/12/2017","10,296.4","10,136.3","10,365.1","10,113.4","4.78M","2.74%"
"15/12/2017","10,021.9","9,930.3","10,159.2","9,930.3","4.45M","-0.45%"
"14/12/2017","10,067.6","9,610.0","10,113.4","9,541.4","4.84M","5.52%"
"13/12/2017","9,541.4","9,884.6","9,884.6","9,541.4","3.16M","-2.57%"
"12/12/2017","9,793.1","9,793.1","10,021.9","9,129.5","9.08M","0.00%"
"11/12/2017","9,793.1","10,342.2","10,479.5","9,793.1","6.10M","-6.96%"
"08/12/2017","10,525.3","10,616.8","10,685.4","10,433.7","3.62M","-1.29%"
"07/12/2017","10,662.5","10,754.1","10,799.8","10,479.5","2.80M","-0.85%"
"06/12/2017","10,754.1","10,754.1","10,822.7","10,479.5","6.95M","0.00%"
"05/12/2017","10,754.1","11,097.3","11,211.7","10,731.2","8.42M","-3.09%"
"04/12/2017","11,097.3","11,120.2","11,165.9","11,005.8","12.48M","0.83%"
"01/12/2017","11,005.8","11,120.2","11,165.9","10,960.0","5.38M","-1.03%"
"30/11/2017","11,120.2","11,165.9","11,440.5","10,982.9","11.60M","0.83%"
"29/11/2017","11,028.6","10,571.0","11,028.6","10,548.1","13.14M","4.33%"
"28/11/2017","10,571.0","10,708.3","10,708.3","10,388.0","7.33M","-1.28%"
"27/11/2017","10,708.3","10,639.7","10,754.1","10,593.9","7.97M","0.00%"
"24/11/2017","10,708.3","10,616.8","10,982.9","10,616.8","12.98M","-1.27%"
"23/11/2017","10,845.6","10,571.0","11,028.6","10,433.7","10.42M","4.64%"
"22/11/2017","10,365.1","9,747.3","10,365.1","9,724.4","9.47M","6.84%"
"21/11/2017","9,701.5","9,610.0","9,884.6","9,564.3","10.47M","1.92%"
"20/11/2017","9,518.5","9,472.7","9,587.1","9,427.0","3.40M","0.97%"
"17/11/2017","9,427.0","9,655.8","9,701.5","9,404.1","6.50M","-1.90%"
"16/11/2017","9,610.0","9,472.7","9,610.0","9,472.7","7.98M","0.96%"
"15/11/2017","9,518.5","9,518.5","9,564.3","9,449.8","4.81M","-0.48%"
"14/11/2017","9,564.3","9,358.3","9,610.0","9,335.4","5.69M","2.45%"
"13/11/2017","9,335.4","9,427.0","9,427.0","9,266.8","6.53M","0.00%"
"10/11/2017","9,335.4","9,060.9","9,427.0","8,969.3","10.34M","3.55%"
"09/11/2017","9,015.1","9,106.6","9,129.5","8,946.5","2.64M","-1.01%"
"08/11/2017","9,106.6","8,877.8","9,152.4","8,877.8","8.92M","2.05%"
"07/11/2017","8,923.6","8,832.1","9,038.0","8,832.1","6.79M","0.52%"
"06/11/2017","8,877.8","8,671.9","8,877.8","8,580.4","5.93M","3.47%"
"03/11/2017","8,580.4","8,466.0","8,580.4","8,420.2","2.29M","1.35%"
"02/11/2017","8,466.0","8,626.1","8,740.5","8,466.0","3.15M","-1.60%"
"01/11/2017","8,603.2","8,580.4","8,671.9","8,557.5","1.74M","0.27%"
"31/10/2017","8,580.4","8,649.0","8,694.8","8,580.4","1.94M","-1.06%"
"30/10/2017","8,671.9","8,809.2","8,877.8","8,671.9","4.94M","-0.79%"
"27/10/2017","8,740.5","8,580.4","8,740.5","8,580.4","1.58M","1.60%"
"26/10/2017","8,603.2","8,763.4","8,763.4","8,603.2","2.80M","-1.57%"
"25/10/2017","8,740.5","8,671.9","8,763.4","8,626.1","2.93M","1.33%"
"24/10/2017","8,626.1","8,603.2","8,717.7","8,603.2","1.95M","-0.53%"
"23/10/2017","8,671.9","8,900.7","8,992.2","8,649.0","4.02M","-2.57%"
"20/10/2017","8,900.7","8,900.7","8,992.2","8,832.1","3.20M","-0.26%"
"19/10/2017","8,923.6","8,923.6","8,969.3","8,854.9","2.42M","0.00%"
"18/10/2017","8,923.6","8,969.3","9,083.7","8,877.8","7.99M","0.52%"
"17/10/2017","8,877.8","8,740.5","8,900.7","8,740.5","6.32M","1.31%"
"16/10/2017","8,763.4","8,694.8","8,786.3","8,694.8","3.28M","0.79%"
"13/10/2017","8,694.8","8,626.1","8,694.8","8,557.5","1.26M","0.80%"
"12/10/2017","8,626.1","8,649.0","8,694.8","8,626.1","1.29M","-0.26%"
"11/10/2017","8,649.0","8,740.5","8,786.3","8,626.1","3.68M","-1.05%"
"10/10/2017","8,740.5","8,740.5","8,763.4","8,671.9","3.51M","-0.52%"
"09/10/2017","8,786.3","8,786.3","8,854.9","8,763.4","3.54M","0.52%"
"06/10/2017","8,740.5","8,580.4","8,763.4","8,580.4","2.17M","1.06%"
"05/10/2017","8,649.0","8,694.8","8,809.2","8,626.1","4.17M","0.53%"
"04/10/2017","8,603.2","8,443.1","8,603.2","8,420.2","1.79M","2.17%"
"03/10/2017","8,420.2","8,443.1","8,511.7","8,374.4","1.35M","-0.27%"
"02/10/2017","8,443.1","8,466.0","8,603.2","8,443.1","1.31M","-0.27%"
"29/09/2017","8,466.0","8,466.0","8,534.6","8,420.2","1.55M","0.00%"
"28/09/2017","8,466.0","8,557.5","8,649.0","8,466.0","1.83M","-1.60%"
"27/09/2017","8,603.2","8,740.5","8,740.5","8,603.2","2.44M","0.27%"
"26/09/2017","8,580.4","8,558.3","8,668.6","8,492.1","3.10M","0.26%"
"25/09/2017","8,558.3","8,624.5","8,646.5","8,536.3","3.14M","-0.77%"
"22/09/2017","8,624.5","8,734.8","8,800.9","8,624.5","6.32M","-1.26%"
"21/09/2017","8,734.8","8,558.3","8,734.8","8,558.3","4.63M","1.54%"
"20/09/2017","8,602.4","8,536.3","8,646.5","8,492.1","3.32M","1.04%"
"19/09/2017","8,514.2","8,403.9","8,602.4","8,403.9","4.26M","0.78%"
"18/09/2017","8,448.0","8,337.7","8,536.3","8,337.7","6.43M","2.41%"
"15/09/2017","8,249.5","8,271.6","8,271.6","8,227.4","1.17M","-0.27%"
"14/09/2017","8,271.6","8,205.4","8,293.6","8,205.4","3.26M","0.81%"
"13/09/2017","8,205.4","8,227.4","8,271.6","8,183.3","2.23M","-0.27%"
"12/09/2017","8,227.4","8,205.4","8,271.6","8,183.3","1.48M","0.54%"
"11/09/2017","8,183.3","8,271.6","8,315.7","8,161.3","2.36M","-1.07%"
"08/09/2017","8,271.6","8,337.7","8,381.8","8,271.6","2.30M","-0.79%"
"07/09/2017","8,337.7","8,271.6","8,403.9","8,271.6","1.93M","0.80%"
"06/09/2017","8,271.6","8,337.7","8,337.7","8,227.4","2.10M","-0.79%"
"05/09/2017","8,337.7","8,381.8","8,403.9","8,293.6","1.78M","-0.79%"
"01/09/2017","8,403.9","8,403.9","8,536.3","8,359.8","4.33M","0.00%"
"31/08/2017","8,403.9","8,227.4","8,470.1","8,205.4","4.95M","2.70%"
"30/08/2017","8,183.3","8,205.4","8,249.5","8,183.3","1.30M","-0.80%"
"29/08/2017","8,249.5","8,293.6","8,337.7","8,227.4","3.10M","-0.80%"
"28/08/2017","8,315.7","8,315.7","8,337.7","8,227.4","2.18M","0.00%"
"25/08/2017","8,315.7","8,359.8","8,403.9","8,271.6","3.04M","-0.26%"
"24/08/2017","8,337.7","8,073.0","8,359.8","8,051.0","5.39M","3.56%"
"23/08/2017","8,051.0","8,051.0","8,117.2","7,984.8","3.59M","0.00%"
"22/08/2017","8,051.0","8,183.3","8,183.3","8,051.0","2.81M","-1.62%"
"21/08/2017","8,183.3","8,183.3","8,249.5","8,161.3","2.05M","-0.27%"
"18/08/2017","8,205.4","8,161.3","8,271.6","8,073.0","3.02M","0.27%"
"17/08/2017","8,183.3","8,315.7","8,381.8","8,183.3","3.47M","-1.85%"
"16/08/2017","8,337.7","8,359.8","8,403.9","8,315.7","2.50M","-0.79%"
"15/08/2017","8,403.9","8,492.1","8,536.3","8,381.8","2.99M","-1.04%"
"14/08/2017","8,492.1","8,359.8","8,536.3","8,359.8","2.83M","1.32%"
"11/08/2017","8,381.8","8,227.4","8,381.8","8,161.3","5.77M","2.43%"
"10/08/2017","8,183.3","8,249.5","8,381.8","8,161.3","7.97M","-1.33%"
"09/08/2017","8,293.6","8,602.4","8,646.5","8,249.5","9.19M","-4.33%"
"08/08/2017","8,668.6","8,800.9","8,889.2","8,668.6","6.97M","-1.50%"
"07/08/2017","8,800.9","8,845.1","8,867.1","8,712.7","5.70M","0.00%"
"04/08/2017","8,800.9","8,911.2","8,955.3","8,668.6","7.37M","-0.99%"
"03/08/2017","8,889.2","8,933.3","9,087.7","8,867.1","10.70M","0.00%"
"02/08/2017","8,889.2","8,690.7","9,065.6","8,646.5","9.14M","0.75%"
"01/08/2017","8,823.0","8,999.5","8,999.5","8,823.0","5.76M","-1.96%"
"31/07/2017","8,999.5","8,690.7","8,999.5","8,690.7","6.70M","4.62%"
"28/07/2017","8,602.4","8,514.2","8,712.7","8,492.1","6.20M","1.04%"
"27/07/2017","8,514.2","8,492.1","8,602.4","8,470.1","4.02M","-0.77%"
"26/07/2017","8,580.4","8,492.1","8,668.6","8,426.0","5.10M","1.83%"
"25/07/2017","8,426.0","8,249.5","8,426.0","8,249.5","2.36M","2.69%"
"24/07/2017","8,205.4","8,205.4","8,271.6","8,161.3","1.57M","0.00%"
"21/07/2017","8,205.4","8,381.8","8,492.1","8,205.4","3.82M","-2.11%"
"20/07/2017","8,381.8","8,337.7","8,381.8","8,183.3","3.56M","0.53%"
"19/07/2017","8,337.7","8,315.7","8,337.7","8,249.5","3.44M","1.61%"
"18/07/2017","8,205.4","8,293.6","8,381.8","8,205.4","4.82M","-1.06%"
"17/07/2017","8,293.6","8,536.3","8,558.3","8,205.4","4.46M","-2.84%"
"14/07/2017","8,536.3","8,690.7","8,734.8","8,514.2","1.89M","-1.78%"
"13/07/2017","8,690.7","8,646.5","8,690.7","8,514.2","2.12M","1.03%"
"12/07/2017","8,602.4","8,690.7","8,690.7","8,514.2","1.42M","-0.51%"
"11/07/2017","8,646.5","8,602.4","8,690.7","8,470.1","2.26M","0.00%"
"10/07/2017","8,646.5","8,778.9","8,867.1","8,293.6","5.52M","-1.51%"
"07/07/2017","8,778.9","8,977.4","9,043.6","8,778.9","3.77M","-1.73%"
"06/07/2017","8,933.3","8,999.5","9,043.6","8,933.3","3.35M","-0.74%"
"05/07/2017","8,999.5","9,043.6","9,043.6","8,933.3","2.33M","0.25%"
"04/07/2017","8,977.4","9,131.8","9,131.8","8,933.3","1.48M","-1.45%"
"03/07/2017","9,109.7","8,955.3","9,109.7","8,911.2","5.51M","1.98%"
"30/06/2017","8,933.3","8,911.2","8,933.3","8,867.1","1.80M","0.50%"
"29/06/2017","8,889.2","8,823.0","9,043.6","8,823.0","3.20M","0.00%"
"28/06/2017","8,889.2","8,867.1","8,911.2","8,690.7","2.72M","0.75%"
"27/06/2017","8,823.0","8,955.3","8,999.5","8,823.0","3.08M","-1.23%"
"26/06/2017","8,933.3","8,800.9","9,065.6","8,800.9","2.56M","1.25%"
"23/06/2017","8,823.0","8,778.9","8,823.0","8,668.6","2.82M","0.25%"
"22/06/2017","8,800.9","8,955.3","9,021.5","8,800.9","3.83M","-1.48%"
"21/06/2017","8,933.3","9,220.0","9,220.0","8,778.9","5.56M","-3.11%"
"20/06/2017","9,220.0","9,220.0","9,242.1","9,109.7","4.09M","0.97%"
"19/06/2017","9,131.8","9,065.6","9,175.9","8,999.5","3.29M","1.47%"
"16/06/2017","8,999.5","8,933.3","9,087.7","8,933.3","2.05M","-0.24%"
"15/06/2017","9,021.5","8,911.2","9,220.0","8,911.2","5.85M","0.99%"
"14/06/2017","8,933.3","8,823.0","9,021.5","8,823.0","6.63M","2.27%"
"13/06/2017","8,734.8","8,602.4","8,778.9","8,536.3","2.62M","1.54%"
"12/06/2017","8,602.4","8,602.4","8,690.7","8,514.2","2.43M","0.52%"
"09/06/2017","8,558.3","8,624.5","8,756.8","8,558.3","2.53M","-0.77%"
"08/06/2017","8,624.5","8,734.8","8,778.9","8,558.3","2.68M","-1.76%"
"07/06/2017","8,778.9","8,514.2","8,845.1","8,514.2","12.72M","3.65%"
"06/06/2017","8,470.1","8,315.7","8,492.1","8,249.5","2.99M","2.13%"
"05/06/2017","8,293.6","8,381.8","8,426.0","8,271.6","2.02M","0.53%"
"02/06/2017","8,249.5","8,249.5","8,271.6","8,139.2","3.27M","0.27%"
"01/06/2017","8,227.4","8,293.6","8,426.0","8,227.4","3.46M","-0.80%"
"31/05/2017","8,293.6","8,337.7","8,448.0","8,249.5","2.21M","-0.53%"
"30/05/2017","8,337.7","8,624.5","8,690.7","8,337.7","5.40M","-3.32%"
"29/05/2017","8,624.5","8,448.0","8,778.9","8,448.0","11.66M","3.44%"
"26/05/2017","8,337.7","8,337.7","8,470.1","8,293.6","2.87M","0.00%"
"25/05/2017","8,337.7","8,492.1","8,558.3","8,315.7","4.63M","-1.82%"
"24/05/2017","8,492.1","8,293.6","8,580.4","8,161.3","4.32M","2.94%"
"23/05/2017","8,249.5","8,470.1","8,580.4","8,249.5","4.10M","-2.60%"
"22/05/2017","8,470.1","8,161.3","8,580.4","8,073.0","10.79M","5.49%"
"19/05/2017","8,028.9","7,940.7","8,117.2","7,940.7","2.28M","1.39%"
"18/05/2017","7,918.6","7,852.5","8,051.0","7,830.4","1.95M","1.13%"
"17/05/2017","7,830.4","7,830.4","7,962.8","7,764.2","1.37M","-0.28%"
"16/05/2017","7,852.5","7,918.6","8,028.9","7,808.4","1.70M","-1.66%"
"15/05/2017","7,984.8","8,006.9","8,028.9","7,874.5","2.32M","-0.28%"
"12/05/2017","8,006.9","7,940.7","8,139.2","7,940.7","1.47M","0.28%"
"11/05/2017","7,984.8","8,117.2","8,117.2","7,984.8","1.34M","-1.09%"
"10/05/2017","8,073.0","7,918.6","8,161.3","7,896.6","4.03M","1.95%"
"09/05/2017","7,918.6","7,786.3","7,940.7","7,764.2","1.76M","1.13%"
"08/05/2017","7,830.4","7,808.4","7,896.6","7,764.2","1.47M","0.00%"
"05/05/2017","7,830.4","7,808.4","7,874.5","7,786.3","879.38K","-0.28%"
"04/05/2017","7,852.5","7,720.1","7,940.7","7,676.0","2.03M","1.71%"
"03/05/2017","7,720.1","7,742.2","7,764.2","7,654.0","989.81K","0.86%"
"28/04/2017","7,654.0","7,631.9","7,786.3","7,587.8","1.45M","0.29%"
"27/04/2017","7,631.9","7,587.8","7,676.0","7,587.8","856.77K","0.58%"
"26/04/2017","7,587.8","7,499.5","7,631.9","7,499.5","991.50K","0.58%"
"25/04/2017","7,543.7","7,499.5","7,631.9","7,477.5","598.62K","0.59%"
"24/04/2017","7,499.5","7,543.7","7,587.8","7,499.5","758.51K","-0.58%"
"21/04/2017","7,543.7","7,676.0","7,676.0","7,521.6","1.36M","-1.72%"
"20/04/2017","7,676.0","7,676.0","7,742.2","7,565.7","946.42K","0.58%"
"19/04/2017","7,631.9","7,609.8","7,676.0","7,609.8","1.04M","0.00%"
"18/04/2017","7,631.9","7,499.5","7,631.9","7,477.5","2.25M","1.76%"
"17/04/2017","7,499.5","7,720.1","7,852.5","7,499.5","3.39M","-2.86%"
"14/04/2017","7,720.1","7,764.2","7,830.4","7,676.0","3.43M","-1.41%"
"13/04/2017","7,830.4","7,896.6","7,962.8","7,830.4","1.99M","-0.28%"
"12/04/2017","7,852.5","7,940.7","8,073.0","7,852.5","2.39M","-1.66%"
"11/04/2017","7,984.8","7,896.6","8,006.9","7,830.4","2.58M","1.12%"
"10/04/2017","7,896.6","7,940.7","8,006.9","7,896.6","933.09K","-0.56%"
"07/04/2017","7,940.7","7,918.6","7,984.8","7,874.5","1.42M","0.00%"
"05/04/2017","7,940.7","7,962.8","8,006.9","7,896.6","1.67M","0.28%"
"04/04/2017","7,918.6","7,984.8","8,006.9","7,918.6","1.62M","-0.28%"
"03/04/2017","7,940.7","8,006.9","8,028.9","7,896.6","3.28M","-0.55%"
"31/03/2017","7,984.8","8,139.2","8,139.2","7,940.7","3.01M","-1.36%"
"30/03/2017","8,095.1","8,117.2","8,205.4","8,095.1","2.07M","0.00%"
"29/03/2017","8,095.1","8,139.2","8,161.3","8,073.0","2.29M","-0.81%"
"28/03/2017","8,161.3","8,293.6","8,337.7","8,117.2","2.07M","-1.60%"
"27/03/2017","8,293.6","8,381.8","8,492.1","8,249.5","3.38M","0.53%"
"24/03/2017","8,249.5","8,205.4","8,315.7","8,161.3","5.16M","1.08%"
"23/03/2017","8,161.3","8,095.1","8,183.3","8,051.0","1.95M","0.82%"
"22/03/2017","8,095.1","8,249.5","8,337.7","8,095.1","4.97M","-0.81%"
"21/03/2017","8,161.3","8,139.2","8,249.5","8,117.2","5.15M","1.09%"
"20/03/2017","8,073.0","8,028.9","8,117.2","7,940.7","3.50M","1.39%"
"17/03/2017","7,962.8","7,940.7","8,073.0","7,940.7","1.45M","1.12%"
"16/03/2017","7,874.5","7,896.6","7,984.8","7,852.5","1.85M","0.28%"
"15/03/2017","7,852.5","7,896.6","7,984.8","7,830.4","2.19M","-0.56%"
"14/03/2017","7,896.6","7,896.6","7,984.8","7,852.5","2.09M","-0.28%"
"13/03/2017","7,918.6","8,028.9","8,051.0","7,918.6","2.21M","-1.37%"
"10/03/2017","8,028.9","8,117.2","8,227.4","8,028.9","2.02M","-1.09%"
"09/03/2017","8,117.2","8,095.1","8,249.5","8,095.1","2.67M","0.27%"
"08/03/2017","8,095.1","8,051.0","8,315.7","7,962.8","4.11M","0.27%"
"07/03/2017","8,073.0","8,051.0","8,161.3","8,051.0","1.76M","-0.54%"
"06/03/2017","8,117.2","8,139.2","8,249.5","8,073.0","3.58M","0.55%"
"03/03/2017","8,073.0","7,918.6","8,095.1","7,808.4","3.66M","1.95%"
"02/03/2017","7,918.6","8,028.9","8,028.9","7,896.6","1.70M","-0.28%"
"01/03/2017","7,940.7","8,028.9","8,051.0","7,830.4","2.47M","-1.37%"
"28/02/2017","8,051.0","8,073.0","8,161.3","7,984.8","5.39M","-0.27%"
"27/02/2017","8,073.0","7,896.6","8,139.2","7,874.5","3.18M","1.39%"
"24/02/2017","7,962.8","7,852.5","8,117.2","7,808.4","2.94M","0.84%"
"23/02/2017","7,896.6","7,984.8","8,006.9","7,720.1","5.16M","-0.56%"
"22/02/2017","7,940.7","8,117.2","8,117.2","7,874.5","8.04M","-1.64%"
"21/02/2017","8,073.0","8,249.5","8,315.7","8,073.0","4.86M","-1.08%"
"20/02/2017","8,161.3","8,271.6","8,381.8","8,117.2","5.62M","-2.12%"
"17/02/2017","8,337.7","8,470.1","8,514.2","8,315.7","5.80M","-2.07%"
"16/02/2017","8,514.2","8,558.3","8,668.6","8,381.8","12.12M","0.00%"
"15/02/2017","8,514.2","8,227.4","8,558.3","8,227.4","10.02M","3.49%"
"14/02/2017","8,227.4","8,139.2","8,293.6","8,139.2","5.59M","0.81%"
"13/02/2017","8,161.3","8,183.3","8,227.4","8,095.1","4.04M","-0.27%"
"10/02/2017","8,183.3","7,962.8","8,249.5","7,940.7","7.44M","2.77%"
"09/02/2017","7,962.8","7,918.6","8,028.9","7,918.6","3.32M","1.12%"
"08/02/2017","7,874.5","8,006.9","8,051.0","7,852.5","6.06M","-1.65%"
"07/02/2017","8,006.9","8,028.9","8,227.4","7,984.8","6.71M","-0.82%"
"06/02/2017","8,073.0","8,095.1","8,183.3","8,006.9","2.89M","-0.81%"
"03/02/2017","8,139.2","8,249.5","8,337.7","8,028.9","4.32M","-1.34%"
"02/02/2017","8,249.5","8,205.4","8,381.8","8,117.2","2.74M","0.81%"
"25/01/2017","8,183.3","8,161.3","8,271.6","7,984.8","5.10M","0.00%"
"24/01/2017","8,183.3","8,205.4","8,271.6","7,984.8","4.40M","1.37%"
"23/01/2017","8,073.0","7,896.6","8,403.9","7,874.5","6.25M","2.23%"
"20/01/2017","7,896.6","7,786.3","8,028.9","7,764.2","4.88M","1.42%"
"19/01/2017","7,786.3","7,543.7","7,786.3","7,543.7","2.27M","2.02%"
"18/01/2017","7,631.9","7,786.3","8,051.0","7,587.8","3.39M","-1.98%"
"17/01/2017","7,786.3","7,411.3","7,786.3","7,389.3","6.27M","6.97%"
"16/01/2017","7,279.0","7,499.5","7,499.5","7,279.0","1.70M","-0.60%"
"13/01/2017","7,323.1","7,450.1","7,450.1","7,301.9","1.30M","-1.70%"
"12/01/2017","7,450.1","7,492.4","7,534.7","7,365.4","1.54M","-0.56%"
"11/01/2017","7,492.4","7,153.8","7,492.4","7,153.8","4.19M","4.73%"
"10/01/2017","7,153.8","7,196.1","7,196.1","7,111.4","1.45M","-1.17%"
"09/01/2017","7,238.4","7,196.1","7,323.1","7,111.4","2.79M","2.70%"
"06/01/2017","7,047.9","6,815.1","7,238.4","6,815.1","2.40M","0.91%"
"05/01/2017","6,984.5","6,899.8","6,984.5","6,772.8","1.86M","0.61%"
"04/01/2017","6,942.1","6,942.1","7,026.8","6,815.1","2.10M","1.86%"
"03/01/2017","6,815.1","6,455.3","6,815.1","6,455.3","2.10M","6.98%"
"30/12/2016","6,370.7","6,349.5","6,455.3","6,307.2","898.03K","0.33%"
"29/12/2016","6,349.5","6,391.8","6,476.5","6,349.5","1.84M","-1.32%"
"28/12/2016","6,434.2","6,434.2","6,455.3","6,391.8","1.12M","0.00%"
"27/12/2016","6,434.2","6,413.0","6,455.3","6,391.8","549.20K","0.33%"
"26/12/2016","6,413.0","6,434.2","6,476.5","6,370.7","680.62K","-0.33%"
"23/12/2016","6,434.2","6,370.7","6,434.2","6,328.3","1.00M","0.66%"
"22/12/2016","6,391.8","6,455.3","6,476.5","6,349.5","1.08M","-0.66%"
"21/12/2016","6,434.2","6,455.3","6,518.8","6,391.8","1.47M","-0.33%"
"20/12/2016","6,455.3","6,476.5","6,603.5","6,455.3","1.16M","-0.33%"
"19/12/2016","6,476.5","6,434.2","6,603.5","6,413.0","1.84M","2.00%"
"16/12/2016","6,349.5","6,328.3","6,349.5","6,286.0","971.79K","1.01%"
"15/12/2016","6,286.0","6,264.8","6,518.8","6,222.5","1.29M","1.37%"
"14/12/2016","6,201.3","6,180.2","6,286.0","6,180.2","946.96K","0.34%"
"13/12/2016","6,180.2","6,391.8","6,391.8","6,159.0","1.41M","-2.67%"
"12/12/2016","6,349.5","6,561.2","6,561.2","6,264.8","1.87M","-2.60%"
"09/12/2016","6,518.8","6,582.3","6,645.8","6,518.8","1.21M","-0.96%"
"08/12/2016","6,582.3","6,624.6","6,772.8","6,582.3","1.17M","-0.64%"
"07/12/2016","6,624.6","6,645.8","6,688.1","6,603.5","1.27M","-0.32%"
"06/12/2016","6,645.8","6,794.0","6,857.5","6,645.8","1.44M","-2.18%"
"05/12/2016","6,794.0","6,899.8","6,899.8","6,794.0","1.43M","-0.62%"
"02/12/2016","6,836.3","6,878.6","6,921.0","6,836.3","1.23M","-0.31%"
"01/12/2016","6,857.5","6,815.1","6,878.6","6,815.1","920.99K","0.62%"
"30/11/2016","6,815.1","6,794.0","6,857.5","6,772.8","790.62K","0.31%"
"29/11/2016","6,794.0","6,794.0","6,878.6","6,794.0","943.59K","-0.31%"
"28/11/2016","6,815.1","6,899.8","6,899.8","6,794.0","697.58K","-0.92%"
"25/11/2016","6,878.6","6,984.5","6,984.5","6,857.5","1.52M","-0.91%"
"24/11/2016","6,942.1","7,047.9","7,090.3","6,899.8","672.99K","-2.09%"
"23/11/2016","7,090.3","7,069.1","7,111.4","7,047.9","860.75K","0.00%"
"22/11/2016","7,090.3","6,984.5","7,090.3","6,963.3","1.11M","1.21%"
"21/11/2016","7,005.6","6,878.6","7,005.6","6,878.6","1.23M","1.85%"
"18/11/2016","6,878.6","6,878.6","6,921.0","6,836.3","593.64K","0.00%"
"17/11/2016","6,878.6","6,942.1","6,984.5","6,878.6","1.19M","-0.91%"
"16/11/2016","6,942.1","7,026.8","7,026.8","6,942.1","349.24K","-0.61%"
"15/11/2016","6,984.5","6,984.5","7,005.6","6,963.3","469.71K","0.00%"
"14/11/2016","6,984.5","7,005.6","7,005.6","6,963.3","633.92K","0.30%"
"11/11/2016","6,963.3","7,026.8","7,047.9","6,963.3","659.91K","-0.90%"
"10/11/2016","7,026.8","6,963.3","7,047.9","6,963.3","1.40M","0.91%"
"09/11/2016","6,963.3","7,026.8","7,069.1","6,921.0","1.01M","-0.60%"
"08/11/2016","7,005.6","7,069.1","7,111.4","7,005.6","631.98K","-0.90%"
"07/11/2016","7,069.1","7,026.8","7,090.3","7,026.8","480.26K","0.60%"
"04/11/2016","7,026.8","7,069.1","7,069.1","7,026.8","323.77K","0.00%"
"03/11/2016","7,026.8","7,047.9","7,069.1","7,026.8","722.97K","-0.60%"
"02/11/2016","7,069.1","7,090.3","7,132.6","7,047.9","837.66K","-0.30%"
"01/11/2016","7,090.3","7,132.6","7,174.9","7,026.8","582.00K","-0.59%"
"31/10/2016","7,132.6","7,280.8","7,280.8","7,111.4","519.10K","-0.88%"
"28/10/2016","7,196.1","7,153.8","7,196.1","7,026.8","2.08M","2.41%"
"27/10/2016","7,026.8","7,174.9","7,196.1","7,026.8","1.71M","-2.06%"
"26/10/2016","7,174.9","7,280.8","7,280.8","7,174.9","788.53K","-1.45%"
"25/10/2016","7,280.8","7,365.4","7,365.4","7,238.4","1.32M","-0.58%"
"24/10/2016","7,323.1","7,259.6","7,386.6","7,259.6","1.72M","0.87%"
"21/10/2016","7,259.6","7,344.3","7,344.3","7,259.6","498.79K","-0.87%"
"20/10/2016","7,323.1","7,365.4","7,386.6","7,301.9","629.43K","-0.29%"
"19/10/2016","7,344.3","7,238.4","7,407.8","7,217.3","2.39M","1.76%"
"18/10/2016","7,217.3","7,217.3","7,238.4","7,174.9","674.55K","0.00%"
"17/10/2016","7,217.3","7,217.3","7,259.6","7,196.1","774.85K","0.00%"
"14/10/2016","7,217.3","7,280.8","7,323.1","7,217.3","1.34M","-0.58%"
"13/10/2016","7,259.6","7,301.9","7,301.9","7,217.3","676.87K","0.00%"
"12/10/2016","7,259.6","7,301.9","7,365.4","7,238.4","636.65K","0.00%"
"11/10/2016","7,259.6","7,238.4","7,280.8","7,196.1","995.97K","0.29%"
"10/10/2016","7,238.4","7,323.1","7,407.8","7,238.4","1.16M","-1.16%"
"07/10/2016","7,323.1","7,450.1","7,450.1","7,323.1","614.75K","-1.70%"
"06/10/2016","7,450.1","7,492.4","7,534.7","7,428.9","1.77M","0.00%"
"05/10/2016","7,450.1","7,323.1","7,555.9","7,280.8","3.07M","1.73%"
"04/10/2016","7,323.1","7,174.9","7,365.4","7,153.8","1.46M","2.06%"
"03/10/2016","7,174.9","7,196.1","7,280.8","7,174.9","328.30K","0.00%"
"30/09/2016","7,174.9","7,238.4","7,259.6","7,174.9","899.42K","-1.17%"
"29/09/2016","7,259.6","7,407.8","7,407.8","7,259.6","218.01K","-1.44%"
"28/09/2016","7,365.4","7,280.8","7,450.1","7,259.6","1.76M","1.46%"
"27/09/2016","7,259.6","7,132.6","7,280.8","7,132.6","1.58M","1.48%"
"26/09/2016","7,153.8","7,153.8","7,196.1","7,153.8","460.15K","0.00%"
"23/09/2016","7,153.8","7,196.1","7,238.4","7,153.8","401.22K","-0.59%"
"22/09/2016","7,196.1","7,238.4","7,238.4","7,196.1","684.38K","0.00%"
"21/09/2016","7,196.1","7,217.3","7,238.4","7,196.1","278.09K","-0.29%"
"20/09/2016","7,217.3","7,196.1","7,238.4","7,196.1","531.06K","-0.29%"
"19/09/2016","7,238.4","7,174.9","7,259.6","7,174.9","1.06M","0.88%"
"16/09/2016","7,174.9","7,196.1","7,196.1","7,153.8","325.58K","0.00%"
"15/09/2016","7,174.9","7,111.4","7,238.4","7,111.4","635.11K","0.89%"
"14/09/2016","7,111.4","7,259.6","7,259.6","7,069.1","876.88K","-2.04%"
"13/09/2016","7,259.6","7,323.1","7,323.1","7,238.4","348.13K","-0.58%"
"12/09/2016","7,301.9","7,365.4","7,365.4","7,238.4","827.62K","-0.86%"
"09/09/2016","7,365.4","7,323.1","7,365.4","7,280.8","785.26K","1.16%"
"08/09/2016","7,280.8","7,323.1","7,323.1","7,238.4","671.24K","0.00%"
"07/09/2016","7,280.8","7,196.1","7,323.1","7,196.1","381.97K","0.58%"
"06/09/2016","7,238.4","7,323.1","7,323.1","7,196.1","824.50K","0.00%"
"05/09/2016","7,238.4","7,323.1","7,323.1","7,238.4","655.28K","-0.58%"
"01/09/2016","7,280.8","7,280.8","7,365.4","7,238.4","784.51K","-1.15%"
"31/08/2016","7,365.4","7,365.4","7,407.8","7,323.1","1.24M","0.00%"
"30/08/2016","7,365.4","7,323.1","7,407.8","7,323.1","1.39M","0.58%"
"29/08/2016","7,323.1","7,365.4","7,407.8","7,323.1","447.70K","-0.57%"
"26/08/2016","7,365.4","7,280.8","7,450.1","7,280.8","1.30M","1.75%"
"25/08/2016","7,238.4","7,323.1","7,323.1","7,238.4","360.92K","-1.16%"
"24/08/2016","7,323.1","7,238.4","7,323.1","7,238.4","891.10K","1.17%"
"23/08/2016","7,238.4","7,280.8","7,280.8","7,238.4","505.71K","-0.58%"
"22/08/2016","7,280.8","7,280.8","7,280.8","7,238.4","1.03M","0.58%"
"19/08/2016","7,238.4","7,280.8","7,323.1","7,196.1","1.26M","-1.16%"
"18/08/2016","7,323.1","7,323.1","7,365.4","7,280.8","562.47K","0.00%"
"17/08/2016","7,323.1","7,365.4","7,365.4","7,280.8","550.21K","0.00%"
"16/08/2016","7,323.1","7,323.1","7,407.8","7,323.1","663.27K","-1.14%"
"15/08/2016","7,407.8","7,407.8","7,407.8","7,280.8","579.99K","0.00%"
"12/08/2016","7,407.8","7,450.1","7,492.4","7,280.8","833.55K","-0.57%"
"11/08/2016","7,450.1","7,365.4","7,534.7","7,323.1","1.40M","1.15%"
"10/08/2016","7,365.4","7,196.1","7,365.4","7,196.1","943.98K","2.96%"
"09/08/2016","7,153.8","7,238.4","7,323.1","7,153.8","906.04K","-1.74%"
"08/08/2016","7,280.8","7,280.8","7,280.8","7,196.1","469.56K","0.58%"
"05/08/2016","7,238.4","7,196.1","7,365.4","7,196.1","1.15M","-1.16%"
"04/08/2016","7,323.1","7,196.1","7,407.8","7,196.1","1.27M","1.17%"
"03/08/2016","7,238.4","7,238.4","7,323.1","7,196.1","937.29K","-0.58%"
"02/08/2016","7,280.8","7,492.4","7,492.4","7,238.4","2.81M","-2.82%"
"01/08/2016","7,492.4","7,534.7","7,534.7","7,450.1","1.27M","-0.56%"
"29/07/2016","7,534.7","7,577.1","7,619.4","7,492.4","908.35K","0.00%"
"28/07/2016","7,534.7","7,619.4","7,619.4","7,534.7","610.03K","-1.11%"
"27/07/2016","7,619.4","7,450.1","7,704.1","7,407.8","3.12M","2.27%"
"26/07/2016","7,450.1","7,407.8","7,450.1","7,365.4","565.68K","0.57%"
"25/07/2016","7,407.8","7,577.1","7,577.1","7,407.8","966.57K","-1.69%"
"22/07/2016","7,534.7","7,534.7","7,534.7","7,365.4","2.59M","0.00%"
"21/07/2016","7,534.7","7,492.4","7,619.4","7,450.1","1.64M","0.00%"
"20/07/2016","7,534.7","7,704.1","7,704.1","7,492.4","3.67M","-2.20%"
"19/07/2016","7,704.1","8,042.7","8,042.7","7,534.7","3.43M","-2.67%"
"18/07/2016","7,915.7","7,831.1","8,042.7","7,746.4","2.26M","0.00%"
"15/07/2016","7,915.7","8,042.7","8,169.7","7,915.7","3.05M","0.54%"
"14/07/2016","7,873.4","8,169.7","8,550.7","7,873.4","10.65M","-1.59%"
"13/07/2016","8,000.4","7,534.7","8,000.4","7,492.4","10.77M","6.78%"
"12/07/2016","7,492.4","7,407.8","7,492.4","7,365.4","4.36M","1.72%"
"11/07/2016","7,365.4","7,280.8","7,534.7","7,280.8","2.54M","1.16%"
"08/07/2016","7,280.8","7,365.4","7,365.4","7,238.4","543.53K","-0.58%"
"07/07/2016","7,323.1","7,280.8","7,323.1","7,196.1","704.53K","0.58%"
"06/07/2016","7,280.8","7,365.4","7,365.4","7,238.4","625.07K","-1.15%"
"05/07/2016","7,365.4","7,238.4","7,450.1","7,238.4","1.66M","1.75%"
"04/07/2016","7,238.4","7,238.4","7,280.8","7,153.8","981.99K","0.59%"
"01/07/2016","7,196.1","7,111.4","7,238.4","7,111.4","562.37K","1.19%"
"30/06/2016","7,111.4","7,196.1","7,238.4","7,111.4","831.69K","-0.59%"
"29/06/2016","7,153.8","7,069.1","7,238.4","7,069.1","1.07M","2.42%"
"28/06/2016","6,984.5","7,026.8","7,069.1","6,984.5","380.57K","-1.20%"
"27/06/2016","7,069.1","6,942.1","7,069.1","6,942.1","697.35K","0.00%"
"24/06/2016","7,069.1","7,238.4","7,280.8","6,772.8","2.28M","-2.91%"
"23/06/2016","7,280.8","7,196.1","7,280.8","7,153.8","1.00M","1.78%"
"22/06/2016","7,153.8","7,280.8","7,280.8","7,111.4","1.07M","-0.59%"
"21/06/2016","7,196.1","7,238.4","7,280.8","7,153.8","588.19K","0.00%"
"20/06/2016","7,196.1","7,196.1","7,238.4","7,153.8","895.40K","0.59%"
"17/06/2016","7,153.8","7,323.1","7,323.1","7,153.8","1.32M","-1.74%"
"16/06/2016","7,280.8","7,323.1","7,407.8","7,280.8","894.02K","-1.15%"
"15/06/2016","7,365.4","7,365.4","7,407.8","7,280.8","1.04M","0.00%"
"14/06/2016","7,365.4","7,407.8","7,407.8","7,280.8","2.04M","-1.14%"
"13/06/2016","7,450.1","7,534.7","7,534.7","7,407.8","1.22M","-1.12%"
"10/06/2016","7,534.7","7,450.1","7,577.1","7,450.1","2.22M","0.00%"
"09/06/2016","7,534.7","7,450.1","7,577.1","7,407.8","1.86M","1.14%"
"08/06/2016","7,450.1","7,407.8","7,492.4","7,407.8","1.03M","1.15%"
"07/06/2016","7,365.4","7,450.1","7,450.1","7,365.4","1.12M","-1.14%"
"06/06/2016","7,450.1","7,492.4","7,534.7","7,365.4","1.67M","-1.12%"
"03/06/2016","7,534.7","7,577.1","7,577.1","7,492.4","1.21M","-0.56%"
"02/06/2016","7,577.1","7,534.7","7,577.1","7,492.4","805.64K","0.56%"
"01/06/2016","7,534.7","7,534.7","7,619.4","7,492.4","2.33M","0.00%"
"31/05/2016","7,534.7","7,450.1","7,577.1","7,450.1","2.35M","1.14%"
"30/05/2016","7,450.1","7,365.4","7,492.4","7,323.1","1.28M","1.15%"
"27/05/2016","7,365.4","7,238.4","7,407.8","7,196.1","1.94M","1.75%"
"26/05/2016","7,238.4","7,280.8","7,323.1","7,153.8","3.22M","-1.16%"
"25/05/2016","7,323.1","7,323.1","7,407.8","7,323.1","2.20M","0.00%"
"24/05/2016","7,323.1","7,238.4","7,323.1","7,196.1","2.39M","1.17%"
"23/05/2016","7,238.4","7,450.1","7,450.1","7,238.4","1.96M","-2.29%"
"20/05/2016","7,407.8","7,492.4","7,534.7","7,365.4","1.62M","-1.13%"
"19/05/2016","7,492.4","7,577.1","7,619.4","7,492.4","1.16M","-1.12%"
"18/05/2016","7,577.1","7,577.1","7,704.1","7,534.7","3.43M","-0.56%"
"17/05/2016","7,619.4","7,492.4","7,619.4","7,450.1","3.85M","2.86%"
"16/05/2016","7,407.8","7,492.4","7,492.4","7,365.4","1.87M","-1.13%"
"13/05/2016","7,492.4","7,492.4","7,661.7","7,407.8","3.34M","0.00%"
"12/05/2016","7,492.4","7,704.1","7,704.1","7,450.1","2.68M","-1.67%"
"11/05/2016","7,619.4","7,407.8","7,619.4","7,323.1","7.23M","3.45%"
"10/05/2016","7,365.4","7,238.4","7,450.1","7,196.1","3.57M","0.58%"
"09/05/2016","7,323.1","7,407.8","7,534.7","7,280.8","5.00M","0.00%"
"06/05/2016","7,323.1","7,069.1","7,365.4","7,069.1","7.46M","3.59%"
"05/05/2016","7,069.1","7,026.8","7,153.8","6,942.1","3.17M","1.83%"
"04/05/2016","6,942.1","7,026.8","7,069.1","6,899.8","1.62M","-1.20%"
"29/04/2016","7,026.8","6,815.1","7,153.8","6,815.1","2.81M","2.47%"
"28/04/2016","6,857.5","6,942.1","6,984.5","6,815.1","2.37M","-1.82%"
"27/04/2016","6,984.5","7,196.1","7,196.1","6,984.5","3.67M","-2.37%"
"26/04/2016","7,153.8","7,238.4","7,280.8","7,111.4","1.34M","-1.17%"
"25/04/2016","7,238.4","7,196.1","7,365.4","7,196.1","6.26M","1.79%"
"22/04/2016","7,111.4","6,772.8","7,238.4","6,730.5","5.50M","5.00%"
"21/04/2016","6,772.8","6,815.1","6,815.1","6,730.5","910.25K","0.00%"
"20/04/2016","6,772.8","6,772.8","6,815.1","6,688.1","1.69M","0.00%"
"19/04/2016","6,772.8","6,899.8","6,899.8","6,730.5","1.24M","-1.23%"
"15/04/2016","6,857.5","6,815.1","6,899.8","6,815.1","3.29M","0.62%"
"14/04/2016","6,815.1","6,857.5","6,942.1","6,815.1","1.00M","-0.62%"
"13/04/2016","6,857.5","6,857.5","6,899.8","6,772.8","1.86M","0.00%"
"12/04/2016","6,857.5","6,984.5","7,026.8","6,815.1","3.06M","-1.82%"
"11/04/2016","6,984.5","7,111.4","7,111.4","6,942.1","3.30M","-1.20%"
"08/04/2016","7,069.1","7,111.4","7,111.4","7,026.8","1.01M","0.00%"
"07/04/2016","7,069.1","7,111.4","7,111.4","6,984.5","2.09M","0.00%"
"06/04/2016","7,069.1","6,942.1","7,069.1","6,899.8","2.35M","1.83%"
"05/04/2016","6,942.1","6,942.1","7,026.8","6,899.8","660.18K","-0.61%"
"04/04/2016","6,984.5","6,899.8","6,984.5","6,857.5","712.79K","1.23%"
"01/04/2016","6,899.8","6,942.1","6,984.5","6,857.5","1.04M","-0.61%"
"31/03/2016","6,942.1","7,069.1","7,069.1","6,899.8","1.20M","-1.80%"
"30/03/2016","7,069.1","7,069.1","7,069.1","6,984.5","1.45M","0.60%"
"29/03/2016","7,026.8","7,153.8","7,153.8","7,026.8","1.11M","-1.78%"
"28/03/2016","7,153.8","7,238.4","7,238.4","7,111.4","544.05K","0.00%"
"25/03/2016","7,153.8","7,153.8","7,196.1","7,026.8","1.36M","0.00%"
"24/03/2016","7,153.8","7,323.1","7,323.1","7,153.8","1.15M","-1.74%"
"23/03/2016","7,280.8","7,238.4","7,323.1","7,238.4","429.97K","0.58%"
"22/03/2016","7,238.4","7,280.8","7,365.4","7,238.4","997.43K","-1.16%"
"21/03/2016","7,323.1","7,365.4","7,492.4","7,323.1","1.32M","0.00%"
"18/03/2016","7,323.1","7,365.4","7,407.8","7,323.1","439.31K","-0.57%"
"17/03/2016","7,365.4","7,365.4","7,450.1","7,323.1","1.98M","0.58%"
"16/03/2016","7,323.1","7,323.1","7,407.8","7,280.8","1.38M","0.00%"
"15/03/2016","7,323.1","7,365.4","7,365.4","7,238.4","1.56M","-0.57%"
"14/03/2016","7,365.4","7,450.1","7,450.1","7,323.1","1.16M","0.00%"
"11/03/2016","7,365.4","7,450.1","7,492.4","7,365.4","1.25M","-0.57%"
"10/03/2016","7,407.8","7,407.8","7,450.1","7,365.4","704.55K","0.57%"
"09/03/2016","7,365.4","7,492.4","7,534.7","7,365.4","1.77M","-1.69%"
"08/03/2016","7,492.4","7,492.4","7,577.1","7,407.8","2.64M","-0.56%"
"07/03/2016","7,534.7","7,619.4","7,619.4","7,492.4","1.54M","0.00%"
"04/03/2016","7,534.7","7,619.4","7,661.7","7,534.7","2.06M","-1.11%"
"03/03/2016","7,619.4","7,619.4","7,661.7","7,534.7","1.90M","0.56%"
"02/03/2016","7,577.1","7,492.4","7,619.4","7,492.4","1.25M","1.70%"
"01/03/2016","7,450.1","7,534.7","7,619.4","7,450.1","1.66M","-1.12%"
"29/02/2016","7,534.7","7,704.1","7,704.1","7,534.7","1.94M","-2.73%"
"26/02/2016","7,746.4","7,746.4","7,788.7","7,704.1","815.80K","-0.54%"
"25/02/2016","7,788.7","7,788.7","7,831.1","7,619.4","3.64M","1.10%"
"24/02/2016","7,704.1","7,196.1","7,704.1","7,196.1","6.47M","6.43%"
"23/02/2016","7,238.4","7,323.1","7,365.4","7,238.4","1.14M","-0.58%"
"22/02/2016","7,280.8","7,323.1","7,365.4","7,196.1","1.67M","0.00%"
"19/02/2016","7,280.8","7,323.1","7,365.4","7,280.8","969.95K","-1.15%"
"18/02/2016","7,365.4","7,238.4","7,365.4","7,196.1","964.93K","1.75%"
"17/02/2016","7,238.4","7,238.4","7,280.8","7,196.1","551.35K","0.00%"
"16/02/2016","7,238.4","7,280.8","7,323.1","7,238.4","352.29K","-0.58%"
"15/02/2016","7,280.8","7,153.8","7,323.1","7,153.8","320.89K","0.00%"
"05/02/2016","7,280.8","7,280.8","7,323.1","7,280.8","465.49K","0.00%"
"04/02/2016","7,280.8","7,280.8","7,280.8","7,196.1","504.92K","1.18%"
"03/02/2016","7,196.1","7,153.8","7,238.4","7,069.1","381.41K","-0.58%"
"02/02/2016","7,238.4","7,238.4","7,365.4","7,196.1","340.21K","0.00%"
"01/02/2016","7,238.4","7,450.1","7,450.1","7,238.4","678.54K","-0.58%"
"29/01/2016","7,280.8","7,280.8","7,323.1","7,196.1","460.42K","0.00%"
"28/01/2016","7,280.8","7,407.8","7,450.1","7,280.8","351.05K","-1.71%"
"27/01/2016","7,407.8","7,365.4","7,534.7","7,365.4","813.88K","0.57%"
"26/01/2016","7,365.4","7,196.1","7,365.4","7,111.4","2.03M","1.16%"
"25/01/2016","7,280.8","6,984.5","7,280.8","6,984.5","1.83M","6.83%"
"22/01/2016","6,815.1","6,942.1","6,984.5","6,688.1","1.82M","-1.83%"
"21/01/2016","6,942.1","7,111.4","7,196.1","6,899.8","2.39M","-2.96%"
"20/01/2016","7,153.8","7,323.1","7,323.1","7,153.8","1.27M","-2.87%"
"19/01/2016","7,365.4","7,069.1","7,365.4","7,069.1","2.14M","3.57%"
"18/01/2016","7,111.4","7,280.8","7,280.8","6,942.1","2.91M","-4.55%"
"15/01/2016","7,450.1","7,492.4","7,534.7","7,365.4","1.35M","-0.56%"
"14/01/2016","7,492.4","7,492.4","7,492.4","7,323.1","1.78M","0.00%"
"13/01/2016","7,492.4","7,577.1","7,619.4","7,492.4","955.56K","-0.56%"
"12/01/2016","7,534.7","7,492.4","7,577.1","7,450.1","1.23M","0.56%"
"11/01/2016","7,492.4","7,492.4","7,577.1","7,450.1","1.39M","0.00%"
"08/01/2016","7,492.4","7,619.4","7,619.4","7,492.4","2.07M","-2.21%"
"07/01/2016","7,661.7","7,661.7","7,788.7","7,534.7","3.32M","-1.09%"
"06/01/2016","7,746.4","7,661.7","7,788.7","7,661.7","1.14M","1.10%"
"05/01/2016","7,661.7","7,661.7","7,746.4","7,619.4","667.36K","-1.09%"
"04/01/2016","7,746.4","7,831.1","7,873.4","7,661.7","842.85K","-1.61%"
"31/12/2015","7,873.4","7,915.7","7,915.7","7,788.7","850.76K","0.00%"
"30/12/2015","7,873.4","7,873.4","7,915.7","7,788.7","1.33M","0.54%"
"29/12/2015","7,831.1","7,661.7","7,831.1","7,577.1","1.26M","2.21%"
"28/12/2015","7,661.7","7,661.7","7,788.7","7,619.4","825.33K","0.00%"
"25/12/2015","7,661.7","7,704.1","7,746.4","7,619.4","597.43K","0.00%"
"24/12/2015","7,661.7","7,746.4","7,746.4","7,661.7","406.65K","0.00%"
"23/12/2015","7,661.7","7,746.4","7,788.7","7,661.7","1.16M","-1.09%"
"22/12/2015","7,746.4","7,788.7","7,915.7","7,746.4","889.91K","-1.08%"
"21/12/2015","7,831.1","7,831.1","7,831.1","7,746.4","919.10K","0.00%"
"18/12/2015","7,831.1","7,915.7","7,958.0","7,831.1","1.12M","-1.60%"
"17/12/2015","7,958.0","7,915.7","8,085.0","7,873.4","1.55M","1.62%"
"16/12/2015","7,831.1","7,746.4","7,915.7","7,704.1","1.37M","1.65%"
"15/12/2015","7,704.1","7,534.7","7,704.1","7,492.4","1.27M","2.82%"
"14/12/2015","7,492.4","7,577.1","7,704.1","7,492.4","797.56K","-1.67%"
"11/12/2015","7,619.4","7,661.7","7,746.4","7,619.4","1.04M","-0.55%"
"10/12/2015","7,661.7","7,831.1","7,831.1","7,619.4","1.35M","-1.63%"
"09/12/2015","7,788.7","7,958.0","7,958.0","7,788.7","586.48K","-1.60%"
"08/12/2015","7,915.7","7,661.7","7,958.0","7,577.1","2.12M","2.75%"
"07/12/2015","7,704.1","7,831.1","7,831.1","7,661.7","597.45K","-1.09%"
"04/12/2015","7,788.7","7,873.4","7,873.4","7,746.4","1.77M","-1.08%"
"03/12/2015","7,873.4","7,873.4","7,915.7","7,831.1","421.79K","0.00%"
"02/12/2015","7,873.4","7,788.7","7,915.7","7,788.7","1.69M","1.64%"
"01/12/2015","7,746.4","7,788.7","7,873.4","7,704.1","1.20M","-0.54%"
"30/11/2015","7,788.7","8,042.7","8,042.7","7,619.4","1.82M","-3.66%"
"27/11/2015","8,085.0","8,169.7","8,254.4","8,085.0","1.34M","-2.05%"
"26/11/2015","8,254.4","8,254.4","8,254.4","8,169.7","1.23M","-0.51%"
"25/11/2015","8,296.7","8,296.7","8,296.7","8,169.7","1.42M","0.00%"
"24/11/2015","8,296.7","8,296.7","8,339.0","8,212.0","2.02M","-0.51%"
"23/11/2015","8,339.0","8,508.3","8,508.3","8,339.0","1.12M","-1.01%"
"20/11/2015","8,423.7","8,423.7","8,466.0","8,381.3","1.63M","0.00%"
"19/11/2015","8,423.7","8,550.7","8,550.7","8,423.7","1.16M","-0.50%"
"18/11/2015","8,466.0","8,508.3","8,550.7","8,466.0","1.06M","-0.50%"
"17/11/2015","8,508.3","8,550.7","8,593.0","8,508.3","1.94M","-0.99%"
"16/11/2015","8,593.0","8,677.7","8,677.7","8,508.3","896.80K","-1.46%"
"13/11/2015","8,720.0","8,635.3","8,720.0","8,550.7","1.85M","0.00%"
"12/11/2015","8,720.0","8,550.7","8,720.0","8,508.3","2.99M","1.48%"
"11/11/2015","8,593.0","8,550.7","8,677.7","8,550.7","2.27M","0.00%"
"10/11/2015","8,593.0","8,677.7","8,720.0","8,593.0","2.23M","-1.93%"
"09/11/2015","8,762.3","8,804.6","8,847.0","8,720.0","1.50M","-0.48%"
"06/11/2015","8,804.6","8,804.6","8,847.0","8,677.7","2.52M","-0.48%"
"05/11/2015","8,847.0","8,762.3","8,847.0","8,762.3","2.10M","0.00%"
"04/11/2015","8,847.0","8,889.3","8,974.0","8,804.6","2.93M","-0.48%"
"03/11/2015","8,889.3","8,847.0","8,889.3","8,762.3","2.33M","0.48%"
"02/11/2015","8,847.0","8,804.6","8,889.3","8,762.3","2.82M","0.48%"
"30/10/2015","8,804.6","8,847.0","8,931.6","8,804.6","3.65M","-0.48%"
"29/10/2015","8,847.0","8,804.6","8,889.3","8,720.0","3.59M","0.97%"
"28/10/2015","8,762.3","8,847.0","8,847.0","8,762.3","2.77M","-0.96%"
"27/10/2015","8,847.0","8,847.0","8,889.3","8,762.3","2.14M","0.00%"
"26/10/2015","8,847.0","9,016.3","9,016.3","8,847.0","3.04M","-0.95%"
"23/10/2015","8,931.6","8,889.3","9,016.3","8,804.6","4.55M","1.44%"
"22/10/2015","8,804.6","8,762.3","8,847.0","8,720.0","1.65M","0.00%"
"21/10/2015","8,804.6","8,804.6","8,889.3","8,720.0","4.51M","-0.48%"
"20/10/2015","8,847.0","8,974.0","8,974.0","8,720.0","4.72M","-1.42%"
"19/10/2015","8,974.0","8,889.3","9,058.6","8,847.0","4.14M","0.47%"
"16/10/2015","8,931.6","8,804.6","9,058.6","8,804.6","11.34M","1.93%"
"15/10/2015","8,762.3","8,593.0","8,804.6","8,550.7","9.25M","2.48%"
"14/10/2015","8,550.7","8,635.3","8,635.3","8,550.7","3.35M","-0.98%"
"13/10/2015","8,635.3","8,593.0","8,635.3","8,550.7","1.97M","0.00%"
"12/10/2015","8,635.3","8,593.0","8,720.0","8,593.0","4.42M","0.00%"
"09/10/2015","8,635.3","8,677.7","8,762.3","8,635.3","7.18M","0.49%"
"08/10/2015","8,593.0","8,466.0","8,635.3","8,423.7","7.53M","1.50%"
"07/10/2015","8,466.0","8,593.0","8,635.3","8,466.0","3.44M","-1.48%"
"06/10/2015","8,593.0","8,593.0","8,635.3","8,508.3","6.63M","1.50%"
"05/10/2015","8,466.0","8,339.0","8,508.3","8,296.7","2.36M","2.56%"
"02/10/2015","8,254.4","8,339.0","8,339.0","8,212.0","1.63M","-0.51%"
"01/10/2015","8,296.7","8,339.0","8,339.0","8,254.4","1.31M","0.00%"
"30/09/2015","8,296.7","8,381.3","8,423.7","8,296.7","1.63M","-0.51%"
"29/09/2015","8,339.0","8,212.0","8,381.3","8,212.0","6.10M","-1.50%"
"28/09/2015","8,466.0","8,550.7","8,593.0","8,466.0","2.98M","-1.48%"
"25/09/2015","8,593.0","8,677.7","8,677.7","8,508.3","2.90M","-0.49%"
"24/09/2015","8,635.3","8,593.0","8,762.3","8,593.0","8.90M","0.99%"
"23/09/2015","8,550.7","8,423.7","8,550.7","8,381.3","3.08M","1.00%"
"22/09/2015","8,466.0","8,550.7","8,635.3","8,423.7","2.59M","-0.99%"
"21/09/2015","8,550.7","8,466.0","8,593.0","8,466.0","4.74M","1.00%"
"18/09/2015","8,466.0","8,423.7","8,508.3","8,339.0","5.17M","3.63%"
"17/09/2015","8,169.7","8,339.0","8,381.3","8,169.7","3.11M","-2.03%"
"16/09/2015","8,339.0","8,423.7","8,466.0","8,254.4","2.89M","-1.01%"
"15/09/2015","8,423.7","8,466.0","8,635.3","8,423.7","4.42M","-0.50%"
"14/09/2015","8,466.0","8,593.0","8,804.6","8,466.0","5.40M","0.50%"
"11/09/2015","8,423.7","8,593.0","8,635.3","8,381.3","4.03M","-1.97%"
"10/09/2015","8,593.0","8,508.3","8,720.0","8,508.3","4.04M","-0.98%"
"09/09/2015","8,677.7","8,889.3","8,931.6","8,677.7","5.72M","0.49%"
"08/09/2015","8,635.3","8,212.0","8,677.7","8,169.7","11.73M","5.15%"
"07/09/2015","8,212.0","8,212.0","8,339.0","8,169.7","2.49M","0.52%"
"04/09/2015","8,169.7","8,127.4","8,254.4","8,127.4","2.13M","0.52%"
"03/09/2015","8,127.4","8,042.7","8,169.7","8,000.4","4.72M","0.52%"
"01/09/2015","8,085.0","8,254.4","8,254.4","8,042.7","4.14M","-1.04%"
"31/08/2015","8,169.7","8,466.0","8,466.0","8,169.7","6.04M","-3.02%"
"28/08/2015","8,423.7","8,423.7","8,466.0","8,254.4","5.63M","2.58%"
"27/08/2015","8,212.0","7,915.7","8,466.0","7,915.7","6.95M","3.74%"
"26/08/2015","7,915.7","7,577.1","7,915.7","7,534.7","4.20M","4.47%"
"25/08/2015","7,577.1","7,280.8","7,619.4","7,280.8","4.64M","2.29%"
"24/08/2015","7,407.8","7,915.7","7,915.7","7,407.8","8.41M","-6.91%"
"21/08/2015","7,958.0","8,000.4","8,042.7","7,619.4","9.40M","-2.59%"
"20/08/2015","8,169.7","8,339.0","8,423.7","8,169.7","3.29M","-2.53%"
"19/08/2015","8,381.3","8,381.3","8,635.3","8,254.4","2.41M","-1.00%"
"18/08/2015","8,466.0","8,127.4","8,466.0","8,127.4","4.49M","3.63%"
"17/08/2015","8,169.7","8,720.0","8,804.6","8,169.7","6.75M","-6.76%"
"14/08/2015","8,762.3","8,889.3","8,974.0","8,677.7","2.63M","-1.90%"
"13/08/2015","8,931.6","9,185.6","9,185.6","8,847.0","4.19M","-2.76%"
"12/08/2015","9,185.6","9,270.3","9,312.6","9,101.0","3.86M","-1.36%"
"11/08/2015","9,312.6","9,312.6","9,566.6","9,227.9","4.72M","0.46%"
"10/08/2015","9,270.3","9,101.0","9,312.6","9,101.0","2.31M","1.86%"
"07/08/2015","9,101.0","9,143.3","9,185.6","9,016.3","3.74M","-0.46%"
"06/08/2015","9,143.3","9,439.6","9,439.6","9,101.0","3.41M","-2.26%"
"05/08/2015","9,354.9","9,270.3","9,439.6","9,270.3","2.93M","1.38%"
"04/08/2015","9,227.9","9,354.9","9,439.6","9,227.9","3.91M","-1.36%"
"03/08/2015","9,354.9","9,439.6","9,524.3","9,227.9","7.68M","-1.78%"
"31/07/2015","9,524.3","9,778.2","9,778.2","9,524.3","4.54M","-1.32%"
"30/07/2015","9,651.2","9,566.6","9,693.6","9,439.6","4.33M","1.33%"
"29/07/2015","9,524.3","9,735.9","9,820.6","9,524.3","7.38M","-2.17%"
"28/07/2015","9,735.9","9,735.9","9,905.2","9,735.9","9.12M","0.00%"
"27/07/2015","9,735.9","9,566.6","9,862.9","9,566.6","5.95M","1.32%"
"24/07/2015","9,608.9","9,608.9","9,693.6","9,524.3","4.61M","-0.44%"
"23/07/2015","9,651.2","9,778.2","9,947.6","9,651.2","10.67M","-0.87%"
"22/07/2015","9,735.9","9,397.3","9,735.9","9,312.6","8.25M","3.60%"
"21/07/2015","9,397.3","9,397.3","9,608.9","9,312.6","8.62M","0.00%"
"20/07/2015","9,397.3","9,101.0","9,439.6","9,016.3","6.38M","1.83%"
"17/07/2015","9,227.9","9,185.6","9,397.3","9,143.3","4.61M","0.93%"
"16/07/2015","9,143.3","9,143.3","9,270.3","9,016.3","10.87M","-1.82%"
"15/07/2015","9,312.6","9,608.9","9,735.9","9,312.6","18.68M","-3.08%"
"14/07/2015","9,608.9","9,735.9","9,820.6","9,397.3","7.80M","-1.30%"
"13/07/2015","9,735.9","9,439.6","9,862.9","9,354.9","7.85M","3.14%"
"10/07/2015","9,439.6","9,016.3","9,439.6","8,974.0","11.69M","6.19%"
"09/07/2015","8,889.3","8,847.0","9,016.3","8,720.0","5.67M","-0.94%"
"08/07/2015","8,974.0","8,889.3","9,185.6","8,635.3","10.72M","1.92%"
"07/07/2015","8,804.6","8,593.0","9,101.0","8,423.7","10.44M","2.46%"
"06/07/2015","8,593.0","8,550.7","8,677.7","8,466.0","8.04M","1.00%"
"03/07/2015","8,508.3","8,466.0","8,847.0","8,466.0","8.49M","1.52%"
"02/07/2015","8,381.3","7,873.4","8,466.0","7,873.4","8.71M","5.32%"
"01/07/2015","7,958.0","8,042.7","8,127.4","7,831.1","7.61M","-2.08%"
"30/06/2015","8,127.4","8,127.4","8,296.7","8,085.0","3.84M","-1.03%"
"29/06/2015","8,212.0","7,958.0","8,212.0","7,958.0","4.39M","1.04%"
"26/06/2015","8,127.4","8,423.7","8,466.0","8,127.4","7.10M","-3.52%"
"25/06/2015","8,423.7","8,550.7","8,593.0","8,423.7","8.05M","-1.97%"
"24/06/2015","8,593.0","8,720.0","8,720.0","8,550.7","7.48M","-1.46%"
"23/06/2015","8,720.0","8,762.3","8,804.6","8,635.3","6.59M","1.98%"
"22/06/2015","8,550.7","8,429.7","8,591.0","8,429.7","4.84M","1.92%"
"19/06/2015","8,389.3","8,429.7","8,550.7","8,349.0","5.49M","0.48%"
"18/06/2015","8,349.0","8,349.0","8,429.7","8,228.0","3.48M","-0.48%"
"17/06/2015","8,389.3","8,228.0","8,429.7","8,187.7","3.33M","0.97%"
"16/06/2015","8,308.7","8,470.0","8,591.0","8,308.7","6.13M","-0.96%"
"15/06/2015","8,389.3","7,945.7","8,389.3","7,945.7","10.05M","6.12%"
"12/06/2015","7,905.3","7,905.3","7,986.0","7,824.7","4.07M","1.55%"
"11/06/2015","7,784.3","7,865.0","7,945.7","7,744.0","3.41M","-0.52%"
"10/06/2015","7,824.7","7,905.3","7,945.7","7,663.3","5.00M","-1.02%"
"09/06/2015","7,905.3","7,986.0","8,147.3","7,824.7","5.12M","-1.51%"
"08/06/2015","8,026.3","7,986.0","8,228.0","7,986.0","7.28M","1.53%"
"05/06/2015","7,905.3","7,542.3","7,986.0","7,542.3","4.14M","4.81%"
"04/06/2015","7,542.3","7,623.0","7,703.7","7,461.7","6.54M","-0.53%"
"03/06/2015","7,582.7","7,663.3","7,824.7","7,582.7","5.01M","-1.57%"
"02/06/2015","7,703.7","7,945.7","8,066.7","7,703.7","6.27M","-3.05%"
"01/06/2015","7,945.7","7,824.7","8,147.3","7,824.7","5.35M","1.03%"
"29/05/2015","7,865.0","7,945.7","8,066.7","7,824.7","6.08M","-1.02%"
"28/05/2015","7,945.7","7,623.0","8,147.3","7,542.3","6.14M","4.23%"
"27/05/2015","7,623.0","7,502.0","7,703.7","7,502.0","4.36M","0.53%"
"26/05/2015","7,582.7","7,381.0","7,623.0","7,381.0","5.73M","2.17%"
"25/05/2015","7,421.3","7,300.3","7,421.3","7,300.3","2.61M","1.66%"
"22/05/2015","7,300.3","7,260.0","7,340.7","7,139.0","3.62M","1.69%"
"21/05/2015","7,179.3","7,058.3","7,260.0","7,058.3","3.20M","1.14%"
"20/05/2015","7,098.7","6,977.7","7,260.0","6,937.3","2.43M","1.73%"
"19/05/2015","6,977.7","6,856.7","6,977.7","6,856.7","1.16M","2.37%"
"18/05/2015","6,816.3","7,058.3","7,058.3","6,816.3","3.81M","-2.87%"
"15/05/2015","7,018.0","7,219.7","7,219.7","7,018.0","647.62K","-2.79%"
"14/05/2015","7,219.7","7,018.0","7,219.7","7,018.0","1.84M","2.29%"
"13/05/2015","7,058.3","7,058.3","7,139.0","6,937.3","2.03M","-1.13%"
"12/05/2015","7,139.0","7,219.7","7,219.7","7,018.0","2.70M","-1.12%"
"11/05/2015","7,219.7","7,340.7","7,340.7","7,219.7","1.11M","-1.65%"
"08/05/2015","7,340.7","7,219.7","7,340.7","7,139.0","4.00M","1.68%"
"07/05/2015","7,219.7","7,098.7","7,260.0","7,018.0","1.69M","1.70%"
"06/05/2015","7,098.7","7,139.0","7,219.7","7,058.3","3.89M","-0.56%"
"05/05/2015","7,139.0","6,856.7","7,179.3","6,816.3","4.84M","4.12%"
"04/05/2015","6,856.7","7,179.3","7,260.0","6,856.7","4.30M","-5.56%"
"27/04/2015","7,260.0","7,139.0","7,340.7","7,139.0","4.48M","1.69%"
"24/04/2015","7,139.0","7,098.7","7,219.7","7,098.7","2.35M","0.00%"
"23/04/2015","7,139.0","7,058.3","7,179.3","7,018.0","4.02M","0.57%"
"22/04/2015","7,098.7","7,179.3","7,260.0","7,018.0","7.53M","-2.22%"
"21/04/2015","7,260.0","7,340.7","7,421.3","7,260.0","5.25M","-0.55%"
"20/04/2015","7,300.3","7,300.3","7,340.7","7,219.7","3.83M","-0.55%"
"17/04/2015","7,340.7","7,381.0","7,461.7","7,340.7","5.42M","-1.09%"
"16/04/2015","7,421.3","7,300.3","7,421.3","7,260.0","7.04M","1.66%"
"15/04/2015","7,300.3","7,179.3","7,340.7","7,139.0","4.72M","1.12%"
"14/04/2015","7,219.7","7,381.0","7,461.7","7,219.7","8.98M","-1.10%"
"13/04/2015","7,300.3","7,300.3","7,340.7","7,179.3","5.09M","0.56%"
"10/04/2015","7,260.0","7,179.3","7,421.3","7,179.3","7.75M","1.12%"
"09/04/2015","7,179.3","7,018.0","7,179.3","6,937.3","7.88M","2.89%"
"08/04/2015","6,977.7","7,058.3","7,098.7","6,937.3","6.54M","0.00%"
"07/04/2015","6,977.7","6,897.0","7,058.3","6,856.7","9.18M","0.58%"
"06/04/2015","6,937.3","7,018.0","7,058.3","6,937.3","2.86M","-1.15%"
"03/04/2015","7,018.0","7,058.3","7,139.0","7,018.0","3.51M","-0.57%"
"02/04/2015","7,058.3","6,856.7","7,058.3","6,816.3","4.11M","2.94%"
"01/04/2015","6,856.7","6,977.7","7,058.3","6,816.3","3.91M","-1.73%"
"31/03/2015","6,977.7","6,897.0","7,058.3","6,897.0","3.81M","0.58%"
"30/03/2015","6,937.3","7,058.3","7,139.0","6,856.7","3.69M","-2.27%"
"27/03/2015","7,098.7","7,260.0","7,260.0","7,058.3","3.36M","-0.56%"
"26/03/2015","7,139.0","7,098.7","7,340.7","7,098.7","6.17M","-0.56%"
"25/03/2015","7,179.3","7,098.7","7,260.0","7,058.3","3.94M","1.71%"
"24/03/2015","7,058.3","7,098.7","7,139.0","6,897.0","5.17M","-0.57%"
"23/03/2015","7,098.7","7,340.7","7,381.0","7,098.7","4.61M","-2.76%"
"20/03/2015","7,300.3","7,260.0","7,340.7","7,219.7","3.88M","0.56%"
"19/03/2015","7,260.0","7,381.0","7,421.3","7,260.0","3.00M","-1.10%"
"18/03/2015","7,340.7","7,502.0","7,502.0","7,300.3","6.48M","-2.67%"
"17/03/2015","7,542.3","7,582.7","7,663.3","7,542.3","2.82M","-0.53%"
"16/03/2015","7,582.7","7,663.3","7,703.7","7,582.7","2.65M","-1.57%"
"13/03/2015","7,703.7","7,703.7","7,784.3","7,663.3","4.97M","1.06%"
"12/03/2015","7,623.0","7,663.3","7,703.7","7,582.7","3.02M","0.53%"
"11/03/2015","7,582.7","7,582.7","7,784.3","7,502.0","5.69M","0.00%"
"10/03/2015","7,582.7","7,502.0","7,663.3","7,502.0","2.50M","0.53%"
"09/03/2015","7,542.3","7,744.0","7,744.0","7,542.3","3.08M","-2.09%"
"06/03/2015","7,703.7","7,542.3","7,865.0","7,461.7","7.76M","1.60%"
"05/03/2015","7,582.7","7,784.3","7,824.7","7,582.7","5.42M","-2.08%"
"04/03/2015","7,744.0","7,744.0","7,824.7","7,623.0","6.15M","0.00%"
"03/03/2015","7,744.0","7,663.3","7,865.0","7,663.3","7.76M","0.52%"
"02/03/2015","7,703.7","7,744.0","7,784.3","7,582.7","6.41M","-1.55%"
"27/02/2015","7,824.7","7,865.0","7,905.3","7,663.3","8.76M","0.00%"
"26/02/2015","7,824.7","7,623.0","7,824.7","7,623.0","8.66M","3.19%"
"25/02/2015","7,582.7","7,582.7","7,865.0","7,582.7","11.60M","1.08%"
"24/02/2015","7,502.0","7,300.3","7,542.3","7,260.0","3.80M","4.49%"
"13/02/2015","7,179.3","7,219.7","7,300.3","7,139.0","4.23M","-0.56%"
"12/02/2015","7,219.7","7,421.3","7,502.0","7,179.3","5.53M","-2.72%"
"11/02/2015","7,421.3","7,300.3","7,502.0","7,300.3","5.54M","0.00%"
"10/02/2015","7,421.3","7,260.0","7,461.7","7,179.3","5.66M","3.37%"
"09/02/2015","7,179.3","7,098.7","7,340.7","7,058.3","7.90M","0.56%"
"06/02/2015","7,139.0","6,897.0","7,219.7","6,897.0","6.63M","3.51%"
"05/02/2015","6,897.0","6,655.0","6,897.0","6,574.3","6.91M","5.56%"
"04/02/2015","6,534.0","6,574.3","6,655.0","6,332.3","7.54M","-3.57%"
"03/02/2015","6,776.0","7,300.3","7,340.7","6,776.0","7.16M","-6.67%"
"02/02/2015","7,260.0","7,179.3","7,461.7","7,098.7","5.26M","0.00%"
"30/01/2015","7,260.0","7,461.7","7,542.3","7,179.3","6.63M","-4.26%"
"29/01/2015","7,582.7","7,663.3","7,865.0","7,461.7","8.92M","0.53%"
"28/01/2015","7,542.3","7,058.3","7,542.3","7,058.3","11.98M","6.86%"
"27/01/2015","7,058.3","6,897.0","7,179.3","6,776.0","9.14M","2.34%"
"26/01/2015","6,897.0","6,776.0","6,977.7","6,735.7","6.14M","3.01%"
"23/01/2015","6,695.3","6,735.7","6,856.7","6,614.7","4.08M","3.11%"
"22/01/2015","6,493.7","6,090.3","6,493.7","6,009.7","5.60M","6.62%"
"21/01/2015","6,090.3","6,211.3","6,211.3","6,090.3","1.69M","-1.95%"
"20/01/2015","6,211.3","6,292.0","6,332.3","6,211.3","864.71K","-1.91%"
"19/01/2015","6,332.3","6,372.7","6,413.0","6,251.7","3.75M","2.61%"
"16/01/2015","6,171.0","6,130.7","6,251.7","6,050.0","2.47M","0.66%"
"15/01/2015","6,130.7","6,211.3","6,372.7","6,130.7","1.48M","-1.30%"
"14/01/2015","6,211.3","6,332.3","6,413.0","6,090.3","2.72M","-0.65%"
"13/01/2015","6,251.7","6,009.7","6,332.3","5,969.3","2.99M","5.44%"
"12/01/2015","5,929.0","5,888.7","6,090.3","5,848.3","4.35M","1.38%"
"09/01/2015","5,848.3","5,767.7","5,929.0","5,727.3","1.81M","2.84%"
"08/01/2015","5,687.0","5,767.7","5,808.0","5,687.0","633.46K","-2.08%"
"07/01/2015","5,808.0","5,646.7","5,848.3","5,646.7","975.40K","2.86%"
"06/01/2015","5,646.7","5,606.3","5,767.7","5,566.0","260.77K","0.72%"
"05/01/2015","5,606.3","5,566.0","5,646.7","5,566.0","126.18K","0.72%"
"31/12/2014","5,566.0","5,525.7","5,606.3","5,525.7","196.79K","0.73%"
"30/12/2014","5,525.7","5,525.7","5,525.7","5,485.3","293.29K","0.00%"
"29/12/2014","5,525.7","5,566.0","5,566.0","5,485.3","315.28K","0.00%"
"26/12/2014","5,525.7","5,566.0","5,606.3","5,485.3","450.39K","-0.72%"
"25/12/2014","5,566.0","5,525.7","5,566.0","5,525.7","449.64K","0.00%"
"24/12/2014","5,566.0","5,727.3","5,727.3","5,566.0","526.51K","-1.43%"
"23/12/2014","5,646.7","5,727.3","5,727.3","5,606.3","83.11K","-0.71%"
"22/12/2014","5,687.0","5,566.0","5,727.3","5,566.0","234.99K","1.44%"
"19/12/2014","5,606.3","5,606.3","5,646.7","5,566.0","345.80K","0.00%"
"18/12/2014","5,606.3","5,566.0","5,646.7","5,566.0","123.37K","0.72%"
"17/12/2014","5,566.0","5,687.0","5,687.0","5,525.7","1.22M","-1.43%"
"16/12/2014","5,646.7","5,727.3","5,727.3","5,646.7","400.83K","-1.41%"
"15/12/2014","5,727.3","5,767.7","5,767.7","5,727.3","63.41K","-0.70%"
"12/12/2014","5,767.7","5,767.7","5,767.7","5,727.3","153.18K","0.70%"
"11/12/2014","5,727.3","5,727.3","5,767.7","5,727.3","393.09K","0.00%"
"10/12/2014","5,727.3","5,727.3","5,767.7","5,687.0","855.33K","0.00%"
"09/12/2014","5,727.3","5,767.7","5,808.0","5,727.3","673.70K","-1.39%"
"08/12/2014","5,808.0","5,808.0","5,808.0","5,727.3","435.98K","-0.69%"
"05/12/2014","5,848.3","5,888.7","5,969.3","5,848.3","1.07M","0.00%"
"04/12/2014","5,848.3","5,646.7","5,848.3","5,646.7","1.02M","3.57%"
"03/12/2014","5,646.7","5,646.7","5,727.3","5,606.3","1.08M","0.00%"
"02/12/2014","5,646.7","5,687.0","5,687.0","5,646.7","476.47K","0.00%"
"01/12/2014","5,646.7","5,687.0","5,727.3","5,646.7","478.41K","0.00%"
"28/11/2014","5,646.7","5,687.0","5,727.3","5,646.7","463.97K","-0.71%"
"27/11/2014","5,687.0","5,727.3","5,727.3","5,646.7","323.37K","0.00%"
"26/11/2014","5,687.0","5,687.0","5,727.3","5,687.0","183.34K","0.00%"
"25/11/2014","5,687.0","5,687.0","5,767.7","5,687.0","341.79K","0.00%"
"24/11/2014","5,687.0","5,727.3","5,727.3","5,687.0","156.47K","-1.40%"
"21/11/2014","5,767.7","5,767.7","5,808.0","5,687.0","186.22K","0.70%"
"20/11/2014","5,727.3","5,687.0","5,767.7","5,687.0","274.27K","0.71%"
"19/11/2014","5,687.0","5,727.3","5,767.7","5,687.0","150.05K","-0.70%"
"18/11/2014","5,727.3","5,808.0","5,848.3","5,727.3","414.89K","-0.70%"
"17/11/2014","5,767.7","5,767.7","5,808.0","5,727.3","219.03K","0.00%"
"14/11/2014","5,767.7","5,808.0","5,808.0","5,767.7","299.95K","-0.69%"
"13/11/2014","5,808.0","5,808.0","5,848.3","5,808.0","79.08K","0.00%"
"12/11/2014","5,808.0","5,808.0","5,848.3","5,767.7","99.61K","0.70%"
"11/11/2014","5,767.7","5,808.0","5,848.3","5,767.7","248.94K","-0.69%"
"10/11/2014","5,808.0","5,888.7","5,929.0","5,808.0","678.37K","-1.37%"
"07/11/2014","5,888.7","5,929.0","5,929.0","5,848.3","158.16K","0.00%"
"06/11/2014","5,888.7","5,888.7","5,929.0","5,848.3","215.96K","0.00%"
"05/11/2014","5,888.7","5,848.3","5,929.0","5,848.3","399.97K","0.00%"
"04/11/2014","5,888.7","5,888.7","5,929.0","5,848.3","496.24K","0.00%"
"03/11/2014","5,888.7","5,929.0","5,929.0","5,888.7","1.06M","-0.68%"
"31/10/2014","5,929.0","5,646.7","5,929.0","5,606.3","2.28M","5.00%"
"30/10/2014","5,646.7","5,646.7","5,727.3","5,646.7","1.13M","0.00%"
"29/10/2014","5,646.7","5,727.3","5,727.3","5,646.7","1.17M","0.00%"
"28/10/2014","5,646.7","5,687.0","5,727.3","5,646.7","1.07M","-0.71%"
"27/10/2014","5,687.0","5,727.3","5,767.7","5,646.7","493.61K","-0.70%"
"24/10/2014","5,727.3","5,767.7","5,767.7","5,687.0","911.40K","-0.70%"
"23/10/2014","5,767.7","5,767.7","5,808.0","5,727.3","174.72K","0.00%"
"22/10/2014","5,767.7","5,767.7","5,808.0","5,767.7","489.73K","0.00%"
"21/10/2014","5,767.7","5,767.7","5,808.0","5,767.7","545.66K","0.00%"
"20/10/2014","5,767.7","5,808.0","5,808.0","5,767.7","402.93K","0.00%"
"17/10/2014","5,767.7","5,767.7","5,808.0","5,767.7","467.43K","0.00%"
"16/10/2014","5,767.7","5,808.0","5,848.3","5,767.7","703.17K","-1.38%"
"15/10/2014","5,848.3","5,808.0","5,848.3","5,767.7","1.02M","1.40%"
"14/10/2014","5,767.7","5,888.7","5,888.7","5,767.7","782.19K","-1.38%"
"13/10/2014","5,848.3","5,888.7","5,888.7","5,808.0","344.78K","-0.68%"
"10/10/2014","5,888.7","5,888.7","5,929.0","5,848.3","444.42K","0.69%"
"09/10/2014","5,848.3","5,848.3","5,929.0","5,848.3","291.96K","-0.68%"
"08/10/2014","5,888.7","5,888.7","5,929.0","5,848.3","754.84K","0.00%"
"07/10/2014","5,888.7","5,888.7","5,929.0","5,848.3","599.94K","0.00%"
"06/10/2014","5,888.7","5,888.7","5,888.7","5,848.3","377.86K","0.00%"
"03/10/2014","5,888.7","5,888.7","5,929.0","5,848.3","261.04K","-0.68%"
"02/10/2014","5,929.0","5,848.3","5,929.0","5,808.0","1.01M","2.08%"
"01/10/2014","5,808.0","5,888.7","5,888.7","5,808.0","529.47K","0.00%"
"30/09/2014","5,808.0","5,848.3","5,888.7","5,808.0","574.22K","-0.69%"
"29/09/2014","5,848.3","5,888.7","5,888.7","5,848.3","493.76K","-0.68%"
"26/09/2014","5,888.7","5,929.0","5,929.0","5,848.3","800.44K","0.00%"
"25/09/2014","5,888.7","5,848.3","5,929.0","5,848.3","1.16M","0.00%"
"24/09/2014","5,888.7","5,888.7","5,929.0","5,888.7","1.07M","0.00%"
"23/09/2014","5,888.7","5,848.3","5,929.0","5,848.3","952.49K","0.69%"
"22/09/2014","5,848.3","5,848.3","5,929.0","5,848.3","737.15K","0.00%"
"19/09/2014","5,848.3","5,848.3","5,888.7","5,848.3","1.08M","0.00%"
"18/09/2014","5,848.3","5,848.3","5,888.7","5,848.3","709.37K","-0.68%"
"17/09/2014","5,888.7","5,888.7","5,929.0","5,848.3","1.03M","0.00%"
"16/09/2014","5,888.7","5,848.3","5,888.7","5,808.0","893.00K","0.00%"
"15/09/2014","5,888.7","5,888.7","5,929.0","5,848.3","465.68K","0.00%"
"12/09/2014","5,888.7","5,888.7","5,969.3","5,888.7","635.88K","0.00%"
"11/09/2014","5,888.7","5,888.7","5,888.7","5,848.3","470.60K","0.00%"
"10/09/2014","5,888.7","5,888.7","5,929.0","5,848.3","624.91K","0.00%"
"09/09/2014","5,888.7","5,969.3","6,009.7","5,848.3","1.36M","-1.35%"
"08/09/2014","5,969.3","6,009.7","6,050.0","5,969.3","804.43K","-0.67%"
"05/09/2014","6,009.7","6,009.7","6,050.0","5,969.3","770.13K","0.00%"
"04/09/2014","6,009.7","6,090.3","6,130.7","6,009.7","419.64K","-1.97%"
"03/09/2014","6,130.7","6,090.3","6,171.0","6,090.3","2.56M","2.70%"
"29/08/2014","5,969.3","5,929.0","6,171.0","5,929.0","5.86M","1.37%"
"28/08/2014","5,888.7","5,888.7","5,929.0","5,848.3","375.96K","0.69%"
"27/08/2014","5,848.3","5,888.7","5,929.0","5,848.3","439.21K","-1.36%"
"26/08/2014","5,929.0","5,888.7","5,929.0","5,848.3","465.60K","0.68%"
"25/08/2014","5,888.7","5,888.7","5,929.0","5,888.7","788.49K","0.69%"
"22/08/2014","5,848.3","5,848.3","5,888.7","5,848.3","679.93K","0.00%"
"21/08/2014","5,848.3","5,848.3","5,888.7","5,808.0","440.86K","0.00%"
"20/08/2014","5,848.3","5,848.3","5,888.7","5,848.3","595.20K","0.00%"
"19/08/2014","5,848.3","5,848.3","5,929.0","5,848.3","533.04K","0.00%"
"18/08/2014","5,848.3","5,888.7","5,888.7","5,848.3","603.92K","-0.68%"
"15/08/2014","5,888.7","5,888.7","5,929.0","5,848.3","812.02K","0.00%"
"14/08/2014","5,888.7","5,888.7","5,929.0","5,848.3","506.69K","0.00%"
"13/08/2014","5,888.7","5,888.7","5,929.0","5,848.3","534.81K","0.00%"
"12/08/2014","5,888.7","5,848.3","5,929.0","5,848.3","426.61K","0.00%"
"11/08/2014","5,888.7","5,888.7","5,929.0","5,888.7","405.35K","0.00%"
"08/08/2014","5,888.7","5,888.7","5,929.0","5,848.3","461.59K","0.00%"
"07/08/2014","5,888.7","5,888.7","5,929.0","5,848.3","196.27K","0.00%"
"06/08/2014","5,888.7","5,929.0","5,929.0","5,888.7","255.91K","-0.68%"
"05/08/2014","5,929.0","5,888.7","5,929.0","5,848.3","531.35K","0.68%"
"04/08/2014","5,888.7","5,888.7","5,929.0","5,888.7","540.42K","-0.68%"
"01/08/2014","5,929.0","5,929.0","5,929.0","5,888.7","391.75K","0.00%"
"31/07/2014","5,929.0","5,848.3","5,929.0","5,848.3","353.54K","1.38%"
"30/07/2014","5,848.3","5,848.3","5,929.0","5,848.3","390.21K","-0.68%"
"29/07/2014","5,888.7","5,888.7","5,888.7","5,848.3","354.33K","0.00%"
"28/07/2014","5,888.7","5,888.7","5,929.0","5,848.3","633.48K","0.00%"
"25/07/2014","5,888.7","5,929.0","5,969.3","5,888.7","604.36K","-1.35%"
"24/07/2014","5,969.3","5,888.7","6,009.7","5,888.7","1.14M","1.37%"
"23/07/2014","5,888.7","5,929.0","5,929.0","5,888.7","196.63K","0.00%"
"22/07/2014","5,888.7","5,929.0","5,929.0","5,888.7","435.02K","-0.68%"
"21/07/2014","5,929.0","5,969.3","6,009.7","5,888.7","726.79K","-0.68%"
"18/07/2014","5,969.3","5,888.7","6,009.7","5,888.7","1.13M","1.37%"
"17/07/2014","5,888.7","5,888.7","5,969.3","5,888.7","445.13K","-0.68%"
"16/07/2014","5,929.0","5,969.3","6,009.7","5,929.0","961.02K","0.00%"
"15/07/2014","5,929.0","5,929.0","5,969.3","5,888.7","877.98K","0.00%"
"14/07/2014","5,929.0","5,929.0","5,929.0","5,888.7","207.81K","0.68%"
"11/07/2014","5,888.7","5,929.0","5,929.0","5,848.3","532.06K","0.00%"
"10/07/2014","5,888.7","5,969.3","5,969.3","5,888.7","968.51K","-1.35%"
"09/07/2014","5,969.3","5,929.0","5,969.3","5,888.7","733.82K","0.68%"
"08/07/2014","5,929.0","5,929.0","5,969.3","5,888.7","940.64K","0.00%"
"07/07/2014","5,929.0","5,929.0","5,969.3","5,888.7","697.35K","0.00%"
"04/07/2014","5,929.0","5,929.0","5,969.3","5,888.7","993.59K","0.00%"
"03/07/2014","5,929.0","5,848.3","5,929.0","5,848.3","928.92K","1.38%"
"02/07/2014","5,848.3","5,888.7","5,888.7","5,808.0","639.97K","-0.68%"
"01/07/2014","5,888.7","5,848.3","5,888.7","5,808.0","529.18K","0.69%"
"30/06/2014","5,848.3","5,888.7","5,929.0","5,848.3","677.37K","-0.68%"
"27/06/2014","5,888.7","5,888.7","5,929.0","5,848.3","318.89K","0.00%"
"26/06/2014","5,888.7","5,888.7","5,969.3","5,888.7","835.30K","-0.68%"
"25/06/2014","5,929.0","5,929.0","5,969.3","5,929.0","430.14K","-0.68%"
"24/06/2014","5,969.3","5,929.0","5,969.3","5,888.7","726.66K","0.68%"
"23/06/2014","5,929.0","5,888.7","5,929.0","5,888.7","226.75K","0.00%"
"20/06/2014","5,929.0","5,929.0","5,929.0","5,888.7","424.92K","0.00%"
"19/06/2014","5,929.0","5,929.0","5,969.3","5,888.7","497.28K","-0.68%"
"18/06/2014","5,969.3","5,929.0","5,969.3","5,929.0","802.20K","0.68%"
"17/06/2014","5,929.0","5,888.7","5,929.0","5,888.7","303.99K","0.68%"
"16/06/2014","5,888.7","5,969.3","5,969.3","5,888.7","394.88K","-0.68%"
"13/06/2014","5,929.0","5,888.7","5,969.3","5,848.3","560.51K","0.68%"
"12/06/2014","5,888.7","5,888.7","5,929.0","5,888.7","986.35K","0.00%"
"11/06/2014","5,888.7","5,848.3","5,888.7","5,848.3","220.74K","0.69%"
"10/06/2014","5,848.3","5,848.3","5,929.0","5,848.3","558.86K","-1.36%"
"09/06/2014","5,929.0","5,888.7","5,969.3","5,848.3","641.22K","0.68%"
"06/06/2014","5,888.7","5,848.3","5,888.7","5,848.3","258.04K","0.00%"
"05/06/2014","5,888.7","5,848.3","5,888.7","5,808.0","311.25K","0.69%"
"04/06/2014","5,848.3","5,929.0","5,929.0","5,848.3","461.45K","-0.68%"
"03/06/2014","5,888.7","5,969.3","5,969.3","5,888.7","266.68K","-1.35%"
"02/06/2014","5,969.3","6,050.0","6,050.0","5,929.0","434.79K","-0.67%"
"30/05/2014","6,009.7","5,969.3","6,009.7","5,929.0","486.23K","0.68%"
"29/05/2014","5,969.3","5,969.3","6,009.7","5,969.3","646.22K","0.00%"
"28/05/2014","5,969.3","6,009.7","6,050.0","5,969.3","674.30K","0.00%"
"27/05/2014","5,969.3","5,929.0","6,009.7","5,888.7","1.09M","1.37%"
"26/05/2014","5,888.7","5,929.0","5,929.0","5,848.3","543.64K","-0.68%"
"23/05/2014","5,929.0","5,929.0","5,969.3","5,888.7","317.05K","0.68%"
"22/05/2014","5,888.7","5,969.3","6,050.0","5,888.7","1.01M","-2.67%"
"21/05/2014","6,050.0","5,929.0","6,050.0","5,888.7","1.20M","4.90%"
"20/05/2014","5,767.7","5,767.7","5,805.4","5,730.0","968.35K","0.00%"
"19/05/2014","5,767.7","5,805.4","5,843.1","5,767.7","1.23M","-0.65%"
"16/05/2014","5,805.4","5,692.3","5,805.4","5,654.6","743.08K","1.32%"
"15/05/2014","5,730.0","5,767.7","5,918.5","5,730.0","1.21M","-2.56%"
"14/05/2014","5,880.8","5,616.9","5,880.8","5,616.9","1.37M","4.70%"
"13/05/2014","5,616.9","5,579.2","5,654.6","5,579.2","1.35M","0.00%"
"12/05/2014","5,616.9","5,805.4","5,805.4","5,579.2","1.83M","-3.87%"
"09/05/2014","5,843.1","5,616.9","5,843.1","5,616.9","1.48M","4.03%"
"08/05/2014","5,616.9","5,805.4","5,805.4","5,541.5","2.51M","-5.10%"
"07/05/2014","5,918.5","5,843.1","5,918.5","5,767.7","527.20K","1.29%"
"06/05/2014","5,843.1","5,880.8","5,880.8","5,730.0","1.62M","0.00%"
"05/05/2014","5,843.1","5,918.5","5,993.8","5,843.1","943.02K","-1.90%"
"29/04/2014","5,956.2","5,918.5","5,993.8","5,918.5","860.85K","0.00%"
"28/04/2014","5,956.2","5,993.8","5,993.8","5,918.5","305.37K","0.00%"
"25/04/2014","5,956.2","5,993.8","6,031.5","5,956.2","634.19K","-0.63%"
"24/04/2014","5,993.8","5,993.8","6,031.5","5,956.2","318.39K","-0.63%"
"23/04/2014","6,031.5","6,031.5","6,106.9","5,993.8","846.02K","0.00%"
"22/04/2014","6,031.5","5,880.8","6,031.5","5,880.8","1.23M","2.56%"
"21/04/2014","5,880.8","5,993.8","5,993.8","5,880.8","1.60M","-1.27%"
"18/04/2014","5,956.2","6,106.9","6,106.9","5,956.2","1.21M","-1.86%"
"17/04/2014","6,069.2","6,031.5","6,144.6","6,031.5","1.14M","0.62%"
"16/04/2014","6,031.5","6,106.9","6,106.9","5,956.2","3.16M","-1.23%"
"15/04/2014","6,106.9","6,220.0","6,257.7","6,106.9","1.91M","-1.82%"
"14/04/2014","6,220.0","6,295.4","6,295.4","6,220.0","1.01M","-0.60%"
"11/04/2014","6,257.7","6,295.4","6,295.4","6,257.7","1.36M","-1.19%"
"10/04/2014","6,333.1","6,295.4","6,333.1","6,257.7","1.08M","0.60%"
"08/04/2014","6,295.4","6,295.4","6,333.1","6,295.4","1.73M","0.00%"
"07/04/2014","6,295.4","6,333.1","6,333.1","6,257.7","4.35M","-0.60%"
"04/04/2014","6,333.1","6,370.8","6,370.8","6,295.4","643.64K","0.00%"
"03/04/2014","6,333.1","6,333.1","6,370.8","6,257.7","808.89K","1.20%"
"02/04/2014","6,257.7","6,295.4","6,333.1","6,220.0","2.79M","0.00%"
"01/04/2014","6,257.7","6,370.8","6,370.8","6,257.7","1.60M","-1.78%"
"31/03/2014","6,370.8","6,446.2","6,446.2","6,333.1","1.50M","-1.17%"
"28/03/2014","6,446.2","6,446.2","6,483.9","6,370.8","1.66M","0.59%"
"27/03/2014","6,408.5","6,446.2","6,446.2","6,333.1","2.80M","-0.58%"
"26/03/2014","6,446.2","6,597.0","6,634.7","6,446.2","3.90M","-2.84%"
"25/03/2014","6,634.7","6,672.4","6,710.1","6,597.0","4.68M","-0.56%"
"24/03/2014","6,672.4","6,559.3","6,672.4","6,559.3","5.08M","2.31%"
"21/03/2014","6,521.6","6,483.9","6,559.3","6,483.9","3.07M","1.17%"
"20/03/2014","6,446.2","6,521.6","6,559.3","6,408.5","2.34M","-0.58%"
"19/03/2014","6,483.9","6,370.8","6,521.6","6,370.8","3.34M","2.38%"
"18/03/2014","6,333.1","6,370.8","6,408.5","6,333.1","2.55M","-0.59%"
"17/03/2014","6,370.8","6,370.8","6,408.5","6,333.1","2.52M","0.60%"
"14/03/2014","6,333.1","6,333.1","6,408.5","6,333.1","1.92M","0.00%"
"13/03/2014","6,333.1","6,333.1","6,370.8","6,295.4","1.68M","0.00%"
"12/03/2014","6,333.1","6,408.5","6,408.5","6,333.1","2.17M","-1.18%"
"11/03/2014","6,408.5","6,446.2","6,446.2","6,370.8","2.59M","0.00%"
"10/03/2014","6,408.5","6,446.2","6,446.2","6,408.5","2.37M","0.00%"
"07/03/2014","6,408.5","6,370.8","6,446.2","6,333.1","2.60M","0.59%"
"06/03/2014","6,370.8","6,370.8","6,408.5","6,333.1","2.67M","0.00%"
"05/03/2014","6,370.8","6,408.5","6,446.2","6,333.1","1.48M","0.00%"
"04/03/2014","6,370.8","6,408.5","6,446.2","6,295.4","2.72M","-1.17%"
"03/03/2014","6,446.2","6,597.0","6,597.0","6,408.5","3.18M","-2.84%"
"28/02/2014","6,634.7","6,521.6","6,634.7","6,521.6","4.46M","1.73%"
"27/02/2014","6,521.6","6,446.2","6,710.1","6,408.5","10.75M","1.76%"
"26/02/2014","6,408.5","6,370.8","6,483.9","6,333.1","5.13M","1.80%"
"25/02/2014","6,295.4","6,333.1","6,370.8","6,257.7","2.40M","-0.60%"
"24/02/2014","6,333.1","6,370.8","6,408.5","6,295.4","1.11M","0.00%"
"21/02/2014","6,333.1","6,370.8","6,370.8","6,257.7","1.10M","-0.59%"
"20/02/2014","6,370.8","6,295.4","6,559.3","6,295.4","5.66M","1.20%"
"19/02/2014","6,295.4","6,333.1","6,370.8","6,257.7","3.33M","-0.60%"
"18/02/2014","6,333.1","6,333.1","6,370.8","6,257.7","3.66M","0.00%"
"17/02/2014","6,333.1","6,370.8","6,370.8","6,295.4","1.70M","-0.59%"
"14/02/2014","6,370.8","6,370.8","6,446.2","6,333.1","2.75M","0.00%"
"13/02/2014","6,370.8","6,333.1","6,370.8","6,295.4","2.77M","1.20%"
"12/02/2014","6,295.4","6,295.4","6,333.1","6,257.7","1.84M","0.60%"
"11/02/2014","6,257.7","6,295.4","6,370.8","6,220.0","3.01M","0.00%"
"10/02/2014","6,257.7","6,257.7","6,333.1","6,220.0","2.37M","-0.60%"
"07/02/2014","6,295.4","6,295.4","6,370.8","6,257.7","1.20M","-0.60%"
"06/02/2014","6,333.1","6,333.1","6,370.8","6,257.7","1.55M","-0.59%"
"27/01/2014","6,370.8","6,370.8","6,446.2","6,333.1","880.13K","0.00%"
"24/01/2014","6,370.8","6,521.6","6,521.6","6,333.1","2.04M","-1.17%"
"23/01/2014","6,446.2","6,295.4","6,559.3","6,257.7","3.90M","2.40%"
"22/01/2014","6,295.4","6,220.0","6,295.4","6,144.6","3.18M","1.21%"
"21/01/2014","6,220.0","6,220.0","6,220.0","6,144.6","916.53K","1.23%"
"20/01/2014","6,144.6","6,144.6","6,220.0","6,144.6","1.42M","0.00%"
"17/01/2014","6,144.6","6,106.9","6,257.7","6,031.5","4.61M","1.87%"
"16/01/2014","6,031.5","6,069.2","6,106.9","6,031.5","1.80M","-1.23%"
"15/01/2014","6,106.9","6,106.9","6,106.9","6,069.2","1.62M","0.00%"
"14/01/2014","6,106.9","6,106.9","6,144.6","6,069.2","1.16M","0.00%"
"13/01/2014","6,106.9","6,106.9","6,144.6","6,069.2","1.97M","0.00%"
"10/01/2014","6,106.9","6,106.9","6,182.3","6,106.9","3.26M","-0.61%"
"09/01/2014","6,144.6","6,144.6","6,182.3","6,144.6","1.33M","-0.61%"
"08/01/2014","6,182.3","6,257.7","6,257.7","6,144.6","1.80M","-0.61%"
"07/01/2014","6,220.0","6,257.7","6,370.8","6,220.0","3.22M","1.85%"
"06/01/2014","6,106.9","6,182.3","6,182.3","6,106.9","674.97K","-0.61%"
"03/01/2014","6,144.6","6,182.3","6,182.3","6,069.2","846.17K","-0.61%"
"02/01/2014","6,182.3","6,220.0","6,220.0","6,144.6","326.29K","1.23%"
"31/12/2013","6,106.9","5,993.8","6,144.6","5,993.8","782.36K","1.25%"
"30/12/2013","6,031.5","6,144.6","6,144.6","6,031.5","1.45M","-1.84%"
"27/12/2013","6,144.6","6,220.0","6,220.0","6,144.6","698.69K","-1.21%"
"26/12/2013","6,220.0","6,220.0","6,257.7","6,182.3","557.84K","0.00%"
"25/12/2013","6,220.0","6,220.0","6,257.7","6,182.3","443.78K","-0.60%"
"24/12/2013","6,257.7","6,295.4","6,295.4","6,220.0","1.60M","-0.60%"
"23/12/2013","6,295.4","6,295.4","6,333.1","6,295.4","362.30K","0.00%"
"20/12/2013","6,295.4","6,295.4","6,333.1","6,257.7","543.24K","0.00%"
"19/12/2013","6,295.4","6,295.4","6,370.8","6,257.7","1.19M","0.00%"
"18/12/2013","6,295.4","6,295.4","6,333.1","6,257.7","746.83K","-0.60%"
"17/12/2013","6,333.1","6,370.8","6,370.8","6,257.7","1.87M","-0.59%"
"16/12/2013","6,370.8","6,370.8","6,408.5","6,333.1","398.47K","0.00%"
"13/12/2013","6,370.8","6,408.5","6,408.5","6,333.1","693.16K","0.00%"
"12/12/2013","6,370.8","6,333.1","6,370.8","6,333.1","972.87K","0.00%"
"11/12/2013","6,370.8","6,446.2","6,446.2","6,370.8","1.24M","-1.17%"
"10/12/2013","6,446.2","6,446.2","6,446.2","6,408.5","693.10K","0.00%"
"09/12/2013","6,446.2","6,483.9","6,483.9","6,446.2","568.79K","-0.58%"
"06/12/2013","6,483.9","6,446.2","6,483.9","6,408.5","2.28M","0.58%"
"05/12/2013","6,446.2","6,483.9","6,483.9","6,408.5","1.20M","-0.58%"
"04/12/2013","6,483.9","6,446.2","6,483.9","6,446.2","1.62M","0.58%"
"03/12/2013","6,446.2","6,521.6","6,521.6","6,408.5","1.90M","-1.16%"
"02/12/2013","6,521.6","6,483.9","6,521.6","6,483.9","524.21K","0.58%"
"29/11/2013","6,483.9","6,521.6","6,521.6","6,483.9","778.87K","0.00%"
"28/11/2013","6,483.9","6,483.9","6,559.3","6,446.2","984.18K","0.00%"
"27/11/2013","6,483.9","6,483.9","6,521.6","6,446.2","1.21M","0.00%"
"26/11/2013","6,483.9","6,483.9","6,483.9","6,408.5","2.30M","0.58%"
"25/11/2013","6,446.2","6,483.9","6,483.9","6,446.2","471.17K","0.00%"
"22/11/2013","6,446.2","6,483.9","6,483.9","6,446.2","631.64K","0.00%"
"21/11/2013","6,446.2","6,446.2","6,521.6","6,446.2","2.06M","0.00%"
"20/11/2013","6,446.2","6,483.9","6,483.9","6,408.5","804.01K","-0.58%"
"19/11/2013","6,483.9","6,521.6","6,521.6","6,483.9","653.76K","0.00%"
"18/11/2013","6,483.9","6,446.2","6,521.6","6,446.2","779.17K","0.00%"
"15/11/2013","6,483.9","6,446.2","6,521.6","6,446.2","893.06K","0.58%"
"14/11/2013","6,446.2","6,446.2","6,483.9","6,408.5","501.81K","0.00%"
"13/11/2013","6,446.2","6,483.9","6,483.9","6,446.2","684.86K","-0.58%"
"12/11/2013","6,483.9","6,483.9","6,521.6","6,446.2","1.03M","-0.58%"
"11/11/2013","6,521.6","6,446.2","6,521.6","6,446.2","1.46M","0.00%"
"08/11/2013","6,521.6","6,521.6","6,521.6","6,446.2","768.80K","0.00%"
"07/11/2013","6,521.6","6,521.6","6,559.3","6,483.9","673.68K","0.00%"
"06/11/2013","6,521.6","6,521.6","6,559.3","6,483.9","859.58K","0.00%"
"05/11/2013","6,521.6","6,559.3","6,559.3","6,483.9","579.35K","-0.57%"
"04/11/2013","6,559.3","6,597.0","6,597.0","6,521.6","902.37K","-0.57%"
"01/11/2013","6,597.0","6,634.7","6,634.7","6,559.3","510.82K","0.57%"
"31/10/2013","6,559.3","6,672.4","6,672.4","6,559.3","437.19K","-1.69%"
"30/10/2013","6,672.4","6,559.3","6,710.1","6,559.3","2.25M","1.72%"
"29/10/2013","6,559.3","6,521.6","6,559.3","6,521.6","599.10K","0.58%"
"28/10/2013","6,521.6","6,597.0","6,597.0","6,521.6","483.29K","-1.14%"
"25/10/2013","6,597.0","6,559.3","6,634.7","6,521.6","824.47K","0.00%"
"24/10/2013","6,597.0","6,559.3","6,672.4","6,521.6","1.39M","0.57%"
"23/10/2013","6,559.3","6,559.3","6,597.0","6,559.3","557.36K","0.00%"
"22/10/2013","6,559.3","6,672.4","6,672.4","6,559.3","564.37K","-1.69%"
"21/10/2013","6,672.4","6,672.4","6,710.1","6,634.7","1.94M","0.00%"
"18/10/2013","6,672.4","6,672.4","6,672.4","6,634.7","544.72K","0.00%"
"17/10/2013","6,672.4","6,710.1","6,747.8","6,634.7","2.39M","0.57%"
"16/10/2013","6,634.7","6,483.9","6,710.1","6,483.9","3.36M","1.73%"
"15/10/2013","6,521.6","6,521.6","6,559.3","6,483.9","1.14M","0.00%"
"14/10/2013","6,521.6","6,521.6","6,559.3","6,483.9","654.03K","0.00%"
"11/10/2013","6,521.6","6,559.3","6,597.0","6,521.6","1.10M","-0.57%"
"10/10/2013","6,559.3","6,521.6","6,597.0","6,521.6","1.20M","0.00%"
"09/10/2013","6,559.3","6,634.7","6,672.4","6,559.3","1.22M","-1.69%"
"08/10/2013","6,672.4","6,634.7","6,747.8","6,597.0","2.54M","0.57%"
"07/10/2013","6,634.7","6,408.5","6,634.7","6,370.8","2.53M","4.14%"
"04/10/2013","6,370.8","6,370.8","6,408.5","6,333.1","1.05M","-0.59%"
"03/10/2013","6,408.5","6,408.5","6,408.5","6,333.1","1.23M","0.00%"
"02/10/2013","6,408.5","6,408.5","6,446.2","6,370.8","999.24K","0.00%"
"01/10/2013","6,408.5","6,295.4","6,483.9","6,295.4","3.34M","2.41%"
"30/09/2013","6,257.7","6,144.6","6,370.8","6,144.6","1.70M","2.47%"
"27/09/2013","6,106.9","6,182.3","6,182.3","6,106.9","479.91K","-1.22%"
"26/09/2013","6,182.3","6,182.3","6,182.3","6,106.9","308.50K","0.00%"
"25/09/2013","6,182.3","6,106.9","6,182.3","6,069.2","880.55K","1.86%"
"24/09/2013","6,069.2","6,069.2","6,144.6","6,031.5","792.89K","0.00%"
"23/09/2013","6,069.2","6,031.5","6,069.2","5,993.8","580.77K","0.62%"
"20/09/2013","6,031.5","6,069.2","6,106.9","6,031.5","638.51K","0.00%"
"19/09/2013","6,031.5","5,956.2","6,069.2","5,956.2","597.89K","1.91%"
"18/09/2013","5,918.5","5,993.8","6,031.5","5,880.8","1.47M","-1.88%"
"17/09/2013","6,031.5","6,069.2","6,069.2","5,993.8","940.73K","-0.62%"
"16/09/2013","6,069.2","6,182.3","6,182.3","6,069.2","737.97K","-1.23%"
"13/09/2013","6,144.6","6,182.3","6,220.0","6,144.6","992.09K","-0.61%"
"12/09/2013","6,182.3","6,220.0","6,257.7","6,182.3","953.01K","-0.61%"
"11/09/2013","6,220.0","6,295.4","6,333.1","6,220.0","811.83K","-0.60%"
"10/09/2013","6,257.7","6,257.7","6,333.1","6,220.0","759.98K","0.61%"
"09/09/2013","6,220.0","6,333.1","6,370.8","6,220.0","908.39K","-1.20%"
"06/09/2013","6,295.4","6,483.9","6,483.9","6,295.4","2.40M","-0.77%"
"05/09/2013","6,344.1","6,311.5","6,376.6","6,311.5","1.30M","0.52%"
"04/09/2013","6,311.5","6,246.5","6,344.1","6,246.5","1.14M","0.52%"
"03/09/2013","6,279.0","6,376.6","6,409.1","6,279.0","1.54M","-1.03%"
"30/08/2013","6,344.1","6,344.1","6,344.1","6,246.5","1.92M","0.52%"
"29/08/2013","6,311.5","6,376.6","6,441.7","6,279.0","4.06M","2.65%"
"28/08/2013","6,148.9","6,246.5","6,246.5","6,083.8","1.41M","-1.56%"
"27/08/2013","6,246.5","6,181.4","6,279.0","6,148.9","878.63K","1.59%"
"26/08/2013","6,148.9","6,213.9","6,213.9","6,116.3","950.67K","-0.53%"
"23/08/2013","6,181.4","6,246.5","6,246.5","6,148.9","1.53M","0.00%"
"22/08/2013","6,181.4","6,246.5","6,279.0","6,181.4","849.69K","-1.04%"
"21/08/2013","6,246.5","6,279.0","6,279.0","6,246.5","614.09K","-0.52%"
"20/08/2013","6,279.0","6,344.1","6,344.1","6,279.0","880.29K","-1.03%"
"19/08/2013","6,344.1","6,344.1","6,376.6","6,311.5","589.10K","0.52%"
"16/08/2013","6,311.5","6,344.1","6,344.1","6,279.0","794.89K","0.00%"
"15/08/2013","6,311.5","6,311.5","6,376.6","6,279.0","1.28M","1.57%"
"14/08/2013","6,213.9","6,181.4","6,213.9","6,181.4","864.78K","0.53%"
"13/08/2013","6,181.4","6,181.4","6,213.9","6,181.4","1.32M","0.00%"
"12/08/2013","6,181.4","6,246.5","6,246.5","6,181.4","483.40K","-0.52%"
"09/08/2013","6,213.9","6,246.5","6,246.5","6,181.4","253.40K","0.00%"
"08/08/2013","6,213.9","6,246.5","6,246.5","6,213.9","487.93K","0.00%"
"07/08/2013","6,213.9","6,246.5","6,246.5","6,213.9","301.51K","-0.52%"
"06/08/2013","6,246.5","6,246.5","6,246.5","6,213.9","460.86K","0.00%"
"05/08/2013","6,246.5","6,279.0","6,279.0","6,246.5","300.02K","-0.52%"
"02/08/2013","6,279.0","6,279.0","6,344.1","6,279.0","135.28K","0.00%"
"01/08/2013","6,279.0","6,213.9","6,311.5","6,213.9","113.11K","0.52%"
"31/07/2013","6,246.5","6,279.0","6,279.0","6,246.5","352.32K","-0.52%"
"30/07/2013","6,279.0","6,246.5","6,311.5","6,246.5","449.36K","0.52%"
"29/07/2013","6,246.5","6,344.1","6,344.1","6,246.5","718.30K","-1.54%"
"26/07/2013","6,344.1","6,376.6","6,376.6","6,279.0","619.14K","0.00%"
"25/07/2013","6,344.1","6,376.6","6,409.1","6,344.1","535.70K","0.00%"
"24/07/2013","6,344.1","6,474.2","6,474.2","6,344.1","1.11M","-2.01%"
"23/07/2013","6,474.2","6,376.6","6,474.2","6,376.6","874.23K","1.53%"
"22/07/2013","6,376.6","6,474.2","6,506.7","6,376.6","375.68K","-1.01%"
"19/07/2013","6,441.7","6,539.3","6,539.3","6,409.1","727.02K","0.51%"
"18/07/2013","6,409.1","6,506.7","6,506.7","6,409.1","767.13K","-1.50%"
"17/07/2013","6,506.7","6,506.7","6,506.7","6,441.7","483.95K","0.50%"
"16/07/2013","6,474.2","6,571.8","6,571.8","6,474.2","766.82K","-0.50%"
"15/07/2013","6,506.7","6,539.3","6,636.9","6,506.7","1.28M","1.01%"
"12/07/2013","6,441.7","6,376.6","6,441.7","6,376.6","367.25K","1.54%"
"11/07/2013","6,344.1","6,376.6","6,376.6","6,344.1","210.89K","-0.51%"
"10/07/2013","6,376.6","6,409.1","6,441.7","6,376.6","274.39K","-0.51%"
"09/07/2013","6,409.1","6,409.1","6,441.7","6,344.1","451.52K","0.51%"
"08/07/2013","6,376.6","6,376.6","6,409.1","6,344.1","437.74K","0.51%"
"05/07/2013","6,344.1","6,376.6","6,409.1","6,344.1","644.04K","0.00%"
"04/07/2013","6,344.1","6,441.7","6,441.7","6,344.1","586.31K","-0.51%"
"03/07/2013","6,376.6","6,409.1","6,441.7","6,376.6","375.77K","0.51%"
"02/07/2013","6,344.1","6,344.1","6,409.1","6,344.1","855.64K","0.00%"
"01/07/2013","6,344.1","6,506.7","6,506.7","6,344.1","588.59K","-2.50%"
"28/06/2013","6,506.7","6,539.3","6,636.9","6,474.2","7.59M","-0.50%"
"27/06/2013","6,539.3","6,474.2","6,636.9","6,409.1","7.99M","2.55%"
"26/06/2013","6,376.6","6,213.9","6,474.2","6,213.9","4.50M","2.62%"
"25/06/2013","6,213.9","6,376.6","6,376.6","6,116.3","4.85M","-2.55%"
"24/06/2013","6,376.6","6,376.6","6,506.7","6,311.5","3.93M","0.51%"
"21/06/2013","6,344.1","6,279.0","6,344.1","6,246.5","1.84M","0.52%"
"20/06/2013","6,311.5","6,344.1","6,409.1","6,279.0","2.77M","-1.02%"
"19/06/2013","6,376.6","6,181.4","6,441.7","6,181.4","3.22M","3.70%"
"18/06/2013","6,148.9","6,116.3","6,181.4","6,083.8","1.37M","0.00%"
"17/06/2013","6,148.9","6,279.0","6,279.0","6,148.9","2.70M","-2.07%"
"14/06/2013","6,279.0","6,344.1","6,376.6","6,246.5","2.65M","0.00%"
"13/06/2013","6,279.0","6,344.1","6,376.6","6,246.5","1.96M","-1.03%"
"12/06/2013","6,344.1","6,279.0","6,441.7","6,279.0","2.04M","0.00%"
"11/06/2013","6,344.1","6,474.2","6,474.2","6,344.1","4.11M","-2.50%"
"10/06/2013","6,506.7","6,832.1","6,832.1","6,506.7","3.73M","-4.31%"
"07/06/2013","6,799.6","6,636.9","6,832.1","6,539.3","9.37M","6.09%"
"06/06/2013","6,409.1","6,116.3","6,409.1","6,083.8","10.78M","6.49%"
"05/06/2013","6,018.7","6,051.3","6,051.3","5,953.7","2.49M","-0.54%"
"04/06/2013","6,051.3","6,116.3","6,148.9","6,051.3","2.11M","-1.06%"
"03/06/2013","6,116.3","6,148.9","6,213.9","6,083.8","2.38M","0.00%"
"31/05/2013","6,116.3","6,116.3","6,246.5","6,116.3","5.56M","1.08%"
"30/05/2013","6,051.3","6,018.7","6,051.3","6,018.7","969.42K","0.00%"
"29/05/2013","6,051.3","6,083.8","6,116.3","6,018.7","2.60M","0.00%"
"28/05/2013","6,051.3","6,083.8","6,116.3","6,018.7","1.57M","0.00%"
"27/05/2013","6,051.3","6,083.8","6,116.3","6,018.7","2.03M","0.00%"
"24/05/2013","6,051.3","6,018.7","6,083.8","5,986.2","1.24M","0.54%"
"23/05/2013","6,018.7","6,116.3","6,116.3","6,018.7","1.57M","-1.60%"
"22/05/2013","6,116.3","6,213.9","6,246.5","6,116.3","2.00M","-0.53%"
"21/05/2013","6,148.9","6,148.9","6,213.9","6,116.3","2.45M","0.53%"
"20/05/2013","6,116.3","6,116.3","6,148.9","6,083.8","1.13M","0.00%"
"17/05/2013","6,116.3","6,116.3","6,148.9","6,083.8","907.14K","0.53%"
"16/05/2013","6,083.8","6,051.3","6,181.4","6,051.3","1.96M","0.00%"
"15/05/2013","6,083.8","6,051.3","6,083.8","6,018.7","793.36K","0.54%"
"14/05/2013","6,051.3","6,018.7","6,051.3","5,953.7","968.22K","0.54%"
"13/05/2013","6,018.7","6,083.8","6,083.8","6,018.7","552.63K","0.00%"
"10/05/2013","6,018.7","6,051.3","6,051.3","6,018.7","1.15M","0.00%"
"09/05/2013","6,018.7","6,051.3","6,083.8","6,018.7","1.05M","0.54%"
"08/05/2013","5,986.2","6,116.3","6,116.3","5,986.2","997.64K","-2.13%"
"07/05/2013","6,116.3","6,181.4","6,213.9","6,083.8","1.51M","-1.05%"
"06/05/2013","6,181.4","6,148.9","6,213.9","6,116.3","1.49M","1.60%"
"03/05/2013","6,083.8","5,986.2","6,083.8","5,986.2","2.49M","2.19%"
"02/05/2013","5,953.7","5,953.7","6,018.7","5,953.7","824.87K","-0.54%"
"26/04/2013","5,986.2","5,986.2","6,018.7","5,953.7","897.26K","0.55%"
"25/04/2013","5,953.7","5,986.2","5,986.2","5,921.1","857.95K","0.55%"
"24/04/2013","5,921.1","5,953.7","6,018.7","5,921.1","1.51M","-0.55%"
"23/04/2013","5,953.7","5,921.1","6,018.7","5,921.1","1.35M","1.10%"
"22/04/2013","5,888.6","5,986.2","6,018.7","5,888.6","3.35M","-1.63%"
"18/04/2013","5,986.2","6,018.7","6,051.3","5,953.7","3.05M","-1.60%"
"17/04/2013","6,083.8","6,083.8","6,116.3","6,051.3","2.48M","0.54%"
"16/04/2013","6,051.3","6,018.7","6,083.8","5,921.1","3.25M","0.00%"
"15/04/2013","6,051.3","6,279.0","6,279.0","6,051.3","4.93M","-3.13%"
"12/04/2013","6,246.5","6,279.0","6,409.1","6,181.4","2.38M","-0.52%"
"11/04/2013","6,279.0","6,344.1","6,344.1","6,246.5","2.77M","-0.52%"
"10/04/2013","6,311.5","6,409.1","6,506.7","6,311.5","3.41M","-1.52%"
"09/04/2013","6,409.1","6,474.2","6,474.2","6,409.1","2.65M","-1.01%"
"08/04/2013","6,474.2","6,506.7","6,571.8","6,441.7","2.92M","0.00%"
"05/04/2013","6,474.2","6,506.7","6,506.7","6,409.1","2.87M","-0.50%"
"04/04/2013","6,506.7","6,441.7","6,604.3","6,409.1","5.42M","1.01%"
"03/04/2013","6,441.7","6,539.3","6,669.4","6,376.6","5.18M","-1.00%"
"02/04/2013","6,506.7","6,279.0","6,636.9","6,246.5","16.57M","4.71%"
"01/04/2013","6,213.9","6,116.3","6,213.9","6,051.3","3.25M","1.60%"
"29/03/2013","6,116.3","6,051.3","6,148.9","5,986.2","3.49M","0.00%"
"28/03/2013","6,116.3","6,148.9","6,181.4","6,083.8","5.23M","-1.05%"
"27/03/2013","6,181.4","6,213.9","6,213.9","6,148.9","1.97M","-0.52%"
"26/03/2013","6,213.9","6,246.5","6,311.5","6,213.9","3.40M","0.53%"
"25/03/2013","6,181.4","6,148.9","6,213.9","6,116.3","3.46M","0.00%"
"22/03/2013","6,181.4","6,279.0","6,311.5","6,116.3","6.51M","-1.04%"
"21/03/2013","6,246.5","6,344.1","6,376.6","6,246.5","5.69M","-1.03%"
"20/03/2013","6,311.5","6,279.0","6,344.1","6,213.9","7.54M","0.00%"
"19/03/2013","6,311.5","6,376.6","6,376.6","6,311.5","2.90M","-2.51%"
"18/03/2013","6,474.2","6,344.1","6,506.7","6,344.1","2.76M","4.74%"
"15/03/2013","6,181.4","6,246.5","6,376.6","6,181.4","38.41M","0.00%"
"14/03/2013","6,181.4","6,344.1","6,344.1","6,116.3","11.58M","-2.56%"
"13/03/2013","6,344.1","6,376.6","6,506.7","6,311.5","3.20M","-0.51%"
"12/03/2013","6,376.6","6,441.7","6,441.7","6,279.0","1.75M","-1.01%"
"11/03/2013","6,441.7","6,376.6","6,571.8","6,344.1","2.16M","2.06%"
"08/03/2013","6,311.5","6,181.4","6,344.1","6,181.4","2.33M","2.65%"
"07/03/2013","6,148.9","6,083.8","6,344.1","6,051.3","2.78M","0.53%"
"06/03/2013","6,116.3","6,148.9","6,181.4","6,083.8","1.99M","1.08%"
"05/03/2013","6,051.3","6,246.5","6,246.5","5,986.2","2.77M","-3.13%"
"04/03/2013","6,246.5","6,506.7","6,506.7","6,246.5","2.30M","-5.42%"
"01/03/2013","6,604.3","6,571.8","6,734.5","6,571.8","2.50M","1.50%"
"28/02/2013","6,506.7","6,864.6","6,897.2","6,506.7","6.32M","-5.21%"
"27/02/2013","6,864.6","6,767.0","6,962.2","6,702.0","1.75M","2.93%"
"26/02/2013","6,669.4","7,157.4","7,157.4","6,669.4","3.27M","-6.82%"
"25/02/2013","7,157.4","7,320.1","7,352.6","7,059.8","1.35M","-1.79%"
"22/02/2013","7,287.6","7,385.2","7,450.2","7,287.6","1.23M","-1.32%"
"21/02/2013","7,385.2","7,450.2","7,580.4","7,385.2","556.15K","-2.16%"
"20/02/2013","7,547.8","7,547.8","7,547.8","7,385.2","1.77M","0.00%"
"19/02/2013","7,547.8","7,580.4","7,612.9","7,417.7","2.29M","-1.28%"
"18/02/2013","7,645.4","7,710.5","7,775.6","7,645.4","634.32K","-0.84%"
"08/02/2013","7,710.5","7,645.4","7,710.5","7,645.4","939.73K","1.28%"
"07/02/2013","7,612.9","7,580.4","7,645.4","7,580.4","580.12K","0.00%"
"06/02/2013","7,612.9","7,547.8","7,612.9","7,547.8","1.75M","2.63%"
"05/02/2013","7,417.7","7,482.8","7,482.8","7,352.6","507.30K","-0.87%"
"04/02/2013","7,482.8","7,645.4","7,645.4","7,482.8","560.24K","-1.71%"
"01/02/2013","7,612.9","7,450.2","7,612.9","7,352.6","1.50M","1.74%"
"31/01/2013","7,482.8","7,580.4","7,580.4","7,450.2","2.16M","-1.71%"
"30/01/2013","7,612.9","7,645.4","7,678.0","7,580.4","2.56M","-0.43%"
"29/01/2013","7,645.4","7,255.0","7,645.4","7,255.0","2.12M","2.62%"
"28/01/2013","7,450.2","7,547.8","7,580.4","7,417.7","1.77M","1.33%"
"25/01/2013","7,352.6","6,994.8","7,352.6","6,994.8","2.38M","6.60%"
"24/01/2013","6,897.2","6,832.1","6,962.2","6,767.0","415.22K","1.44%"
"23/01/2013","6,799.6","6,929.7","6,994.8","6,767.0","683.29K","-0.48%"
"22/01/2013","6,832.1","6,929.7","6,994.8","6,832.1","645.19K","-1.87%"
"21/01/2013","6,962.2","7,124.9","7,124.9","6,962.2","570.33K","-2.28%"
"18/01/2013","7,124.9","7,222.5","7,222.5","7,092.4","889.17K","-1.35%"
"17/01/2013","7,222.5","7,385.2","7,385.2","7,190.0","455.27K","-1.33%"
"16/01/2013","7,320.1","7,320.1","7,482.8","7,287.6","718.83K","0.45%"
"15/01/2013","7,287.6","7,222.5","7,287.6","7,059.8","1.05M","1.36%"
"14/01/2013","7,190.0","7,124.9","7,222.5","7,059.8","852.51K","-0.90%"
"11/01/2013","7,255.0","7,482.8","7,547.8","7,255.0","1.93M","-2.19%"
"10/01/2013","7,417.7","6,994.8","7,417.7","6,994.8","3.40M","3.64%"
"09/01/2013","7,157.4","7,157.4","7,157.4","6,897.2","3.28M","3.29%"
"08/01/2013","6,929.7","6,832.1","6,929.7","6,799.6","1.68M","0.95%"
"07/01/2013","6,864.6","6,994.8","6,994.8","6,799.6","3.99M","0.48%"
"04/01/2013","6,832.1","6,767.0","6,929.7","6,702.0","1.39M","0.48%"
"03/01/2013","6,799.6","6,832.1","6,832.1","6,669.4","2.08M","-0.95%"
"02/01/2013","6,864.6","6,767.0","6,864.6","6,636.9","1.97M","1.93%"
"28/12/2012","6,734.5","6,702.0","6,767.0","6,539.3","3.60M","1.97%"
"27/12/2012","6,604.3","6,734.5","6,799.6","6,604.3","5.74M","0.00%"
"26/12/2012","6,604.3","6,344.1","6,669.4","6,344.1","7.02M","3.57%"
"25/12/2012","6,376.6","6,181.4","6,441.7","6,181.4","5.88M","3.70%"
"24/12/2012","6,148.9","6,148.9","6,279.0","6,116.3","4.47M","-2.58%"
"21/12/2012","6,311.5","6,311.5","6,311.5","6,018.7","13.32M","4.86%"
"20/12/2012","6,018.7","5,856.1","6,018.7","5,856.1","5.86M","4.52%"
"19/12/2012","5,758.5","5,725.9","6,018.7","5,725.9","16.72M","-4.32%"
"18/12/2012","6,018.7","6,018.7","6,018.7","6,018.7","295.87K","-4.64%"
"17/12/2012","6,311.5","6,311.5","6,311.5","6,311.5","702.35K","-4.90%"
"14/12/2012","6,636.9","6,702.0","6,799.6","6,636.9","467.89K","0.49%"
"13/12/2012","6,604.3","6,506.7","6,604.3","6,441.7","1.19M","2.01%"
"12/12/2012","6,474.2","6,441.7","6,506.7","6,409.1","690.03K","0.51%"
"11/12/2012","6,441.7","6,311.5","6,441.7","6,279.0","1.26M","1.54%"
"10/12/2012","6,344.1","6,409.1","6,409.1","6,311.5","672.66K","0.52%"
"07/12/2012","6,311.5","6,246.5","6,409.1","6,246.5","1.42M","1.57%"
"06/12/2012","6,213.9","6,246.5","6,246.5","6,181.4","569.73K","0.53%"
"05/12/2012","6,181.4","6,181.4","6,279.0","6,148.9","540.27K","0.53%"
"04/12/2012","6,148.9","6,181.4","6,181.4","6,083.8","286.77K","-1.56%"
"03/12/2012","6,246.5","5,921.1","6,246.5","5,921.1","481.87K","4.35%"
"30/11/2012","5,986.2","5,986.2","6,018.7","5,986.2","324.12K","0.00%"
"29/11/2012","5,986.2","5,953.7","6,018.7","5,921.1","152.58K","0.55%"
"28/11/2012","5,953.7","5,953.7","5,986.2","5,921.1","132.79K","0.00%"
"27/11/2012","5,953.7","5,953.7","5,953.7","5,921.1","262.32K","0.00%"
"26/11/2012","5,953.7","6,116.3","6,116.3","5,921.1","151.34K","-2.66%"
"23/11/2012","6,116.3","6,116.3","6,181.4","6,083.8","581.42K","-0.53%"
"22/11/2012","6,148.9","6,083.8","6,148.9","6,083.8","127.25K","0.00%"
"21/11/2012","6,148.9","6,051.3","6,213.9","6,051.3","789.90K","1.61%"
"20/11/2012","6,051.3","5,921.1","6,116.3","5,921.1","90.88K","0.54%"
"19/11/2012","6,018.7","6,148.9","6,148.9","6,018.7","239.54K","-2.12%"
"16/11/2012","6,148.9","6,051.3","6,181.4","6,051.3","127.67K","-1.56%"
"15/11/2012","6,246.5","6,246.5","6,311.5","6,116.3","1.26M","1.05%"
"14/11/2012","6,181.4","5,953.7","6,181.4","5,921.1","1.65M","3.83%"
"13/11/2012","5,953.7","6,181.4","6,181.4","5,953.7","315.15K","-3.68%"
"12/11/2012","6,181.4","6,181.4","6,246.5","6,116.3","1.15M","0.00%"
"09/11/2012","6,181.4","5,888.6","6,181.4","5,791.0","1.56M","3.26%"
"08/11/2012","5,986.2","5,758.5","5,986.2","5,693.4","1.34M","3.95%"
"07/11/2012","5,758.5","5,498.2","5,758.5","5,498.2","1.88M","4.73%"
"06/11/2012","5,498.2","5,530.7","5,563.3","5,465.7","137.39K","-1.17%"
"05/11/2012","5,563.3","5,465.7","5,595.8","5,433.1","646.35K","1.79%"
"02/11/2012","5,465.7","5,303.0","5,498.2","5,303.0","1.06M","-1.75%"
"01/11/2012","5,563.3","5,595.8","5,595.8","5,530.7","370.87K","0.00%"
"31/10/2012","5,563.3","5,530.7","5,563.3","5,498.2","290.79K","0.59%"
"30/10/2012","5,530.7","5,563.3","5,563.3","5,530.7","168.71K","-0.58%"
"29/10/2012","5,563.3","5,563.3","5,595.8","5,530.7","159.33K","0.00%"
"26/10/2012","5,563.3","5,595.8","5,595.8","5,563.3","344.13K","-0.58%"
"25/10/2012","5,595.8","5,595.8","5,595.8","5,530.7","184.98K","-0.58%"
"24/10/2012","5,628.3","5,660.9","5,693.4","5,595.8","423.32K","0.00%"
"23/10/2012","5,628.3","5,693.4","5,693.4","5,628.3","577.19K","0.00%"
"22/10/2012","5,628.3","5,465.7","5,628.3","5,465.7","1.64M","2.98%"
"19/10/2012","5,465.7","5,628.3","5,628.3","5,433.1","667.76K","-2.33%"
"18/10/2012","5,595.8","5,595.8","5,595.8","5,498.2","781.27K","1.78%"
"17/10/2012","5,498.2","5,693.4","5,693.4","5,498.2","521.67K","-3.43%"
"16/10/2012","5,693.4","5,498.2","5,693.4","5,498.2","1.87M","3.55%"
"15/10/2012","5,498.2","5,530.7","5,530.7","5,465.7","492.85K","-0.59%"
"12/10/2012","5,530.7","5,530.7","5,530.7","5,498.2","239.00K","0.00%"
"11/10/2012","5,530.7","5,595.8","5,628.3","5,530.7","942.35K","0.00%"
"10/10/2012","5,530.7","5,498.2","5,563.3","5,498.2","363.81K","0.00%"
"09/10/2012","5,530.7","5,563.3","5,563.3","5,498.2","954.33K","-0.58%"
"08/10/2012","5,563.3","5,530.7","5,563.3","5,498.2","1.27M","1.79%"
"05/10/2012","5,465.7","5,465.7","5,498.2","5,433.1","1.46M","0.00%"
"04/10/2012","5,465.7","5,498.2","5,498.2","5,465.7","948.81K","-0.59%"
"03/10/2012","5,498.2","5,465.7","5,498.2","5,433.1","1.00M","0.60%"
"02/10/2012","5,465.7","5,563.3","5,628.3","5,465.7","298.42K","-1.75%"
"01/10/2012","5,563.3","5,725.9","5,725.9","5,530.7","250.32K","-2.84%"
"28/09/2012","5,725.9","5,791.0","5,791.0","5,660.9","576.50K","-1.12%"
"27/09/2012","5,791.0","5,888.6","5,888.6","5,791.0","527.24K","-1.66%"
"26/09/2012","5,888.6","5,888.6","5,888.6","5,823.5","742.11K","1.12%"
"25/09/2012","5,823.5","5,823.5","5,888.6","5,823.5","266.18K","0.00%"
"24/09/2012","5,823.5","5,888.6","5,888.6","5,758.5","306.03K","-2.19%"
"21/09/2012","5,953.7","5,856.1","6,018.7","5,856.1","1.92M","2.23%"
"20/09/2012","5,823.5","5,953.7","6,018.7","5,791.0","953.13K","-3.76%"
"19/09/2012","6,051.3","6,083.8","6,181.4","6,018.7","1.08M","-2.62%"
"18/09/2012","6,213.9","6,409.1","6,506.7","6,213.9","317.24K","-3.54%"
"17/09/2012","6,441.7","6,409.1","6,604.3","6,376.6","850.58K","0.51%"
"14/09/2012","6,409.1","6,246.5","6,409.1","6,246.5","1.66M","4.79%"
"13/09/2012","6,116.3","6,116.3","6,181.4","6,051.3","490.61K","0.00%"
"12/09/2012","6,116.3","6,181.4","6,213.9","6,116.3","496.22K","0.00%"
"11/09/2012","6,116.3","5,953.7","6,181.4","5,953.7","307.87K","1.08%"
"10/09/2012","6,051.3","6,344.1","6,344.1","6,051.3","2.09M","-4.62%"
"07/09/2012","6,344.1","6,376.6","6,376.6","6,311.5","352.23K","0.00%"
"06/09/2012","6,344.1","6,279.0","6,344.1","6,279.0","276.12K","0.00%"
"05/09/2012","6,344.1","6,409.1","6,409.1","6,246.5","716.35K","0.52%"
"04/09/2012","6,311.5","6,246.5","6,376.6","6,246.5","108.34K","1.57%"
"31/08/2012","6,213.9","6,279.0","6,344.1","6,213.9","954.71K","-1.04%"
"30/08/2012","6,279.0","6,181.4","6,344.1","6,181.4","367.36K","1.05%"
"29/08/2012","6,213.9","6,279.0","6,409.1","6,213.9","614.33K","0.53%"
"28/08/2012","6,181.4","6,148.9","6,344.1","6,148.9","548.85K","-2.56%"
"27/08/2012","6,344.1","6,669.4","6,669.4","6,344.1","1.32M","-4.88%"
"24/08/2012","6,669.4","6,116.3","6,702.0","6,116.3","1.17M","4.06%"
"23/08/2012","6,409.1","6,604.3","6,636.9","6,409.1","1.34M","-4.83%"
"22/08/2012","6,734.5","6,571.8","6,832.1","6,571.8","1.40M","0.00%"
"21/08/2012","6,734.5","7,027.3","7,027.3","6,734.5","1.41M","-4.61%"
"20/08/2012","7,059.8","6,962.2","7,059.8","6,962.2","818.23K","0.93%"
"17/08/2012","6,994.8","6,962.2","6,994.8","6,962.2","956.99K","0.94%"
"16/08/2012","6,929.7","6,897.2","6,962.2","6,897.2","884.42K","0.47%"
"15/08/2012","6,897.2","6,864.6","6,897.2","6,832.1","1.52M","0.47%"
"14/08/2012","6,864.6","6,897.2","6,929.7","6,864.6","647.85K","-0.47%"
"13/08/2012","6,897.2","6,864.6","6,929.7","6,864.6","445.59K","0.00%"
"10/08/2012","6,897.2","6,799.6","6,897.2","6,799.6","648.88K","-0.47%"
"09/08/2012","6,929.7","6,767.0","6,929.7","6,767.0","770.95K","2.40%"
"08/08/2012","6,767.0","6,767.0","6,799.6","6,767.0","98.47K","0.48%"
"07/08/2012","6,734.5","6,734.5","6,832.1","6,734.5","548.19K","0.00%"
"06/08/2012","6,734.5","6,702.0","6,734.5","6,702.0","293.99K","0.00%"
"03/08/2012","6,734.5","6,734.5","6,799.6","6,734.5","146.37K","-0.48%"
"02/08/2012","6,767.0","6,734.5","6,799.6","6,734.5","285.49K","0.97%"
"01/08/2012","6,702.0","6,767.0","6,767.0","6,702.0","395.72K","-0.96%"
"31/07/2012","6,767.0","6,702.0","6,799.6","6,702.0","403.88K","0.97%"
"30/07/2012","6,702.0","6,669.4","6,702.0","6,669.4","194.54K","0.00%"
"27/07/2012","6,702.0","6,702.0","6,767.0","6,702.0","512.64K","0.00%"
"26/07/2012","6,702.0","6,669.4","6,767.0","6,669.4","286.80K","0.49%"
"25/07/2012","6,669.4","6,604.3","6,734.5","6,604.3","204.99K","0.00%"
"24/07/2012","6,669.4","6,767.0","6,767.0","6,669.4","234.39K","-1.44%"
"23/07/2012","6,767.0","6,734.5","6,799.6","6,702.0","426.18K","0.00%"
"20/07/2012","6,767.0","7,059.8","7,092.4","6,767.0","848.39K","-4.15%"
"19/07/2012","7,059.8","7,027.3","7,059.8","6,929.7","1.08M","0.93%"
"18/07/2012","6,994.8","6,832.1","7,027.3","6,832.1","1.00M","1.42%"
"17/07/2012","6,897.2","6,767.0","6,929.7","6,734.5","1.08M","0.00%"
"16/07/2012","6,897.2","6,734.5","6,897.2","6,669.4","1.06M","2.91%"
"13/07/2012","6,702.0","6,604.3","6,767.0","6,604.3","528.51K","1.48%"
"12/07/2012","6,604.3","6,539.3","6,604.3","6,506.7","639.58K","1.00%"
"11/07/2012","6,539.3","6,441.7","6,539.3","6,441.7","1.73M","1.52%"
"10/07/2012","6,441.7","6,441.7","6,506.7","6,441.7","1.25M","-1.00%"
"09/07/2012","6,506.7","6,506.7","6,539.3","6,474.2","600.73K","0.00%"
"06/07/2012","6,506.7","6,474.2","6,539.3","6,474.2","274.44K","0.50%"
"05/07/2012","6,474.2","6,474.2","6,506.7","6,441.7","187.95K","0.00%"
"04/07/2012","6,474.2","6,474.2","6,539.3","6,474.2","171.75K","0.00%"
"03/07/2012","6,474.2","6,506.7","6,539.3","6,441.7","722.45K","-0.50%"
"02/07/2012","6,506.7","6,539.3","6,571.8","6,506.7","402.02K","-0.50%"
"29/06/2012","6,539.3","6,539.3","6,604.3","6,539.3","443.97K","0.00%"
"28/06/2012","6,539.3","6,539.3","6,571.8","6,506.7","368.25K","0.00%"
"27/06/2012","6,539.3","6,571.8","6,669.4","6,539.3","841.42K","-0.50%"
"26/06/2012","6,571.8","6,604.3","6,669.4","6,571.8","1.01M","-1.46%"
"25/06/2012","6,669.4","6,832.1","6,832.1","6,669.4","478.72K","-1.91%"
"22/06/2012","6,799.6","6,832.1","6,864.6","6,799.6","736.49K","-0.48%"
"21/06/2012","6,832.1","6,767.0","6,832.1","6,767.0","490.57K","0.96%"
"20/06/2012","6,767.0","6,767.0","6,832.1","6,767.0","612.13K","0.00%"
"19/06/2012","6,767.0","6,864.6","6,929.7","6,767.0","490.72K","-1.89%"
"18/06/2012","6,897.2","6,962.2","6,994.8","6,832.1","1.08M","-0.47%"
"15/06/2012","6,929.7","6,994.8","7,059.8","6,929.7","1.91M","-0.93%"
"14/06/2012","6,994.8","7,092.4","7,092.4","6,994.8","1.02M","-1.38%"
"13/06/2012","7,092.4","7,059.8","7,092.4","6,929.7","1.21M","0.93%"
"12/06/2012","7,027.3","7,124.9","7,157.4","6,929.7","876.79K","0.47%"
"11/06/2012","6,994.8","6,702.0","6,994.8","6,669.4","3.65M","4.88%"
"08/06/2012","6,669.4","6,799.6","6,832.1","6,669.4","997.73K","0.00%"
"07/06/2012","6,669.4","6,734.5","6,832.1","6,669.4","1.22M","0.49%"
"06/06/2012","6,636.9","6,506.7","6,636.9","6,506.7","396.47K","2.51%"
"05/06/2012","6,474.2","6,506.7","6,571.8","6,474.2","1.00M","0.00%"
"04/06/2012","6,474.2","6,636.9","6,636.9","6,441.7","1.95M","-2.93%"
"01/06/2012","6,669.4","6,832.1","6,832.1","6,636.9","557.26K","0.49%"
"31/05/2012","6,636.9","6,702.0","6,799.6","6,604.3","641.29K","-1.45%"
"30/05/2012","6,734.5","6,702.0","6,832.1","6,669.4","707.87K","0.98%"
"29/05/2012","6,669.4","6,669.4","6,767.0","6,636.9","1.37M","-1.91%"
"28/05/2012","6,799.6","7,027.3","7,027.3","6,799.6","429.73K","-1.42%"
"25/05/2012","6,897.2","6,571.8","6,897.2","6,571.8","1.47M","4.95%"
"24/05/2012","6,571.8","6,636.9","6,767.0","6,539.3","974.39K","-2.88%"
"23/05/2012","6,767.0","6,832.1","7,059.8","6,767.0","1.83M","-2.80%"
"22/05/2012","6,962.2","7,157.4","7,157.4","6,929.7","700.15K","-2.73%"
"21/05/2012","7,157.4","7,092.4","7,190.0","6,962.2","1.67M","2.33%"
"18/05/2012","6,994.8","7,027.3","7,059.8","6,799.6","4.38M","-2.27%"
"17/05/2012","7,157.4","7,255.0","7,320.1","7,092.4","1.77M","-0.90%"
"16/05/2012","7,222.5","7,222.5","7,320.1","7,157.4","1.30M","0.00%"
"15/05/2012","7,222.5","7,580.4","7,612.9","7,222.5","1.95M","-4.72%"
"14/05/2012","7,580.4","7,417.7","7,678.0","7,385.2","5.91M","3.56%"
"11/05/2012","7,320.1","7,352.6","7,482.8","7,287.6","2.86M","0.00%"
"10/05/2012","7,320.1","7,287.6","7,482.8","7,222.5","1.80M","0.45%"
"09/05/2012","7,287.6","7,385.2","7,385.2","7,287.6","623.12K","-0.44%"
"08/05/2012","7,320.1","7,157.4","7,515.3","7,157.4","2.34M","1.81%"
"07/05/2012","7,190.0","7,157.4","7,222.5","7,124.9","1.28M","0.91%"
"04/05/2012","7,124.9","7,092.4","7,222.5","7,059.8","1.57M","0.92%"
"03/05/2012","7,059.8","7,157.4","7,157.4","7,059.8","643.79K","-1.36%"
"02/05/2012","7,157.4","7,190.0","7,190.0","7,092.4","1.19M","-0.45%"
"27/04/2012","7,190.0","7,092.4","7,222.5","7,092.4","1.56M","0.45%"
"26/04/2012","7,157.4","7,255.0","7,287.6","7,157.4","1.19M","-1.35%"
"25/04/2012","7,255.0","7,287.6","7,320.1","7,255.0","976.94K","0.45%"
"24/04/2012","7,222.5","7,287.6","7,287.6","7,190.0","1.36M","-0.89%"
"23/04/2012","7,287.6","7,385.2","7,385.2","7,287.6","641.42K","-0.88%"
"20/04/2012","7,352.6","7,417.7","7,417.7","7,287.6","971.46K","0.89%"
"19/04/2012","7,287.6","7,417.7","7,417.7","7,255.0","1.57M","-0.88%"
"18/04/2012","7,352.6","7,417.7","7,482.8","7,352.6","2.16M","-0.88%"
"17/04/2012","7,417.7","7,450.2","7,547.8","7,352.6","4.05M","0.00%"
"16/04/2012","7,417.7","7,320.1","7,482.8","7,255.0","1.84M","1.79%"
"13/04/2012","7,287.6","7,417.7","7,450.2","7,287.6","2.14M","-2.18%"
"12/04/2012","7,450.2","7,222.5","7,482.8","7,190.0","3.96M","3.62%"
"11/04/2012","7,190.0","7,190.0","7,255.0","7,124.9","1.62M","0.45%"
"10/04/2012","7,157.4","7,190.0","7,190.0","7,124.9","1.28M","-0.45%"
"09/04/2012","7,190.0","7,255.0","7,255.0","7,157.4","875.85K","0.91%"
"06/04/2012","7,124.9","7,157.4","7,255.0","7,124.9","1.89M","-0.45%"
"05/04/2012","7,157.4","7,157.4","7,255.0","7,059.8","1.63M","-0.90%"
"04/04/2012","7,222.5","7,482.8","7,482.8","7,222.5","982.71K","-2.20%"
"03/04/2012","7,385.2","7,255.0","7,385.2","7,157.4","1.43M","3.18%"
"30/03/2012","7,157.4","7,157.4","7,157.4","7,027.3","4.19M","4.82%"
"29/03/2012","6,828.1","7,028.9","7,028.9","6,727.7","2.50M","-1.45%"
"28/03/2012","6,928.5","6,853.2","7,003.8","6,803.0","1.84M","1.10%"
"27/03/2012","6,853.2","7,104.2","7,104.2","6,777.9","3.61M","0.00%"
"26/03/2012","6,853.2","6,853.2","6,853.2","6,828.1","11.37M","5.00%"
"23/03/2012","6,526.8","6,526.8","6,602.1","6,476.6","3.67M","1.17%"
"22/03/2012","6,451.5","6,401.3","6,551.9","6,401.3","1.83M","0.00%"
"21/03/2012","6,451.5","6,476.6","6,602.1","6,451.5","2.09M","0.39%"
"20/03/2012","6,426.4","6,300.9","6,451.5","6,300.9","1.55M","1.99%"
"19/03/2012","6,300.9","6,100.1","6,376.2","6,100.1","1.26M","2.03%"
"16/03/2012","6,175.4","6,476.6","6,526.8","6,175.4","5.82M","-4.65%"
"15/03/2012","6,476.6","6,150.3","6,476.6","6,150.3","1.97M","3.20%"
"14/03/2012","6,275.8","6,351.1","6,351.1","6,024.8","2.02M","1.21%"
"13/03/2012","6,200.5","6,150.3","6,275.8","6,125.2","1.29M","1.65%"
"12/03/2012","6,100.1","6,401.3","6,401.3","6,100.1","2.49M","-4.71%"
"09/03/2012","6,401.3","6,351.1","6,652.3","6,275.8","2.17M","-1.54%"
"08/03/2012","6,501.7","6,652.3","6,727.7","6,501.7","3.95M","-4.78%"
"07/03/2012","6,828.1","6,777.9","6,828.1","6,577.0","2.70M","0.00%"
"06/03/2012","6,828.1","7,229.7","7,229.7","6,602.1","3.12M","-1.09%"
"05/03/2012","6,903.4","6,652.3","6,903.4","6,652.3","7.56M","4.96%"
"02/03/2012","6,577.0","6,376.2","6,577.0","6,351.1","3.02M","3.56%"
"01/03/2012","6,351.1","6,150.3","6,351.1","6,075.0","2.27M","4.55%"
"29/02/2012","6,075.0","6,300.9","6,300.9","6,075.0","4.00M","-3.59%"
"28/02/2012","6,300.9","6,351.1","6,476.6","6,225.6","2.40M","-0.40%"
"27/02/2012","6,326.0","6,225.6","6,376.2","6,200.5","2.01M","2.02%"
"24/02/2012","6,200.5","6,376.2","6,376.2","6,200.5","1.49M","-1.98%"
"23/02/2012","6,326.0","6,275.8","6,351.1","6,200.5","1.99M","0.80%"
"22/02/2012","6,275.8","6,175.4","6,326.0","6,175.4","2.13M","1.63%"
"21/02/2012","6,175.4","6,275.8","6,275.8","6,075.0","1.38M","0.41%"
"20/02/2012","6,150.3","6,075.0","6,150.3","6,024.8","3.10M","4.70%"
"17/02/2012","5,874.1","5,773.7","5,874.1","5,773.7","595.49K","1.74%"
"16/02/2012","5,773.7","5,773.7","5,823.9","5,698.4","909.52K","0.44%"
"15/02/2012","5,748.6","5,849.0","5,849.0","5,748.6","631.86K","-2.55%"
"14/02/2012","5,899.2","5,723.5","5,899.2","5,673.3","1.30M","3.07%"
"13/02/2012","5,723.5","6,024.8","6,024.8","5,723.5","1.49M","-5.00%"
"10/02/2012","6,024.8","5,974.6","6,150.3","5,974.6","1.15M","-3.23%"
"09/02/2012","6,225.6","6,326.0","6,326.0","6,150.3","554.40K","-0.40%"
"08/02/2012","6,250.7","6,100.1","6,250.7","6,024.8","1.69M","2.47%"
"07/02/2012","6,100.1","5,949.5","6,100.1","5,773.7","791.80K","4.74%"
"06/02/2012","5,823.9","5,874.1","6,125.2","5,823.9","695.24K","-4.92%"
"03/02/2012","6,125.2","6,401.3","6,401.3","6,125.2","1.56M","0.00%"
"02/02/2012","6,125.2","5,974.6","6,125.2","5,924.4","1.68M","4.72%"
"01/02/2012","5,849.0","5,698.4","5,849.0","5,547.8","903.97K","1.30%"
"31/01/2012","5,773.7","5,999.7","5,999.7","5,748.6","794.39K","-2.95%"
"30/01/2012","5,949.5","5,874.1","5,949.5","5,723.5","593.50K","3.04%"
"20/01/2012","5,773.7","5,999.7","5,999.7","5,522.7","1.13M","-0.43%"
"19/01/2012","5,798.8","5,522.7","5,798.8","5,522.7","946.07K","5.00%"
"18/01/2012","5,522.7","5,547.8","5,572.9","5,447.4","388.94K","1.85%"
"17/01/2012","5,422.3","5,271.7","5,422.3","5,271.7","1.57M","4.85%"
"16/01/2012","5,171.3","5,347.0","5,347.0","5,146.2","672.84K","0.49%"
"13/01/2012","5,146.2","5,095.9","5,146.2","5,045.7","1.54M","4.59%"
"12/01/2012","4,920.2","4,719.4","4,920.2","4,694.3","2.14M","4.81%"
"11/01/2012","4,694.3","4,819.8","4,819.8","4,694.3","329.94K","0.00%"
"10/01/2012","4,694.3","4,543.7","4,744.5","4,543.7","826.39K","3.31%"
"09/01/2012","4,543.7","4,518.6","4,593.9","4,418.2","313.57K","0.56%"
"06/01/2012","4,518.6","4,493.5","4,568.8","4,443.3","950.90K","1.69%"
"05/01/2012","4,443.3","4,393.1","4,468.4","4,393.1","559.60K","-0.56%"
"04/01/2012","4,468.4","4,292.6","4,468.4","4,267.5","846.49K","4.71%"
"03/01/2012","4,267.5","4,518.6","4,518.6","4,267.5","423.62K","-3.95%"
"30/12/2011","4,443.3","4,368.0","4,518.6","4,368.0","1.45M","2.91%"
"29/12/2011","4,317.7","4,317.7","4,443.3","4,292.6","467.13K","-1.15%"
"28/12/2011","4,368.0","4,242.4","4,368.0","4,217.3","1.15M","4.82%"
"27/12/2011","4,167.1","4,167.1","4,192.2","4,142.0","1.53M","-0.60%"
"26/12/2011","4,192.2","4,267.5","4,267.5","4,142.0","577.49K","0.60%"
"23/12/2011","4,167.1","4,116.9","4,217.3","4,091.8","1.10M","1.22%"
"22/12/2011","4,116.9","4,267.5","4,292.6","4,116.9","2.96M","-4.09%"
"21/12/2011","4,292.6","4,368.0","4,368.0","4,267.5","1.35M","-1.16%"
"20/12/2011","4,342.9","4,493.5","4,493.5","4,342.9","863.43K","-1.14%"
"19/12/2011","4,393.1","4,317.7","4,393.1","4,217.3","1.95M","4.79%"
"16/12/2011","4,192.2","4,167.1","4,242.4","4,116.9","2.28M","3.73%"
"15/12/2011","4,041.6","4,217.3","4,217.3","4,016.5","1.84M","-4.17%"
"14/12/2011","4,217.3","4,342.9","4,368.0","4,142.0","2.17M","-2.89%"
"13/12/2011","4,342.9","4,493.5","4,518.6","4,317.7","2.20M","-4.42%"
"12/12/2011","4,543.7","4,719.4","4,744.5","4,518.6","837.00K","-4.23%"
"09/12/2011","4,744.5","4,769.6","4,819.8","4,744.5","702.26K","-0.53%"
"08/12/2011","4,769.6","4,844.9","4,870.0","4,744.5","1.74M","-3.06%"
"07/12/2011","4,920.2","5,020.6","5,020.6","4,920.2","471.70K","-2.97%"
"06/12/2011","5,070.8","5,070.8","5,121.1","4,995.5","969.65K","2.02%"
"05/12/2011","4,970.4","4,819.8","4,995.5","4,819.8","597.13K","3.13%"
"02/12/2011","4,819.8","4,895.1","4,895.1","4,769.6","588.07K","0.52%"
"01/12/2011","4,794.7","4,844.9","4,895.1","4,744.5","674.22K","-3.54%"
"30/11/2011","4,970.4","5,095.9","5,121.1","4,970.4","952.66K","-4.81%"
"29/11/2011","5,221.5","5,296.8","5,321.9","5,196.4","352.39K","2.30%"
"28/11/2011","5,104.3","5,149.9","5,218.3","5,104.3","1.11M","-0.88%"
"25/11/2011","5,149.9","5,149.9","5,195.5","5,127.1","706.79K","-0.44%"
"24/11/2011","5,172.7","5,332.2","5,355.0","5,172.7","361.70K","-2.99%"
"23/11/2011","5,332.2","5,309.4","5,332.2","5,241.0","1.06M","4.93%"
"22/11/2011","5,081.5","5,081.5","5,149.9","5,081.5","1.53M","0.00%"
"21/11/2011","5,081.5","5,036.0","5,104.3","5,036.0","916.06K","-0.89%"
"18/11/2011","5,127.1","5,172.7","5,172.7","5,058.7","742.34K","-0.44%"
"17/11/2011","5,149.9","5,149.9","5,218.3","5,127.1","1.51M","0.89%"
"16/11/2011","5,104.3","5,172.7","5,241.0","5,058.7","605.14K","0.45%"
"15/11/2011","5,081.5","5,058.7","5,218.3","5,058.7","315.35K","0.45%"
"14/11/2011","5,058.7","5,172.7","5,172.7","5,036.0","747.59K","-2.20%"
"11/11/2011","5,172.7","5,195.5","5,241.0","5,172.7","667.16K","0.00%"
"10/11/2011","5,172.7","5,149.9","5,195.5","5,127.1","290.14K","-0.87%"
"09/11/2011","5,218.3","5,218.3","5,218.3","5,172.7","986.00K","0.00%"
"08/11/2011","5,218.3","5,218.3","5,263.8","5,172.7","892.49K","-0.87%"
"07/11/2011","5,263.8","5,377.8","5,468.9","5,263.8","353.02K","-2.53%"
"04/11/2011","5,400.5","5,446.1","5,468.9","5,400.5","112.04K","-0.84%"
"03/11/2011","5,446.1","5,468.9","5,491.7","5,423.3","356.72K","-0.83%"
"02/11/2011","5,491.7","5,446.1","5,582.8","5,400.5","775.72K","0.00%"
"01/11/2011","5,491.7","5,514.5","5,560.1","5,446.1","401.52K","-0.41%"
"31/10/2011","5,514.5","5,628.4","5,742.4","5,514.5","406.17K","-2.02%"
"28/10/2011","5,628.4","5,765.1","5,765.1","5,582.8","381.15K","-1.59%"
"27/10/2011","5,719.6","5,537.3","5,719.6","5,537.3","1.23M","4.58%"
"26/10/2011","5,468.9","5,309.4","5,468.9","5,309.4","877.82K","3.90%"
"25/10/2011","5,263.8","5,263.8","5,355.0","5,241.0","842.63K","-0.43%"
"24/10/2011","5,286.6","5,355.0","5,377.8","5,241.0","617.62K","-1.28%"
"21/10/2011","5,355.0","5,104.3","5,355.0","5,104.3","1.51M","4.91%"
"20/10/2011","5,104.3","5,104.3","5,127.1","5,081.5","646.04K","0.45%"
"19/10/2011","5,081.5","5,172.7","5,172.7","5,081.5","924.89K","-0.89%"
"18/10/2011","5,127.1","5,036.0","5,172.7","5,013.2","813.64K","-0.44%"
"17/10/2011","5,149.9","5,263.8","5,263.8","5,149.9","1.24M","-2.16%"
"14/10/2011","5,263.8","5,355.0","5,355.0","5,263.8","842.75K","-1.28%"
"13/10/2011","5,332.2","5,309.4","5,332.2","5,286.6","880.74K","0.43%"
"12/10/2011","5,309.4","5,423.3","5,423.3","5,309.4","996.17K","-2.92%"
"11/10/2011","5,468.9","5,491.7","5,514.5","5,446.1","746.33K","-0.83%"
"10/10/2011","5,514.5","5,514.5","5,514.5","5,423.3","831.13K","1.68%"
"07/10/2011","5,423.3","5,468.9","5,491.7","5,377.8","1.65M","0.00%"
"06/10/2011","5,423.3","5,491.7","5,560.1","5,377.8","1.86M","0.85%"
"05/10/2011","5,377.8","5,537.3","5,605.6","5,377.8","1.66M","-2.88%"
"04/10/2011","5,537.3","5,582.8","5,651.2","5,514.5","818.71K","-2.41%"
"03/10/2011","5,674.0","5,719.6","5,742.4","5,674.0","1.00M","-1.19%"
"30/09/2011","5,742.4","5,742.4","5,810.7","5,742.4","794.70K","0.00%"
"29/09/2011","5,742.4","5,787.9","5,787.9","5,719.6","562.53K","-0.79%"
"28/09/2011","5,787.9","5,947.4","5,970.2","5,787.9","1.09M","-0.78%"
"27/09/2011","5,833.5","5,787.9","5,901.9","5,765.1","391.06K","0.79%"
"26/09/2011","5,787.9","5,810.7","5,833.5","5,787.9","1.14M","-0.39%"
"23/09/2011","5,810.7","5,833.5","5,856.3","5,787.9","1.73M","-1.54%"
"22/09/2011","5,901.9","5,924.7","5,924.7","5,810.7","1.56M","0.39%"
"21/09/2011","5,879.1","5,879.1","5,924.7","5,833.5","646.29K","0.00%"
"20/09/2011","5,879.1","6,038.6","6,038.6","5,810.7","942.63K","-2.64%"
"19/09/2011","6,038.6","5,901.9","6,038.6","5,787.9","570.26K","4.74%"
"16/09/2011","5,765.1","5,924.7","5,993.0","5,765.1","2.36M","-0.78%"
"15/09/2011","5,810.7","5,856.3","5,856.3","5,765.1","2.24M","-0.78%"
"14/09/2011","5,856.3","5,924.7","5,970.2","5,833.5","2.08M","-2.28%"
"13/09/2011","5,993.0","6,015.8","6,084.2","5,970.2","1.40M","-0.38%"
"12/09/2011","6,015.8","6,061.4","6,152.5","6,015.8","667.23K","-2.22%"
"09/09/2011","6,152.5","6,129.7","6,175.3","6,129.7","833.38K","0.37%"
"08/09/2011","6,129.7","6,175.3","6,380.4","6,106.9","2.18M","0.00%"
"07/09/2011","6,129.7","6,312.0","6,312.0","6,106.9","1.12M","0.37%"
"06/09/2011","6,106.9","6,038.6","6,152.5","6,038.6","411.02K","-1.83%"
"05/09/2011","6,220.9","6,380.4","6,448.8","6,175.3","900.95K","-2.15%"
"01/09/2011","6,357.6","6,129.7","6,357.6","6,106.9","5.33M","4.89%"
"31/08/2011","6,061.4","5,901.9","6,061.4","5,901.9","2.28M","2.70%"
"30/08/2011","5,901.9","5,947.4","6,015.8","5,901.9","833.76K","0.00%"
"29/08/2011","5,901.9","5,787.9","5,901.9","5,765.1","711.39K","1.97%"
"26/08/2011","5,787.9","5,787.9","5,856.3","5,742.4","464.87K","0.00%"
"25/08/2011","5,787.9","5,742.4","5,810.7","5,742.4","361.06K","2.01%"
"24/08/2011","5,674.0","5,879.1","5,924.7","5,674.0","797.71K","-3.49%"
"23/08/2011","5,879.1","5,901.9","5,947.4","5,856.3","339.08K","-1.15%"
"22/08/2011","5,947.4","5,924.7","5,993.0","5,924.7","613.60K","0.38%"
"19/08/2011","5,924.7","5,947.4","6,129.7","5,924.7","710.25K","-3.35%"
"18/08/2011","6,129.7","5,970.2","6,129.7","5,970.2","829.86K","4.26%"
"17/08/2011","5,879.1","5,833.5","5,879.1","5,787.9","283.48K","1.57%"
"16/08/2011","5,787.9","5,765.1","5,810.7","5,765.1","142.52K","0.40%"
"15/08/2011","5,765.1","5,833.5","5,833.5","5,765.1","98.11K","0.00%"
"12/08/2011","5,765.1","5,787.9","5,787.9","5,696.8","208.06K","2.02%"
"11/08/2011","5,651.2","5,537.3","5,696.8","5,537.3","330.46K","-0.80%"
"10/08/2011","5,696.8","5,833.5","5,879.1","5,696.8","1.06M","0.00%"
"09/08/2011","5,696.8","5,696.8","5,765.1","5,582.8","651.61K","-1.96%"
"08/08/2011","5,810.7","5,856.3","5,879.1","5,810.7","772.21K","-1.54%"
"05/08/2011","5,901.9","5,879.1","6,015.8","5,879.1","146.29K","0.39%"
"04/08/2011","5,879.1","5,879.1","6,129.7","5,879.1","354.47K","0.00%"
"03/08/2011","5,879.1","5,879.1","5,879.1","5,833.5","99.85K","-0.39%"
"02/08/2011","5,901.9","5,924.7","5,993.0","5,901.9","668.15K","-0.77%"
"01/08/2011","5,947.4","6,084.2","6,084.2","5,924.7","591.36K","-2.25%"
"29/07/2011","6,084.2","6,015.8","6,084.2","5,901.9","541.06K","0.38%"
"28/07/2011","6,061.4","6,129.7","6,175.3","6,061.4","319.53K","-0.75%"
"27/07/2011","6,106.9","5,924.7","6,106.9","5,901.9","707.33K","4.28%"
"26/07/2011","5,856.3","5,970.2","5,970.2","5,856.3","287.10K","0.39%"
"25/07/2011","5,833.5","5,765.1","5,879.1","5,765.1","225.29K","-0.78%"
"22/07/2011","5,879.1","6,038.6","6,038.6","5,879.1","536.46K","-2.64%"
"21/07/2011","6,038.6","6,038.6","6,129.7","6,015.8","221.74K","-0.75%"
"20/07/2011","6,084.2","5,810.7","6,084.2","5,810.7","472.35K","4.71%"
"19/07/2011","5,810.7","5,742.4","5,856.3","5,742.4","532.66K","0.39%"
"18/07/2011","5,787.9","5,765.1","5,833.5","5,765.1","656.71K","-1.55%"
"15/07/2011","5,879.1","6,198.1","6,198.1","5,879.1","959.84K","-3.73%"
"14/07/2011","6,106.9","6,038.6","6,198.1","6,015.8","206.73K","1.13%"
"13/07/2011","6,038.6","6,061.4","6,084.2","6,015.8","555.15K","0.00%"
"12/07/2011","6,038.6","6,106.9","6,106.9","6,038.6","70.64K","-1.12%"
"11/07/2011","6,106.9","6,038.6","6,129.7","6,038.6","169.57K","0.00%"
"08/07/2011","6,106.9","6,084.2","6,129.7","6,084.2","556.89K","0.00%"
"07/07/2011","6,106.9","6,106.9","6,129.7","6,038.6","58.57K","0.00%"
"06/07/2011","6,106.9","6,106.9","6,175.3","6,106.9","101.84K","0.00%"
"05/07/2011","6,106.9","6,084.2","6,243.7","6,084.2","159.28K","0.37%"
"04/07/2011","6,084.2","6,061.4","6,198.1","6,061.4","250.73K","-1.11%"
"01/07/2011","6,152.5","6,152.5","6,220.9","6,106.9","640.71K","-0.74%"
"30/06/2011","6,198.1","6,243.7","6,243.7","6,198.1","312.22K","-0.73%"
"29/06/2011","6,243.7","6,312.0","6,312.0","6,220.9","464.84K","0.37%"
"28/06/2011","6,220.9","6,220.9","6,334.8","6,220.9","224.09K","-2.50%"
"27/06/2011","6,380.4","6,220.9","6,380.4","6,220.9","766.57K","0.72%"
"24/06/2011","6,334.8","6,220.9","6,334.8","6,220.9","407.95K","1.83%"
"23/06/2011","6,220.9","6,403.2","6,403.2","6,152.5","764.29K","-2.85%"
"22/06/2011","6,403.2","6,357.6","6,403.2","6,334.8","812.98K","0.72%"
"21/06/2011","6,357.6","6,266.5","6,380.4","6,266.5","281.90K","1.45%"
"20/06/2011","6,266.5","6,106.9","6,380.4","6,106.9","386.69K","-0.36%"
"17/06/2011","6,289.2","6,608.3","6,608.3","6,289.2","3.17M","-4.83%"
"16/06/2011","6,608.3","6,380.4","6,608.3","6,380.4","1.74M","3.57%"
"15/06/2011","6,380.4","6,198.1","6,380.4","6,129.7","1.63M","2.94%"
"14/06/2011","6,198.1","6,152.5","6,448.8","6,152.5","949.51K","0.74%"
"13/06/2011","6,152.5","6,266.5","6,312.0","6,061.4","1.10M","-2.53%"
"10/06/2011","6,312.0","6,517.1","6,517.1","6,289.2","599.15K","-1.07%"
"09/06/2011","6,380.4","6,266.5","6,426.0","6,266.5","217.53K","0.36%"
"08/06/2011","6,357.6","6,608.3","6,608.3","6,357.6","579.35K","-2.79%"
"07/06/2011","6,539.9","6,289.2","6,585.5","6,289.2","571.88K","3.99%"
"06/06/2011","6,289.2","6,175.3","6,426.0","6,175.3","476.40K","-2.13%"
"03/06/2011","6,426.0","6,836.1","6,836.1","6,426.0","986.79K","-4.73%"
"02/06/2011","6,745.0","6,608.3","6,745.0","6,539.9","4.18M","4.96%"
"01/06/2011","6,426.0","6,129.7","6,426.0","6,106.9","1.06M","4.83%"
"31/05/2011","6,129.7","5,856.3","6,129.7","5,696.8","744.27K","2.67%"
"30/05/2011","5,970.2","6,152.5","6,152.5","5,970.2","589.46K","-1.87%"
"27/05/2011","6,084.2","5,901.9","6,084.2","5,856.3","619.65K","4.71%"
"26/05/2011","5,810.7","5,263.8","5,810.7","5,263.8","1.31M","4.94%"
"25/05/2011","5,537.3","5,537.3","5,582.8","5,537.3","2.78M","-4.71%"
"24/05/2011","5,810.7","5,810.7","5,833.5","5,787.9","2.07M","-4.49%"
"23/05/2011","6,084.2","6,266.5","6,334.8","6,084.2","2.62M","-4.98%"
"20/05/2011","6,403.2","6,448.8","6,471.5","6,403.2","1.39M","-2.43%"
"19/05/2011","6,562.7","6,745.0","6,745.0","6,494.3","1.28M","-3.03%"
"18/05/2011","6,767.8","6,745.0","6,767.8","6,608.3","1.19M","-0.34%"
"17/05/2011","6,790.6","6,745.0","6,881.7","6,699.4","1.89M","1.02%"
"16/05/2011","6,722.2","6,585.5","6,881.7","6,585.5","2.97M","2.43%"
"13/05/2011","6,562.7","6,562.7","6,585.5","6,494.3","795.40K","0.00%"
"12/05/2011","6,562.7","6,539.9","6,608.3","6,539.9","764.00K","-0.69%"
"11/05/2011","6,608.3","6,448.8","6,608.3","6,403.2","822.48K","1.75%"
"10/05/2011","6,494.3","6,494.3","6,494.3","6,471.5","641.44K","0.35%"
"09/05/2011","6,471.5","6,448.8","6,471.5","6,403.2","654.78K","0.35%"
"06/05/2011","6,448.8","6,380.4","6,448.8","6,380.4","1.00M","0.00%"
"05/05/2011","6,448.8","6,471.5","6,471.5","6,426.0","861.25K","-0.35%"
"04/05/2011","6,471.5","6,494.3","6,494.3","6,426.0","582.65K","-0.35%"
"29/04/2011","6,494.3","6,448.8","6,494.3","6,380.4","892.96K","1.79%"
"28/04/2011","6,380.4","6,494.3","6,494.3","6,380.4","399.96K","-1.75%"
"27/04/2011","6,494.3","6,380.4","6,494.3","6,380.4","962.72K","1.06%"
"26/04/2011","6,426.0","6,403.2","6,471.5","6,380.4","652.56K","0.36%"
"25/04/2011","6,403.2","6,380.4","6,494.3","6,357.6","637.80K","2.18%"
"22/04/2011","6,266.5","6,585.5","6,585.5","6,243.7","1.30M","-3.51%"
"21/04/2011","6,494.3","6,608.3","6,608.3","6,494.3","478.14K","-1.72%"
"20/04/2011","6,608.3","6,562.7","6,608.3","6,539.9","970.26K","1.05%"
"19/04/2011","6,539.9","6,448.8","6,562.7","6,426.0","730.49K","1.41%"
"18/04/2011","6,448.8","6,517.1","6,517.1","6,426.0","1.45M","0.00%"
"15/04/2011","6,448.8","6,517.1","6,517.1","6,448.8","737.55K","0.00%"
"14/04/2011","6,448.8","6,585.5","6,585.5","6,448.8","900.79K","-2.08%"
"13/04/2011","6,585.5","6,653.8","6,699.4","6,562.7","748.10K","-1.37%"
"08/04/2011","6,676.6","6,608.3","6,722.2","6,539.9","1.48M","1.03%"
"07/04/2011","6,608.3","6,790.6","6,836.1","6,608.3","1.05M","-3.33%"
"06/04/2011","6,836.1","6,631.1","6,858.9","6,631.1","2.80M","3.09%"
"05/04/2011","6,631.1","6,380.4","6,631.1","6,357.6","1.60M","3.93%"
"04/04/2011","6,380.4","6,380.4","6,448.8","6,357.6","1.83M","-0.36%"
"01/04/2011","6,403.2","6,403.2","6,517.1","6,403.2","2.06M","-0.35%"
"31/03/2011","6,426.0","6,608.3","6,608.3","6,426.0","1.37M","-1.40%"
"30/03/2011","6,517.1","6,403.2","6,608.3","6,380.4","1.20M","-0.69%"
"29/03/2011","6,562.7","6,722.2","6,836.1","6,562.7","1.78M","-2.04%"
"28/03/2011","6,699.4","6,403.2","6,722.2","6,403.2","2.64M","3.16%"
"25/03/2011","6,494.3","6,426.0","6,653.8","6,380.4","1.16M","1.06%"
"24/03/2011","6,426.0","6,631.1","6,653.8","6,380.4","3.43M","-4.08%"
"23/03/2011","6,699.4","6,950.1","6,995.6","6,699.4","4.50M","-4.85%"
"22/03/2011","7,041.2","7,018.4","7,246.3","6,995.6","6.24M","-2.22%"
"21/03/2011","7,200.7","7,269.1","7,519.7","7,018.4","5.12M","-0.32%"
"18/03/2011","7,223.5","7,177.9","7,223.5","6,927.3","14.38M","4.97%"
"17/03/2011","6,881.7","6,858.9","6,881.7","6,745.0","13.60M","4.86%"
"16/03/2011","6,562.7","6,357.6","6,562.7","6,357.6","8.46M","4.73%"
"15/03/2011","6,266.5","6,129.7","6,266.5","6,129.7","7.50M","1.48%"
"14/03/2011","6,175.3","6,129.7","6,198.1","6,061.4","6.79M","0.74%"
"11/03/2011","6,129.7","6,038.6","6,266.5","6,038.6","6.97M","1.51%"
"10/03/2011","6,038.6","5,879.1","6,061.4","5,879.1","6.82M","2.71%"
"09/03/2011","5,879.1","5,742.4","5,901.9","5,582.8","2.03M","2.38%"
"08/03/2011","5,742.4","5,924.7","5,924.7","5,742.4","2.12M","-2.70%"
"07/03/2011","5,901.9","5,742.4","5,947.4","5,742.4","1.97M","3.19%"
"04/03/2011","5,719.6","5,560.1","5,742.4","5,560.1","1.43M","2.87%"
"03/03/2011","5,560.1","5,491.7","5,674.0","5,491.7","866.86K","-1.61%"
"02/03/2011","5,651.2","5,765.1","5,765.1","5,560.1","1.63M","-2.75%"
"01/03/2011","5,810.7","5,924.7","5,924.7","5,787.9","1.34M","-3.77%"
"28/02/2011","6,038.6","5,810.7","6,038.6","5,765.1","7.22M","4.74%"
"25/02/2011","5,765.1","5,605.6","5,787.9","5,560.1","3.31M","3.69%"
"24/02/2011","5,560.1","5,537.3","5,605.6","5,309.4","1.78M","0.41%"
"23/02/2011","5,537.3","5,468.9","5,537.3","5,377.8","1.74M","2.97%"
"22/02/2011","5,377.8","5,218.3","5,377.8","5,218.3","878.42K","-0.42%"
"21/02/2011","5,400.5","5,514.5","5,514.5","5,400.5","3.51M","-4.82%"
"18/02/2011","5,674.0","5,787.9","5,810.7","5,674.0","1.73M","-1.97%"
"17/02/2011","5,787.9","5,696.8","5,787.9","5,605.6","1.77M","1.60%"
"16/02/2011","5,696.8","5,787.9","5,901.9","5,696.8","1.03M","-3.10%"
"15/02/2011","5,879.1","5,582.8","5,879.1","5,582.8","1.47M","3.61%"
"14/02/2011","5,674.0","5,901.9","5,901.9","5,674.0","2.76M","-3.86%"
"11/02/2011","5,901.9","6,038.6","6,038.6","5,810.7","3.90M","-2.26%"
"10/02/2011","6,038.6","5,947.4","6,152.5","5,879.1","2.99M","-0.75%"
"09/02/2011","6,084.2","6,084.2","6,084.2","5,924.7","5.96M","4.71%"
"08/02/2011","5,810.7","5,696.8","5,810.7","5,605.6","3.83M","4.94%"
"28/01/2011","5,537.3","5,423.3","5,560.1","5,400.5","5.36M","3.85%"
"27/01/2011","5,332.2","5,263.8","5,423.3","5,218.3","2.74M","-0.43%"
"26/01/2011","5,355.0","5,195.5","5,355.0","5,172.7","1.49M","3.98%"
"25/01/2011","5,149.9","5,355.0","5,355.0","5,149.9","738.44K","-3.42%"
"24/01/2011","5,332.2","5,423.3","5,446.1","5,218.3","4.68M","1.74%"
"21/01/2011","5,241.0","5,013.2","5,263.8","5,013.2","4.47M","4.55%"
"20/01/2011","5,013.2","4,967.6","5,013.2","4,944.8","611.06K","0.92%"
"19/01/2011","4,967.6","4,990.4","5,058.7","4,967.6","618.63K","-0.46%"
"18/01/2011","4,990.4","4,967.6","5,036.0","4,967.6","373.54K","-0.90%"
"17/01/2011","5,036.0","5,127.1","5,172.7","5,036.0","737.65K","-0.90%"
"14/01/2011","5,081.5","5,172.7","5,172.7","4,922.0","893.25K","2.05%"
"13/01/2011","4,979.7","4,936.7","5,001.1","4,915.3","587.88K","2.20%"
"12/01/2011","4,872.4","4,936.7","4,936.7","4,872.4","761.12K","0.00%"
"11/01/2011","4,872.4","4,915.3","4,958.2","4,872.4","1.26M","-1.73%"
"10/01/2011","4,958.2","4,958.2","5,022.6","4,936.7","812.95K","-0.43%"
"07/01/2011","4,979.7","5,022.6","5,044.1","4,958.2","1.25M","-0.43%"
"06/01/2011","5,001.1","4,958.2","5,001.1","4,958.2","480.93K","0.87%"
"05/01/2011","4,958.2","5,044.1","5,044.1","4,958.2","502.60K","-0.43%"
"04/01/2011","4,979.7","4,936.7","5,001.1","4,936.7","402.40K","0.87%"
"31/12/2010","4,936.7","5,001.1","5,001.1","4,936.7","1.09M","0.00%"
"30/12/2010","4,936.7","4,915.3","5,022.6","4,915.3","1.07M","0.00%"
"29/12/2010","4,936.7","5,022.6","5,044.1","4,936.7","1.23M","-1.71%"
"28/12/2010","5,022.6","5,022.6","5,108.5","5,001.1","1.55M","0.00%"
"27/12/2010","5,022.6","4,893.8","5,022.6","4,893.8","1.10M","2.63%"
"24/12/2010","4,893.8","4,915.3","5,087.0","4,872.4","2.04M","-0.44%"
"23/12/2010","4,915.3","5,044.1","5,044.1","4,893.8","2.13M","-2.55%"
"22/12/2010","5,044.1","5,151.4","5,215.8","5,044.1","3.15M","-2.89%"
"21/12/2010","5,194.3","5,044.1","5,280.2","5,022.6","2.90M","0.41%"
"20/12/2010","5,172.8","5,001.1","5,237.2","5,001.1","4.91M","3.43%"
"17/12/2010","5,001.1","4,936.7","5,001.1","4,722.1","6.09M","4.95%"
"16/12/2010","4,765.0","4,765.0","4,765.0","4,636.2","8.50M","4.72%"
"15/12/2010","4,550.4","4,550.4","4,550.4","4,550.4","1.48M","4.95%"
"14/12/2010","4,335.7","4,335.7","4,335.7","4,314.3","3.59M","4.66%"
"13/12/2010","4,142.6","4,142.6","4,142.6","4,142.6","2.68M","4.89%"
"10/12/2010","3,949.4","3,927.9","3,970.9","3,927.9","1.83M","0.55%"
"09/12/2010","3,927.9","3,906.5","3,970.9","3,906.5","954.99K","-0.54%"
"08/12/2010","3,949.4","3,970.9","4,013.8","3,949.4","415.07K","-1.08%"
"07/12/2010","3,992.3","4,056.7","4,056.7","3,992.3","435.44K","-2.62%"
"06/12/2010","4,099.6","4,164.0","4,164.0","4,078.2","666.21K","-1.04%"
"03/12/2010","4,142.6","4,035.3","4,185.5","4,013.8","1.03M","3.76%"
"02/12/2010","3,992.3","3,970.9","3,992.3","3,949.4","357.55K","0.54%"
"01/12/2010","3,970.9","4,035.3","4,035.3","3,970.9","328.72K","-0.54%"
"30/11/2010","3,992.3","3,949.4","4,035.3","3,949.4","654.87K","1.09%"
"29/11/2010","3,949.4","3,927.9","3,949.4","3,927.9","209.99K","0.00%"
"26/11/2010","3,949.4","3,970.9","3,970.9","3,949.4","151.20K","0.00%"
"25/11/2010","3,949.4","3,906.5","3,970.9","3,906.5","508.55K","0.55%"
"24/11/2010","3,927.9","3,906.5","3,949.4","3,885.0","1.17M","-0.54%"
"23/11/2010","3,949.4","3,885.0","3,992.3","3,885.0","806.90K","1.10%"
"22/11/2010","3,906.5","3,970.9","3,970.9","3,906.5","262.74K","-1.09%"
"19/11/2010","3,949.4","3,949.4","3,949.4","3,927.9","244.27K","0.00%"
"18/11/2010","3,949.4","3,927.9","3,992.3","3,927.9","260.39K","-0.54%"
"17/11/2010","3,970.9","3,906.5","3,970.9","3,863.5","695.99K","1.09%"
"16/11/2010","3,927.9","3,906.5","4,035.3","3,906.5","1.20M","-3.17%"
"15/11/2010","4,056.7","4,035.3","4,078.2","4,035.3","1.39M","-0.53%"
"12/11/2010","4,078.2","4,099.6","4,099.6","4,035.3","815.19K","-0.52%"
"11/11/2010","4,099.6","4,099.6","4,099.6","4,035.3","914.79K","0.53%"
"10/11/2010","4,078.2","4,078.2","4,099.6","4,078.2","162.38K","-0.52%"
"09/11/2010","4,099.6","4,078.2","4,099.6","4,078.2","264.86K","-1.04%"
"08/11/2010","4,142.6","4,207.0","4,207.0","4,142.6","196.28K","-0.52%"
"05/11/2010","4,164.0","4,121.1","4,185.5","4,121.1","381.78K","0.52%"
"04/11/2010","4,142.6","4,121.1","4,142.6","4,099.6","654.30K","1.05%"
"03/11/2010","4,099.6","4,035.3","4,099.6","4,035.3","283.74K","0.00%"
"02/11/2010","4,099.6","4,035.3","4,099.6","4,035.3","140.33K","-0.52%"
"01/11/2010","4,121.1","4,185.5","4,185.5","4,099.6","137.07K","0.00%"
"29/10/2010","4,121.1","4,078.2","4,121.1","4,056.7","524.11K","1.05%"
"28/10/2010","4,078.2","4,099.6","4,099.6","4,056.7","185.19K","-0.52%"
"27/10/2010","4,099.6","4,056.7","4,099.6","4,056.7","188.23K","0.00%"
"26/10/2010","4,099.6","4,099.6","4,121.1","4,056.7","340.92K","0.00%"
"25/10/2010","4,099.6","4,121.1","4,121.1","4,056.7","206.70K","0.00%"
"22/10/2010","4,099.6","4,056.7","4,121.1","4,056.7","702.20K","0.53%"
"21/10/2010","4,078.2","4,056.7","4,099.6","4,035.3","546.69K","0.00%"
"20/10/2010","4,078.2","4,078.2","4,078.2","4,035.3","550.43K","0.53%"
"19/10/2010","4,056.7","4,078.2","4,099.6","4,035.3","713.07K","-0.53%"
"18/10/2010","4,078.2","4,078.2","4,099.6","4,078.2","466.01K","0.00%"
"15/10/2010","4,078.2","4,056.7","4,078.2","4,035.3","214.30K","0.00%"
"14/10/2010","4,078.2","4,035.3","4,078.2","4,013.8","346.08K","1.06%"
"13/10/2010","4,035.3","4,035.3","4,035.3","4,013.8","486.98K","0.53%"
"12/10/2010","4,013.8","4,035.3","4,035.3","4,013.8","395.15K","-0.53%"
"11/10/2010","4,035.3","4,013.8","4,035.3","4,013.8","364.74K","0.53%"
"08/10/2010","4,013.8","4,013.8","4,035.3","3,992.3","496.10K","0.00%"
"07/10/2010","4,013.8","3,992.3","4,056.7","3,992.3","335.37K","0.00%"
"06/10/2010","4,013.8","4,056.7","4,078.2","3,992.3","427.43K","0.00%"
"05/10/2010","4,013.8","3,906.5","4,013.8","3,906.5","501.46K","1.08%"
"04/10/2010","3,970.9","4,035.3","4,035.3","3,949.4","749.21K","-1.07%"
"01/10/2010","4,013.8","4,078.2","4,078.2","4,013.8","490.15K","-1.06%"
"30/09/2010","4,056.7","4,078.2","4,099.6","4,056.7","962.75K","-0.53%"
"29/09/2010","4,078.2","4,078.2","4,099.6","4,056.7","488.03K","0.00%"
"28/09/2010","4,078.2","4,013.8","4,078.2","4,013.8","665.96K","1.06%"
"27/09/2010","4,035.3","4,035.3","4,035.3","3,992.3","496.74K","0.00%"
"24/09/2010","4,035.3","3,949.4","4,035.3","3,949.4","537.89K","1.62%"
"23/09/2010","3,970.9","3,992.3","3,992.3","3,949.4","582.97K","-0.54%"
"22/09/2010","3,992.3","3,992.3","3,992.3","3,970.9","593.04K","0.00%"
"21/09/2010","3,992.3","4,013.8","4,013.8","3,970.9","971.52K","-0.53%"
"20/09/2010","4,013.8","4,035.3","4,056.7","4,013.8","1.21M","-0.53%"
"17/09/2010","4,035.3","3,970.9","4,078.2","3,970.9","1.48M","-0.53%"
"16/09/2010","4,056.7","4,013.8","4,099.6","4,013.8","1.04M","-1.56%"
"15/09/2010","4,121.1","4,142.6","4,164.0","4,121.1","987.81K","-1.03%"
"14/09/2010","4,164.0","4,121.1","4,249.9","4,121.1","669.92K","-2.02%"
"13/09/2010","4,249.9","4,249.9","4,292.8","4,185.5","419.89K","0.00%"
"10/09/2010","4,249.9","4,292.8","4,314.3","4,249.9","512.83K","-1.00%"
"09/09/2010","4,292.8","4,292.8","4,335.7","4,271.4","406.93K","0.50%"
"08/09/2010","4,271.4","4,357.2","4,357.2","4,271.4","340.66K","-1.49%"
"07/09/2010","4,335.7","4,357.2","4,378.7","4,335.7","598.58K","0.00%"
"06/09/2010","4,335.7","4,335.7","4,335.7","4,292.8","511.72K","4.75%"
"01/09/2010","4,139.0","4,032.0","4,139.0","3,960.6","1.70M","4.98%"
"31/08/2010","3,942.8","4,067.7","4,085.5","3,942.8","2.86M","-0.45%"
"30/08/2010","3,960.6","4,014.2","4,014.2","3,942.8","2.28M","3.26%"
"27/08/2010","3,835.7","3,746.5","3,907.1","3,746.5","1.31M","2.87%"
"26/08/2010","3,728.7","3,693.0","3,782.2","3,693.0","1.12M","0.97%"
"25/08/2010","3,693.0","3,746.5","3,800.1","3,675.2","1.37M","-4.17%"
"24/08/2010","3,853.6","3,871.4","3,924.9","3,853.6","612.68K","-4.00%"
"23/08/2010","4,014.2","4,014.2","4,103.4","4,014.2","505.47K","-2.60%"
"20/08/2010","4,121.2","4,049.8","4,121.2","4,049.8","129.08K","0.00%"
"19/08/2010","4,121.2","4,085.5","4,121.2","4,085.5","368.54K","0.43%"
"18/08/2010","4,103.4","4,139.0","4,139.0","4,103.4","190.14K","-0.86%"
"17/08/2010","4,139.0","4,139.0","4,139.0","4,049.8","283.51K","0.00%"
"16/08/2010","4,139.0","4,121.2","4,156.9","4,103.4","172.49K","3.11%"
"13/08/2010","4,014.2","3,853.6","4,067.7","3,853.6","455.24K","0.00%"
"12/08/2010","4,014.2","4,103.4","4,139.0","4,014.2","682.61K","-3.02%"
"11/08/2010","4,139.0","4,103.4","4,174.7","4,103.4","438.66K","0.43%"
"10/08/2010","4,121.2","4,192.6","4,246.1","4,121.2","299.86K","-3.75%"
"09/08/2010","4,281.8","4,371.0","4,371.0","4,281.8","280.61K","-0.83%"
"06/08/2010","4,317.4","4,281.8","4,335.3","4,281.8","456.46K","0.83%"
"05/08/2010","4,281.8","4,388.8","4,388.8","4,281.8","259.50K","-1.64%"
"04/08/2010","4,353.1","4,388.8","4,406.6","4,353.1","290.22K","-0.81%"
"03/08/2010","4,388.8","4,424.5","4,424.5","4,388.8","219.64K","-0.81%"
"02/08/2010","4,424.5","4,424.5","4,460.2","4,424.5","82.17K","-0.80%"
"30/07/2010","4,460.2","4,442.3","4,478.0","4,424.5","297.84K","0.40%"
"29/07/2010","4,442.3","4,478.0","4,495.9","4,442.3","233.24K","-1.19%"
"28/07/2010","4,495.9","4,495.9","4,513.7","4,495.9","653.12K","0.00%"
"27/07/2010","4,495.9","4,567.2","4,567.2","4,460.2","589.43K","0.40%"
"26/07/2010","4,478.0","4,460.2","4,495.9","4,460.2","299.10K","-0.79%"
"23/07/2010","4,513.7","4,531.5","4,531.5","4,495.9","207.02K","0.00%"
"22/07/2010","4,513.7","4,531.5","4,567.2","4,513.7","184.80K","-1.17%"
"21/07/2010","4,567.2","4,549.4","4,585.1","4,549.4","369.07K","0.00%"
"20/07/2010","4,567.2","4,549.4","4,620.7","4,549.4","186.67K","0.00%"
"19/07/2010","4,567.2","4,531.5","4,602.9","4,531.5","311.07K","0.39%"
"16/07/2010","4,549.4","4,531.5","4,620.7","4,531.5","77.21K","-0.78%"
"15/07/2010","4,585.1","4,585.1","4,602.9","4,567.2","232.59K","-0.77%"
"14/07/2010","4,620.7","4,674.3","4,674.3","4,620.7","151.04K","-1.15%"
"13/07/2010","4,674.3","4,674.3","4,674.3","4,585.1","385.92K","1.95%"
"12/07/2010","4,585.1","4,549.4","4,638.6","4,549.4","237.62K","0.39%"
"09/07/2010","4,567.2","4,567.2","4,585.1","4,549.4","153.93K","0.00%"
"08/07/2010","4,567.2","4,549.4","4,585.1","4,549.4","197.53K","0.39%"
"07/07/2010","4,549.4","4,602.9","4,602.9","4,549.4","207.40K","-0.78%"
"06/07/2010","4,585.1","4,585.1","4,620.7","4,585.1","182.97K","0.00%"
"05/07/2010","4,585.1","4,638.6","4,638.6","4,585.1","219.83K","-0.39%"
"02/07/2010","4,602.9","4,638.6","4,638.6","4,585.1","1.07M","-0.39%"
"01/07/2010","4,620.7","4,727.8","4,727.8","4,620.7","388.28K","-1.89%"
"30/06/2010","4,709.9","4,674.3","4,727.8","4,674.3","446.78K","-1.86%"
"29/06/2010","4,799.1","4,727.8","4,799.1","4,727.8","243.95K","0.37%"
"28/06/2010","4,781.3","4,692.1","4,781.3","4,692.1","271.43K","1.13%"
"25/06/2010","4,727.8","4,781.3","4,781.3","4,727.8","327.15K","-1.49%"
"24/06/2010","4,799.1","4,781.3","4,834.8","4,781.3","457.79K","0.37%"
"23/06/2010","4,781.3","4,709.9","4,781.3","4,709.9","254.05K","0.00%"
"22/06/2010","4,781.3","4,727.8","4,799.1","4,727.8","202.18K","-0.74%"
"21/06/2010","4,817.0","4,834.8","4,834.8","4,799.1","277.45K","-1.46%"
"18/06/2010","4,888.3","4,781.3","4,888.3","4,763.5","1.73M","2.62%"
"17/06/2010","4,763.5","4,727.8","4,763.5","4,709.9","605.17K","0.75%"
"16/06/2010","4,727.8","4,656.4","4,727.8","4,656.4","946.46K","1.53%"
"15/06/2010","4,656.4","4,638.6","4,656.4","4,638.6","464.54K","0.38%"
"14/06/2010","4,638.6","4,620.7","4,692.1","4,620.7","161.40K","-0.76%"
"11/06/2010","4,674.3","4,727.8","4,727.8","4,656.4","235.57K","0.77%"
"10/06/2010","4,638.6","4,620.7","4,656.4","4,620.7","463.66K","0.00%"
"09/06/2010","4,638.6","4,638.6","4,638.6","4,620.7","405.28K","0.00%"
"08/06/2010","4,638.6","4,585.1","4,692.1","4,585.1","692.79K","0.00%"
"07/06/2010","4,638.6","4,567.2","4,674.3","4,567.2","514.01K","-1.89%"
"04/06/2010","4,727.8","4,727.8","4,781.3","4,709.9","218.87K","0.00%"
"03/06/2010","4,727.8","4,745.6","4,763.5","4,727.8","421.25K","-0.38%"
"02/06/2010","4,745.6","4,799.1","4,799.1","4,745.6","277.34K","-1.12%"
"01/06/2010","4,799.1","4,745.6","4,817.0","4,745.6","1.06M","-0.37%"
"31/05/2010","4,817.0","4,817.0","4,817.0","4,799.1","545.68K","0.00%"
"28/05/2010","4,817.0","4,817.0","4,870.5","4,817.0","290.26K","0.37%"
"27/05/2010","4,799.1","4,692.1","4,799.1","4,692.1","582.80K","2.28%"
"26/05/2010","4,692.1","4,692.1","4,727.8","4,692.1","883.46K","0.00%"
"25/05/2010","4,692.1","4,692.1","4,727.8","4,674.3","369.45K","0.00%"
"24/05/2010","4,692.1","4,638.6","4,727.8","4,638.6","427.69K","1.54%"
"21/05/2010","4,620.7","4,638.6","4,727.8","4,620.7","1.28M","-3.36%"
"20/05/2010","4,781.3","4,638.6","4,781.3","4,638.6","746.83K","2.68%"
"19/05/2010","4,656.4","4,781.3","4,781.3","4,638.6","747.02K","-2.97%"
"18/05/2010","4,799.1","4,817.0","4,817.0","4,763.5","710.32K","-0.37%"
"17/05/2010","4,817.0","4,906.2","4,906.2","4,817.0","939.79K","-1.82%"
"14/05/2010","4,906.2","4,906.2","4,977.5","4,906.2","439.01K","-1.08%"
"13/05/2010","4,959.7","4,906.2","4,959.7","4,906.2","644.77K","1.09%"
"12/05/2010","4,906.2","4,959.7","4,959.7","4,906.2","835.63K","-1.08%"
"11/05/2010","4,959.7","5,031.1","5,031.1","4,941.9","475.25K","0.36%"
"10/05/2010","4,941.9","4,977.5","4,977.5","4,924.0","1.20M","-1.42%"
"07/05/2010","5,013.2","4,995.4","5,031.1","4,977.5","861.62K","-1.40%"
"06/05/2010","5,084.6","5,084.6","5,120.3","5,066.8","376.46K","-0.70%"
"05/05/2010","5,120.3","5,173.8","5,173.8","5,102.4","576.44K","-1.71%"
"04/05/2010","5,209.5","5,102.4","5,227.3","5,048.9","2.21M","3.18%"
"29/04/2010","5,048.9","4,995.4","5,048.9","4,995.4","791.19K","0.00%"
"28/04/2010","5,048.9","5,066.8","5,066.8","5,031.1","302.60K","0.00%"
"27/04/2010","5,048.9","5,066.8","5,084.6","5,031.1","597.21K","0.00%"
"26/04/2010","5,048.9","5,084.6","5,120.3","5,048.9","603.42K","-0.35%"
"22/04/2010","5,066.8","5,013.2","5,138.1","5,013.2","740.70K","1.43%"
"21/04/2010","4,995.4","4,977.5","4,995.4","4,977.5","528.72K","0.36%"
"20/04/2010","4,977.5","4,959.7","5,031.1","4,959.7","587.30K","-0.36%"
"19/04/2010","4,995.4","5,031.1","5,031.1","4,977.5","528.38K","-0.71%"
"16/04/2010","5,031.1","5,084.6","5,084.6","5,031.1","286.67K","-0.70%"
"15/04/2010","5,066.8","5,066.8","5,084.6","5,066.8","435.46K","0.35%"
"14/04/2010","5,048.9","5,048.9","5,084.6","5,031.1","345.48K","-0.70%"
"13/04/2010","5,084.6","5,156.0","5,156.0","5,084.6","934.15K","-1.72%"
"12/04/2010","5,173.8","5,048.9","5,173.8","5,031.1","1.30M","2.84%"
"09/04/2010","5,031.1","5,031.1","5,048.9","5,031.1","559.32K","0.00%"
"08/04/2010","5,031.1","5,066.8","5,066.8","5,013.2","458.94K","-0.70%"
"07/04/2010","5,066.8","5,102.4","5,102.4","5,066.8","306.49K","-0.35%"
"06/04/2010","5,084.6","5,031.1","5,102.4","5,031.1","920.20K","1.06%"
"05/04/2010","5,031.1","5,138.1","5,138.1","5,031.1","847.22K","0.00%"
"02/04/2010","5,031.1","5,120.3","5,120.3","5,031.1","558.14K","-0.35%"
"01/04/2010","5,048.9","5,013.2","5,048.9","4,995.4","335.27K","1.07%"
"31/03/2010","4,995.4","5,013.2","5,084.6","4,995.4","527.35K","-1.06%"
"30/03/2010","5,048.9","5,138.1","5,138.1","5,048.9","264.19K","-2.08%"
"29/03/2010","5,156.0","5,084.6","5,156.0","5,066.8","616.19K","0.00%"
"26/03/2010","5,156.0","5,031.1","5,156.0","5,013.2","1.42M","2.48%"
"25/03/2010","5,031.1","5,066.8","5,066.8","4,977.5","1.47M","-2.76%"
"24/03/2010","5,173.8","5,209.5","5,227.3","5,138.1","1.12M","-0.68%"
"23/03/2010","5,209.5","5,263.0","5,316.5","5,191.6","1.13M","1.04%"
"22/03/2010","5,156.0","5,156.0","5,156.0","5,156.0","741.50K","4.71%"
"19/03/2010","4,924.0","5,191.6","5,191.6","4,924.0","7.74M","-4.50%"
"18/03/2010","5,156.0","5,084.6","5,156.0","5,084.6","3.93M","1.76%"
"17/03/2010","5,066.8","5,245.2","5,316.5","5,066.8","3.37M","-4.70%"
"16/03/2010","5,316.5","5,352.2","5,512.8","5,316.5","1.39M","-3.87%"
"15/03/2010","5,530.6","5,619.8","5,655.5","5,530.6","947.07K","-1.27%"
"12/03/2010","5,602.0","5,584.1","5,619.8","5,566.3","633.37K","0.32%"
"11/03/2010","5,584.1","5,619.8","5,709.0","5,566.3","444.04K","-2.19%"
"10/03/2010","5,709.0","5,744.7","5,762.5","5,691.2","1.17M","0.00%"
"09/03/2010","5,709.0","5,530.6","5,709.0","5,530.6","1.16M","1.91%"
"08/03/2010","5,602.0","5,619.8","5,619.8","5,530.6","2.39M","-0.32%"
"05/03/2010","5,619.8","5,709.0","5,780.4","5,619.8","1.11M","-2.78%"
"04/03/2010","5,780.4","5,673.3","5,869.6","5,673.3","1.28M","1.89%"
"03/03/2010","5,673.3","5,780.4","5,780.4","5,530.6","1.55M","-1.85%"
"02/03/2010","5,780.4","5,940.9","5,976.6","5,780.4","2.11M","-4.42%"
"01/03/2010","6,048.0","5,851.7","6,065.8","5,851.7","4.69M","4.63%"
"26/02/2010","5,780.4","5,530.6","5,780.4","5,494.9","4.76M","3.51%"
"25/02/2010","5,584.1","5,530.6","5,584.1","5,405.7","2.78M","0.97%"
"24/02/2010","5,530.6","5,370.0","5,530.6","5,316.5","2.74M","3.33%"
"23/02/2010","5,352.2","5,334.4","5,352.2","5,263.0","1.99M","0.33%"
"22/02/2010","5,334.4","5,334.4","5,334.4","5,173.8","1.01M","3.10%"
"12/02/2010","5,173.8","5,209.5","5,209.5","5,138.1","396.28K","0.00%"
"11/02/2010","5,173.8","5,031.1","5,173.8","4,959.7","567.59K","4.32%"
"10/02/2010","4,959.7","4,959.7","4,959.7","4,941.9","175.92K","1.83%"
"09/02/2010","4,870.5","4,906.2","4,906.2","4,870.5","195.40K","-0.73%"
"08/02/2010","4,906.2","4,906.2","4,906.2","4,852.7","445.48K","-0.72%"
"05/02/2010","4,941.9","4,959.7","4,995.4","4,941.9","377.42K","-1.07%"
"04/02/2010","4,995.4","4,995.4","4,995.4","4,959.7","336.49K","0.72%"
"03/02/2010","4,959.7","4,977.5","4,995.4","4,959.7","358.13K","-0.36%"
"02/02/2010","4,977.5","4,941.9","4,995.4","4,941.9","199.89K","0.00%"
"01/02/2010","4,977.5","4,995.4","5,084.6","4,977.5","147.07K","-0.36%"
"29/01/2010","4,995.4","5,084.6","5,084.6","4,995.4","387.21K","-1.75%"
"28/01/2010","5,084.6","5,013.2","5,102.4","4,995.4","590.54K","1.42%"
"27/01/2010","5,013.2","5,031.1","5,084.6","5,013.2","180.15K","-3.10%"
"26/01/2010","5,173.8","5,156.0","5,173.8","5,084.6","460.04K","2.11%"
"25/01/2010","5,066.8","4,995.4","5,066.8","4,995.4","496.17K","1.43%"
"22/01/2010","4,995.4","4,995.4","5,013.2","4,959.7","516.22K","0.00%"
"21/01/2010","4,995.4","5,102.4","5,102.4","4,995.4","730.18K","0.00%"
"20/01/2010","4,995.4","5,173.8","5,173.8","4,995.4","368.27K","-3.11%"
"19/01/2010","5,156.0","5,173.8","5,173.8","5,138.1","387.14K","1.05%"
"18/01/2010","5,102.4","5,173.8","5,173.8","5,102.4","546.59K","-1.38%"
"15/01/2010","5,173.8","5,173.8","5,227.3","5,173.8","759.29K","-0.34%"
"14/01/2010","5,191.6","5,263.0","5,263.0","5,191.6","293.65K","0.00%"
"13/01/2010","5,191.6","5,191.6","5,263.0","5,084.6","726.37K","0.00%"
"12/01/2010","5,191.6","5,316.5","5,316.5","5,191.6","944.67K","-1.69%"
"11/01/2010","5,280.8","5,263.0","5,280.8","5,209.5","906.56K","1.02%"
"08/01/2010","5,227.3","5,352.2","5,352.2","5,227.3","984.72K","-1.01%"
"07/01/2010","5,280.8","5,298.7","5,334.4","5,280.8","668.67K","-1.66%"
"06/01/2010","5,370.0","5,352.2","5,477.1","5,352.2","1.51M","-4.44%"
"05/01/2010","5,619.8","5,709.0","5,709.0","5,566.3","1.57M","1.94%"
"04/01/2010","5,512.8","5,352.2","5,512.8","5,263.0","1.04M","4.75%"