"Ngày","Lần cuối","Mở","Cao","Thấp","KL","% Thay đổi"
"31/12/2025","24,000.0","24,150.0","24,250.0","23,900.0","5.93M","-0.41%"
"30/12/2025","24,100.0","24,000.0","24,200.0","23,900.0","5.34M","0.42%"
"29/12/2025","24,000.0","23,850.0","24,100.0","23,800.0","3.77M","0.42%"
"26/12/2025","23,900.0","23,900.0","24,050.0","23,650.0","7.83M","-0.42%"
"25/12/2025","24,000.0","24,300.0","24,600.0","24,000.0","7.25M","-1.23%"
"24/12/2025","24,300.0","24,150.0","24,450.0","23,950.0","8.71M","0.41%"
"23/12/2025","24,200.0","24,450.0","24,600.0","23,950.0","8.58M","-0.41%"
"22/12/2025","24,300.0","24,000.0","24,450.0","23,900.0","10.01M","1.67%"
"19/12/2025","23,900.0","23,900.0","24,050.0","23,850.0","3.54M","0.21%"
"18/12/2025","23,850.0","24,000.0","24,000.0","23,800.0","3.56M","-0.63%"
"17/12/2025","24,000.0","24,050.0","24,150.0","23,900.0","6.43M","0.00%"
"16/12/2025","24,000.0","23,550.0","24,800.0","23,450.0","9.83M","1.91%"
"15/12/2025","23,550.0","23,500.0","23,600.0","23,450.0","9.32M","0.21%"
"12/12/2025","23,500.0","24,050.0","24,100.0","23,500.0","13.92M","-1.88%"
"11/12/2025","23,950.0","24,250.0","24,250.0","23,950.0","7.53M","-0.62%"
"10/12/2025","24,100.0","24,150.0","24,300.0","24,050.0","5.46M","0.00%"
"09/12/2025","24,100.0","24,200.0","24,250.0","24,000.0","11.33M","-0.41%"
"08/12/2025","24,200.0","24,250.0","24,450.0","24,200.0","4.94M","-0.62%"
"05/12/2025","24,350.0","24,900.0","25,000.0","24,350.0","8.99M","-2.21%"
"04/12/2025","24,900.0","24,550.0","25,000.0","24,500.0","12.22M","1.84%"
"03/12/2025","24,450.0","24,000.0","24,550.0","24,000.0","16.05M","2.09%"
"02/12/2025","23,950.0","24,050.0","24,150.0","23,850.0","15.50M","-0.21%"
"01/12/2025","24,000.0","24,300.0","24,350.0","24,000.0","9.24M","-1.03%"
"28/11/2025","24,250.0","24,350.0","24,450.0","24,250.0","5.36M","-0.41%"
"27/11/2025","24,350.0","24,450.0","24,500.0","24,300.0","7.79M","0.62%"
"26/11/2025","24,200.0","24,200.0","24,400.0","24,150.0","9.00M","0.00%"
"25/11/2025","24,200.0","24,650.0","24,700.0","24,100.0","15.86M","-1.63%"
"24/11/2025","24,600.0","24,700.0","24,850.0","24,600.0","7.08M","-0.40%"
"21/11/2025","24,700.0","24,750.0","24,850.0","24,600.0","7.30M","-0.40%"
"20/11/2025","24,800.0","25,000.0","25,000.0","24,800.0","6.15M","-0.40%"
"19/11/2025","24,900.0","25,150.0","25,150.0","24,850.0","5.99M","-0.80%"
"18/11/2025","25,100.0","25,200.0","25,400.0","25,050.0","6.39M","-0.20%"
"17/11/2025","25,150.0","25,000.0","25,150.0","24,950.0","3.95M","0.80%"
"14/11/2025","24,950.0","25,100.0","25,100.0","24,900.0","6.76M","-0.60%"
"13/11/2025","25,100.0","25,200.0","25,200.0","25,000.0","5.64M","-0.40%"
"12/11/2025","25,200.0","25,000.0","25,200.0","24,800.0","6.32M","1.41%"
"11/11/2025","24,850.0","24,850.0","25,050.0","24,800.0","6.96M","0.20%"
"10/11/2025","24,800.0","24,900.0","25,200.0","24,700.0","7.22M","-0.40%"
"07/11/2025","24,900.0","25,250.0","25,300.0","24,850.0","12.11M","-1.58%"
"06/11/2025","25,300.0","25,550.0","25,700.0","25,300.0","6.53M","-1.17%"
"05/11/2025","25,600.0","25,800.0","25,900.0","25,550.0","6.21M","-1.54%"
"04/11/2025","26,000.0","25,450.0","26,100.0","25,400.0","17.97M","2.16%"
"03/11/2025","25,450.0","25,400.0","25,900.0","25,300.0","13.86M","-0.20%"
"31/10/2025","25,500.0","25,300.0","25,500.0","25,050.0","12.75M","1.59%"
"30/10/2025","25,100.0","25,500.0","25,700.0","25,000.0","9.31M","-1.18%"
"29/10/2025","25,400.0","25,400.0","25,550.0","25,300.0","6.35M","0.00%"
"28/10/2025","25,400.0","25,100.0","25,400.0","25,050.0","10.31M","1.60%"
"27/10/2025","25,000.0","25,300.0","25,550.0","24,950.0","10.21M","0.00%"
"24/10/2025","25,000.0","24,950.0","25,300.0","24,800.0","11.72M","0.20%"
"23/10/2025","24,950.0","25,100.0","25,200.0","24,950.0","8.75M","-0.60%"
"22/10/2025","25,100.0","25,200.0","25,300.0","24,650.0","15.62M","0.40%"
"21/10/2025","25,000.0","24,850.0","25,300.0","24,850.0","19.37M","0.81%"
"20/10/2025","24,800.0","25,600.0","25,650.0","24,600.0","32.23M","-3.69%"
"17/10/2025","25,750.0","26,300.0","26,400.0","25,750.0","16.29M","-2.09%"
"16/10/2025","26,300.0","26,400.0","26,550.0","26,150.0","13.46M","0.00%"
"15/10/2025","26,300.0","26,400.0","26,650.0","26,150.0","14.42M","0.00%"
"14/10/2025","26,300.0","26,750.0","26,950.0","26,250.0","18.53M","-1.68%"
"13/10/2025","26,750.0","26,550.0","26,800.0","26,400.0","18.37M","-0.74%"
"10/10/2025","26,950.0","27,050.0","27,200.0","26,800.0","16.34M","0.00%"
"09/10/2025","26,950.0","26,800.0","26,950.0","26,600.0","16.39M","0.75%"
"08/10/2025","26,750.0","26,650.0","26,850.0","26,600.0","18.23M","1.13%"
"07/10/2025","26,450.0","26,900.0","26,900.0","26,450.0","12.39M","-1.31%"
"06/10/2025","26,800.0","26,150.0","26,800.0","25,900.0","20.29M","4.48%"
"03/10/2025","25,650.0","25,750.0","25,850.0","25,500.0","9.81M","-0.39%"
"02/10/2025","25,750.0","25,900.0","26,200.0","25,700.0","10.94M","-0.19%"
"01/10/2025","25,800.0","25,700.0","25,950.0","25,550.0","10.48M","1.18%"
"30/09/2025","25,500.0","25,750.0","25,800.0","25,450.0","9.28M","-0.39%"
"29/09/2025","25,600.0","25,550.0","25,800.0","25,350.0","8.27M","-0.19%"
"26/09/2025","25,650.0","25,650.0","25,750.0","25,450.0","8.97M","0.00%"
"25/09/2025","25,650.0","26,150.0","26,150.0","25,650.0","8.16M","-1.35%"
"24/09/2025","26,000.0","25,500.0","26,000.0","25,250.0","10.85M","2.56%"
"23/09/2025","25,350.0","25,150.0","25,700.0","25,150.0","9.39M","0.80%"
"22/09/2025","25,150.0","25,450.0","25,450.0","25,050.0","19.40M","-0.79%"
"19/09/2025","25,350.0","25,800.0","25,800.0","25,300.0","13.43M","-0.78%"
"18/09/2025","25,550.0","26,200.0","26,200.0","25,550.0","21.85M","-2.29%"
"17/09/2025","26,150.0","26,400.0","26,450.0","26,050.0","13.05M","-0.95%"
"16/09/2025","26,400.0","26,600.0","26,600.0","26,200.0","40.11M","0.00%"
"15/09/2025","26,400.0","26,300.0","26,650.0","26,100.0","27.90M","0.38%"
"12/09/2025","26,300.0","26,550.0","26,650.0","26,200.0","12.22M","0.38%"
"11/09/2025","26,200.0","26,500.0","26,550.0","25,800.0","20.45M","-1.32%"
"10/09/2025","26,550.0","26,700.0","26,850.0","26,450.0","14.09M","0.00%"
"09/09/2025","26,550.0","26,950.0","26,950.0","26,450.0","15.20M","0.00%"
"08/09/2025","26,550.0","27,000.0","27,600.0","26,550.0","26.15M","-2.21%"
"05/09/2025","27,150.0","27,950.0","28,050.0","27,150.0","23.54M","-1.81%"
"04/09/2025","27,650.0","27,600.0","27,750.0","27,400.0","11.28M","0.55%"
"03/09/2025","27,500.0","27,700.0","27,750.0","27,200.0","18.72M","-1.08%"
"29/08/2025","27,800.0","27,750.0","28,400.0","27,500.0","21.63M","0.91%"
"28/08/2025","27,550.0","27,800.0","28,150.0","27,100.0","13.93M","-0.36%"
"27/08/2025","27,650.0","27,800.0","28,600.0","27,550.0","18.83M","1.10%"
"26/08/2025","27,350.0","26,250.0","27,400.0","26,100.0","20.81M","4.39%"
"25/08/2025","26,200.0","28,200.0","28,400.0","25,950.0","37.41M","-5.92%"
"22/08/2025","27,850.0","29,000.0","29,400.0","27,650.0","43.01M","-5.43%"
"21/08/2025","29,450.0","28,300.0","29,500.0","28,000.0","45.80M","5.18%"
"20/08/2025","28,000.0","28,500.0","28,500.0","26,900.0","33.27M","-1.58%"
"19/08/2025","28,450.0","27,050.0","28,700.0","27,000.0","41.18M","5.18%"
"18/08/2025","27,050.0","26,800.0","27,500.0","26,350.0","28.48M","1.88%"
"15/08/2025","26,550.0","27,300.0","27,600.0","26,350.0","29.32M","1.34%"
"14/08/2025","26,200.0","24,750.0","26,200.0","24,700.0","34.89M","6.94%"
"13/08/2025","24,500.0","24,400.0","24,650.0","24,150.0","19.29M","1.03%"
"12/08/2025","24,250.0","24,500.0","24,550.0","24,100.0","14.63M","-0.61%"
"11/08/2025","24,400.0","24,300.0","24,700.0","24,250.0","16.06M","0.62%"
"08/08/2025","24,250.0","24,500.0","24,800.0","24,000.0","15.79M","-0.61%"
"07/08/2025","24,400.0","24,400.0","24,650.0","24,100.0","19.10M","0.83%"
"06/08/2025","24,200.0","23,700.0","24,400.0","23,700.0","16.25M","3.20%"
"05/08/2025","23,450.0","23,500.0","24,500.0","23,300.0","42.32M","0.64%"
"04/08/2025","23,300.0","23,000.0","23,300.0","22,800.0","11.14M","1.30%"
"01/08/2025","23,000.0","23,000.0","23,050.0","22,800.0","7.32M","0.00%"
"31/07/2025","23,000.0","23,200.0","23,250.0","22,700.0","10.61M","0.00%"
"30/07/2025","23,000.0","22,750.0","23,100.0","22,700.0","15.00M","1.10%"
"29/07/2025","22,750.0","23,900.0","23,950.0","22,750.0","34.03M","-4.61%"
"28/07/2025","23,850.0","23,700.0","23,850.0","23,500.0","16.87M","1.06%"
"25/07/2025","23,600.0","23,450.0","23,700.0","23,450.0","17.56M","1.72%"
"24/07/2025","23,200.0","23,150.0","23,500.0","23,100.0","15.17M","0.87%"
"23/07/2025","23,000.0","23,050.0","23,150.0","22,900.0","15.20M","0.44%"
"22/07/2025","22,900.0","22,850.0","22,900.0","22,600.0","12.04M","0.22%"
"21/07/2025","22,850.0","22,700.0","23,100.0","22,650.0","17.14M","0.88%"
"18/07/2025","22,650.0","22,500.0","22,750.0","22,400.0","17.84M","0.89%"
"17/07/2025","22,450.0","22,450.0","22,550.0","22,400.0","15.11M","0.00%"
"16/07/2025","22,450.0","22,450.0","22,550.0","22,300.0","10.93M","0.00%"
"15/07/2025","22,450.0","22,700.0","22,800.0","22,450.0","12.69M","-1.10%"
"14/07/2025","22,700.0","22,750.0","22,850.0","22,350.0","12.30M","0.00%"
"11/07/2025","22,700.0","22,550.0","22,750.0","22,500.0","15.98M","0.67%"
"10/07/2025","22,550.0","22,650.0","22,700.0","22,400.0","9.13M","0.45%"
"09/07/2025","22,450.0","22,250.0","22,500.0","22,250.0","18.70M","0.90%"
"08/07/2025","22,250.0","22,400.0","22,400.0","22,100.0","14.68M","0.00%"
"07/07/2025","22,250.0","22,050.0","22,350.0","21,900.0","17.32M","1.83%"
"04/07/2025","21,850.0","21,450.0","22,200.0","21,450.0","26.96M","2.10%"
"03/07/2025","21,400.0","21,350.0","21,600.0","21,300.0","15.13M","0.47%"
"02/07/2025","21,300.0","21,300.0","21,450.0","21,250.0","7.63M","0.00%"
"01/07/2025","21,300.0","21,300.0","21,400.0","21,250.0","7.53M","0.00%"
"30/06/2025","21,300.0","21,250.0","21,300.0","21,150.0","5.86M","0.47%"
"27/06/2025","21,200.0","21,300.0","21,300.0","21,150.0","6.31M","0.00%"
"26/06/2025","21,200.0","21,300.0","21,350.0","21,150.0","9.90M","-0.24%"
"25/06/2025","21,250.0","21,350.0","21,450.0","21,250.0","7.77M","-0.23%"
"24/06/2025","21,300.0","21,450.0","21,600.0","21,300.0","8.57M","-0.23%"
"23/06/2025","21,350.0","21,400.0","21,450.0","21,250.0","8.98M","-0.47%"
"20/06/2025","21,450.0","21,300.0","21,750.0","21,300.0","15.75M","0.70%"
"19/06/2025","21,300.0","21,300.0","21,350.0","21,150.0","7.28M","0.00%"
"18/06/2025","21,300.0","21,200.0","21,350.0","21,150.0","7.43M","0.47%"
"17/06/2025","21,200.0","21,400.0","21,450.0","21,150.0","7.03M","-0.47%"
"16/06/2025","21,300.0","21,000.0","21,300.0","20,950.0","8.99M","1.19%"
"13/06/2025","21,050.0","21,000.0","21,350.0","20,900.0","10.05M","0.00%"
"12/06/2025","21,050.0","21,050.0","21,150.0","20,950.0","6.55M","0.48%"
"11/06/2025","20,950.0","21,000.0","21,050.0","20,900.0","3.58M","0.00%"
"10/06/2025","20,950.0","21,050.0","21,050.0","20,900.0","5.71M","0.00%"
"09/06/2025","20,950.0","21,000.0","21,050.0","20,900.0","5.71M","-0.24%"
"06/06/2025","21,000.0","21,050.0","21,200.0","21,000.0","6.78M","0.00%"
"05/06/2025","21,000.0","21,150.0","21,200.0","21,000.0","5.32M","-0.47%"
"04/06/2025","21,100.0","21,300.0","21,350.0","21,100.0","5.69M","-0.71%"
"03/06/2025","21,250.0","21,150.0","21,300.0","21,150.0","7.28M","0.71%"
"02/06/2025","21,100.0","21,100.0","21,200.0","21,000.0","8.19M","0.00%"
"30/05/2025","21,100.0","21,300.0","21,350.0","21,100.0","7.91M","-0.94%"
"29/05/2025","21,300.0","21,450.0","21,500.0","21,300.0","9.07M","-0.47%"
"28/05/2025","21,400.0","21,500.0","21,550.0","21,350.0","7.86M","-0.23%"
"27/05/2025","21,450.0","21,600.0","21,600.0","21,400.0","9.32M","-0.23%"
"26/05/2025","21,500.0","21,600.0","21,650.0","21,100.0","9.94M","-0.46%"
"23/05/2025","21,600.0","21,550.0","21,600.0","21,450.0","11.96M","0.65%"
"22/05/2025","21,461.2","21,587.2","21,629.2","21,419.2","20.74M","-0.39%"
"21/05/2025","21,545.2","21,629.2","21,755.2","21,503.2","14.22M","0.20%"
"20/05/2025","21,503.2","21,419.2","21,545.2","21,335.2","12.68M","0.79%"
"19/05/2025","21,335.2","21,377.2","21,587.2","21,251.2","16.00M","-0.20%"
"16/05/2025","21,377.2","21,587.2","21,587.2","21,377.2","12.30M","-16.33%"
"15/05/2025","25,550.0","25,500.0","25,650.0","25,100.0","24.65M","3.02%"
"14/05/2025","24,800.0","24,650.0","24,950.0","24,650.0","10.92M","0.81%"
"13/05/2025","24,600.0","24,550.0","24,700.0","24,450.0","9.65M","0.82%"
"12/05/2025","24,400.0","24,250.0","24,450.0","24,150.0","9.19M","1.04%"
"09/05/2025","24,150.0","24,450.0","24,450.0","24,100.0","5.62M","0.00%"
"08/05/2025","24,150.0","24,100.0","24,150.0","23,950.0","7.28M","0.63%"
"07/05/2025","24,000.0","24,200.0","24,200.0","23,950.0","7.76M","0.00%"
"06/05/2025","24,000.0","24,050.0","24,200.0","24,000.0","8.43M","-0.21%"
"05/05/2025","24,050.0","24,250.0","24,250.0","24,000.0","4.63M","0.00%"
"29/04/2025","24,050.0","23,950.0","24,200.0","23,950.0","3.58M","0.42%"
"28/04/2025","23,950.0","24,050.0","24,050.0","23,850.0","4.01M","0.21%"
"25/04/2025","23,900.0","24,400.0","24,400.0","23,900.0","13.36M","-1.04%"
"24/04/2025","24,150.0","24,400.0","24,550.0","24,150.0","6.48M","-1.83%"
"23/04/2025","24,600.0","24,600.0","24,600.0","24,150.0","6.83M","2.07%"
"22/04/2025","24,100.0","24,300.0","24,400.0","22,650.0","13.61M","0.00%"
"21/04/2025","24,100.0","24,350.0","24,500.0","24,100.0","7.25M","-1.63%"
"18/04/2025","24,500.0","24,500.0","24,750.0","24,450.0","11.00M","0.82%"
"17/04/2025","24,300.0","24,500.0","24,550.0","24,100.0","10.14M","0.00%"
"16/04/2025","24,300.0","24,450.0","24,700.0","24,150.0","11.03M","0.83%"
"15/04/2025","24,100.0","24,600.0","24,700.0","24,100.0","14.72M","-2.82%"
"14/04/2025","24,800.0","24,850.0","25,350.0","24,600.0","19.36M","-0.20%"
"11/04/2025","24,850.0","24,800.0","24,900.0","23,950.0","35.98M","6.65%"
"10/04/2025","23,300.0","23,300.0","23,300.0","23,300.0","996.70K","6.88%"
"09/04/2025","21,800.0","20,750.0","22,850.0","20,750.0","36.85M","-1.58%"
"08/04/2025","22,150.0","23,100.0","23,300.0","22,150.0","43.68M","-6.93%"
"04/04/2025","23,800.0","22,700.0","23,800.0","22,500.0","72.25M","-1.45%"
"03/04/2025","24,150.0","25,150.0","25,350.0","24,150.0","39.69M","-6.94%"
"02/04/2025","25,950.0","26,100.0","26,200.0","25,900.0","7.48M","-0.38%"
"01/04/2025","26,050.0","26,000.0","26,050.0","25,900.0","3.05M","0.19%"
"31/03/2025","26,000.0","25,850.0","26,000.0","25,800.0","9.13M","0.19%"
"28/03/2025","25,950.0","26,000.0","26,050.0","25,850.0","9.73M","-0.19%"
"27/03/2025","26,000.0","26,000.0","26,200.0","25,950.0","6.65M","-0.57%"
"26/03/2025","26,150.0","26,300.0","26,450.0","26,100.0","7.43M","-0.57%"
"25/03/2025","26,300.0","26,400.0","26,450.0","26,150.0","5.60M","-0.19%"
"24/03/2025","26,350.0","26,250.0","26,350.0","26,050.0","7.89M","0.96%"
"21/03/2025","26,100.0","26,250.0","26,300.0","26,100.0","4.13M","-0.57%"
"20/03/2025","26,250.0","26,400.0","26,450.0","26,150.0","4.86M","0.19%"
"19/03/2025","26,200.0","26,300.0","26,300.0","26,050.0","7.91M","-0.38%"
"18/03/2025","26,300.0","26,300.0","26,550.0","26,250.0","6.01M","0.38%"
"17/03/2025","26,200.0","26,100.0","26,250.0","26,000.0","5.66M","0.77%"
"14/03/2025","26,000.0","26,200.0","26,200.0","25,900.0","11.55M","-0.38%"
"13/03/2025","26,100.0","26,350.0","26,450.0","26,100.0","8.89M","-0.76%"
"12/03/2025","26,300.0","26,500.0","26,700.0","26,200.0","7.80M","-0.57%"
"11/03/2025","26,450.0","26,300.0","26,450.0","26,100.0","9.14M","0.00%"
"10/03/2025","26,450.0","26,700.0","26,750.0","26,400.0","8.49M","-0.75%"
"07/03/2025","26,650.0","26,500.0","26,800.0","26,350.0","10.71M","0.95%"
"06/03/2025","26,400.0","26,250.0","26,400.0","26,150.0","5.07M","0.96%"
"05/03/2025","26,150.0","26,300.0","26,650.0","26,150.0","11.67M","0.00%"
"04/03/2025","26,150.0","25,900.0","26,200.0","25,800.0","9.96M","0.58%"
"03/03/2025","26,000.0","26,000.0","26,050.0","25,800.0","5.60M","0.00%"
"28/02/2025","26,000.0","26,000.0","26,200.0","25,800.0","5.47M","-0.38%"
"27/02/2025","26,100.0","26,000.0","26,100.0","25,850.0","5.66M","0.58%"
"26/02/2025","25,950.0","26,050.0","26,100.0","25,950.0","5.06M","-0.19%"
"25/02/2025","26,000.0","26,150.0","26,250.0","26,000.0","6.48M","-0.57%"
"24/02/2025","26,150.0","26,050.0","26,250.0","26,050.0","6.40M","-0.19%"
"21/02/2025","26,200.0","26,000.0","26,350.0","25,950.0","12.72M","0.96%"
"20/02/2025","25,950.0","25,850.0","25,950.0","25,750.0","5.71M","0.58%"
"19/02/2025","25,800.0","25,750.0","25,900.0","25,700.0","5.03M","0.19%"
"18/02/2025","25,750.0","25,800.0","26,000.0","25,750.0","5.16M","-0.19%"
"17/02/2025","25,800.0","25,950.0","25,950.0","25,750.0","5.73M","0.19%"
"14/02/2025","25,750.0","25,950.0","25,950.0","25,700.0","8.14M","0.19%"
"13/02/2025","25,700.0","25,650.0","25,750.0","25,550.0","5.75M","0.19%"
"12/02/2025","25,650.0","25,900.0","26,000.0","25,650.0","6.79M","-0.77%"
"11/02/2025","25,850.0","25,850.0","25,950.0","25,700.0","5.42M","0.19%"
"10/02/2025","25,800.0","25,650.0","26,150.0","25,500.0","14.03M","0.39%"
"07/02/2025","25,700.0","25,500.0","25,800.0","25,400.0","9.88M","0.78%"
"06/02/2025","25,500.0","25,500.0","25,650.0","25,400.0","5.59M","0.39%"
"05/02/2025","25,400.0","25,250.0","25,400.0","25,200.0","7.49M","0.59%"
"04/02/2025","25,250.0","25,250.0","25,350.0","25,050.0","4.90M","0.60%"
"03/02/2025","25,100.0","25,050.0","25,300.0","24,900.0","4.77M","-0.99%"
"24/01/2025","25,350.0","25,200.0","25,500.0","25,200.0","4.90M","0.20%"
"23/01/2025","25,300.0","24,900.0","25,400.0","24,900.0","8.90M","1.81%"
"22/01/2025","24,850.0","25,000.0","25,000.0","24,800.0","2.79M","-0.40%"
"21/01/2025","24,950.0","25,050.0","25,100.0","24,850.0","4.34M","-0.20%"
"20/01/2025","25,000.0","24,950.0","25,050.0","24,800.0","4.00M","0.20%"
"17/01/2025","24,950.0","24,850.0","25,000.0","24,800.0","2.38M","0.40%"
"16/01/2025","24,850.0","24,850.0","25,050.0","24,700.0","5.01M","-0.20%"
"15/01/2025","24,900.0","24,850.0","24,950.0","24,650.0","7.43M","1.01%"
"14/01/2025","24,650.0","24,750.0","24,800.0","24,500.0","5.06M","-0.40%"
"13/01/2025","24,750.0","24,500.0","24,850.0","24,500.0","4.63M","0.20%"
"10/01/2025","24,700.0","24,900.0","24,950.0","24,700.0","4.71M","-1.00%"
"09/01/2025","24,950.0","24,950.0","25,000.0","24,850.0","3.84M","-0.20%"
"08/01/2025","25,000.0","25,000.0","25,000.0","24,800.0","4.09M","0.00%"
"07/01/2025","25,000.0","24,800.0","25,050.0","24,800.0","5.02M","0.81%"
"06/01/2025","24,800.0","25,000.0","25,050.0","24,750.0","12.05M","-1.20%"
"03/01/2025","25,100.0","25,500.0","25,550.0","25,100.0","5.02M","-1.95%"
"02/01/2025","25,600.0","25,600.0","25,700.0","25,400.0","4.57M","-0.78%"
"31/12/2024","25,800.0","25,400.0","25,800.0","25,350.0","8.84M","1.57%"
"30/12/2024","25,400.0","25,350.0","25,650.0","25,350.0","5.00M","-0.59%"
"27/12/2024","25,550.0","25,600.0","25,700.0","25,500.0","7.69M","0.00%"
"26/12/2024","25,550.0","25,450.0","25,550.0","25,400.0","5.58M","0.39%"
"25/12/2024","25,450.0","25,000.0","25,600.0","24,950.0","9.51M","1.80%"
"24/12/2024","25,000.0","24,900.0","25,000.0","24,800.0","3.23M","0.40%"
"23/12/2024","24,900.0","24,850.0","24,950.0","24,800.0","3.47M","0.40%"
"20/12/2024","24,800.0","24,850.0","24,900.0","24,750.0","4.72M","0.00%"
"19/12/2024","24,800.0","25,050.0","25,050.0","24,700.0","9.71M","-1.39%"
"18/12/2024","25,150.0","25,250.0","25,250.0","25,100.0","3.38M","-0.20%"
"17/12/2024","25,200.0","25,250.0","25,250.0","25,050.0","3.33M","0.20%"
"16/12/2024","25,150.0","25,150.0","25,250.0","25,050.0","5.16M","0.00%"
"13/12/2024","25,150.0","25,300.0","25,300.0","25,100.0","6.04M","-0.59%"
"12/12/2024","25,300.0","25,400.0","25,500.0","25,250.0","5.86M","-0.39%"
"11/12/2024","25,400.0","25,350.0","25,500.0","25,200.0","8.83M","0.20%"
"10/12/2024","25,350.0","25,500.0","25,500.0","25,350.0","3.40M","-0.59%"
"09/12/2024","25,500.0","25,600.0","25,650.0","25,350.0","5.41M","-0.58%"
"06/12/2024","25,650.0","25,500.0","25,750.0","25,500.0","6.05M","-0.19%"
"05/12/2024","25,700.0","25,000.0","25,700.0","24,950.0","8.27M","2.59%"
"04/12/2024","25,050.0","24,950.0","25,050.0","24,850.0","4.62M","0.20%"
"03/12/2024","25,000.0","25,200.0","25,200.0","24,950.0","6.13M","-0.60%"
"02/12/2024","25,150.0","25,250.0","25,350.0","25,050.0","2.49M","-0.20%"
"29/11/2024","25,200.0","25,150.0","25,200.0","25,000.0","3.88M","0.20%"
"28/11/2024","25,150.0","25,150.0","25,200.0","24,950.0","4.59M","0.40%"
"27/11/2024","25,050.0","24,950.0","25,200.0","24,950.0","2.74M","0.20%"
"26/11/2024","25,000.0","24,900.0","25,100.0","24,850.0","3.56M","0.40%"
"25/11/2024","24,900.0","24,950.0","25,000.0","24,800.0","4.11M","-0.20%"
"22/11/2024","24,950.0","24,850.0","24,950.0","24,650.0","5.69M","0.40%"
"21/11/2024","24,850.0","24,500.0","24,850.0","24,250.0","7.58M","1.43%"
"20/11/2024","24,500.0","24,200.0","24,550.0","24,150.0","6.24M","0.82%"
"19/11/2024","24,300.0","24,500.0","24,550.0","24,300.0","5.78M","-0.82%"
"18/11/2024","24,500.0","24,400.0","24,600.0","24,100.0","8.11M","0.41%"
"15/11/2024","24,400.0","24,550.0","24,600.0","24,300.0","9.28M","-0.61%"
"14/11/2024","24,550.0","24,650.0","24,850.0","24,550.0","5.80M","-1.41%"
"13/11/2024","24,900.0","24,800.0","24,900.0","24,600.0","6.39M","0.20%"
"12/11/2024","24,850.0","24,800.0","24,950.0","24,650.0","4.14M","0.00%"
"11/11/2024","24,850.0","24,900.0","25,000.0","24,650.0","6.74M","-0.20%"
"08/11/2024","24,900.0","25,100.0","25,200.0","24,750.0","8.22M","-0.80%"
"07/11/2024","25,100.0","25,200.0","25,300.0","24,900.0","4.84M","0.00%"
"06/11/2024","25,100.0","24,900.0","25,200.0","24,800.0","6.24M","1.41%"
"05/11/2024","24,750.0","24,800.0","24,900.0","24,750.0","3.07M","0.00%"
"04/11/2024","24,750.0","25,000.0","25,050.0","24,650.0","9.12M","-0.60%"
"01/11/2024","24,900.0","25,300.0","25,400.0","24,900.0","7.86M","-1.97%"
"31/10/2024","25,400.0","25,100.0","25,450.0","25,050.0","5.07M","1.20%"
"30/10/2024","25,100.0","25,200.0","25,250.0","24,950.0","3.87M","-0.40%"
"29/10/2024","25,200.0","25,300.0","25,300.0","25,100.0","4.18M","0.20%"
"28/10/2024","25,150.0","24,900.0","25,150.0","24,750.0","5.00M","1.00%"
"25/10/2024","24,900.0","25,000.0","25,100.0","24,850.0","9.22M","-0.40%"
"24/10/2024","25,000.0","25,400.0","25,450.0","25,000.0","8.93M","-1.57%"
"23/10/2024","25,400.0","25,400.0","25,550.0","25,150.0","7.70M","0.00%"
"22/10/2024","25,400.0","25,800.0","25,850.0","25,400.0","12.12M","-1.55%"
"21/10/2024","25,800.0","26,000.0","26,100.0","25,800.0","5.53M","-1.15%"
"18/10/2024","26,100.0","26,250.0","26,500.0","25,950.0","11.49M","-0.19%"
"17/10/2024","26,150.0","25,900.0","26,150.0","25,750.0","9.20M","1.55%"
"16/10/2024","25,750.0","25,750.0","25,850.0","25,600.0","5.40M","-0.39%"
"15/10/2024","25,850.0","25,950.0","26,200.0","25,800.0","7.11M","-0.39%"
"14/10/2024","25,950.0","26,150.0","26,250.0","25,950.0","9.03M","-0.57%"
"11/10/2024","26,100.0","26,100.0","26,150.0","25,900.0","6.56M","-0.38%"
"10/10/2024","26,200.0","26,400.0","26,500.0","26,050.0","9.08M","-0.19%"
"09/10/2024","26,250.0","25,600.0","26,250.0","25,550.0","20.00M","2.94%"
"08/10/2024","25,500.0","25,500.0","25,650.0","25,350.0","6.52M","0.20%"
"07/10/2024","25,450.0","25,500.0","25,700.0","25,350.0","6.77M","0.20%"
"04/10/2024","25,400.0","25,700.0","25,750.0","25,400.0","8.66M","-1.17%"
"03/10/2024","25,700.0","25,950.0","26,300.0","25,700.0","14.80M","-0.39%"
"02/10/2024","25,800.0","25,700.0","26,100.0","25,600.0","10.11M","0.19%"
"01/10/2024","25,750.0","25,750.0","26,150.0","25,750.0","10.41M","0.00%"
"30/09/2024","25,750.0","25,700.0","25,950.0","25,700.0","8.46M","-0.58%"
"27/09/2024","25,900.0","26,000.0","26,400.0","25,900.0","10.81M","-0.38%"
"26/09/2024","26,000.0","26,300.0","26,350.0","26,000.0","18.17M","-0.76%"
"25/09/2024","26,200.0","26,000.0","26,200.0","25,800.0","23.01M","1.55%"
"24/09/2024","25,800.0","25,650.0","25,800.0","25,400.0","12.78M","0.58%"
"23/09/2024","25,650.0","25,700.0","26,000.0","25,600.0","8.57M","0.00%"
"20/09/2024","25,650.0","24,900.0","25,800.0","24,900.0","34.31M","3.43%"
"19/09/2024","24,800.0","24,750.0","24,850.0","24,600.0","5.22M","0.61%"
"18/09/2024","24,650.0","24,500.0","24,750.0","24,350.0","8.72M","0.61%"
"17/09/2024","24,500.0","24,150.0","24,500.0","24,100.0","4.08M","1.45%"
"16/09/2024","24,150.0","24,400.0","24,550.0","24,150.0","3.71M","-1.02%"
"13/09/2024","24,400.0","24,400.0","24,450.0","24,250.0","2.37M","-0.20%"
"12/09/2024","24,450.0","24,250.0","24,500.0","24,200.0","2.62M","1.24%"
"11/09/2024","24,150.0","24,150.0","24,250.0","24,100.0","3.58M","-0.41%"
"10/09/2024","24,250.0","24,450.0","24,550.0","24,100.0","6.13M","-0.82%"
"09/09/2024","24,450.0","24,550.0","24,600.0","24,300.0","4.69M","-0.61%"
"06/09/2024","24,600.0","24,500.0","24,600.0","24,450.0","5.00M","0.41%"
"05/09/2024","24,500.0","24,650.0","24,700.0","24,450.0","3.53M","-0.61%"
"04/09/2024","24,650.0","24,500.0","24,700.0","24,450.0","5.63M","-0.60%"
"30/08/2024","24,800.0","24,650.0","24,800.0","24,650.0","4.48M","0.61%"
"29/08/2024","24,650.0","24,550.0","24,900.0","24,550.0","8.59M","0.61%"
"28/08/2024","24,500.0","24,500.0","24,550.0","24,400.0","5.22M","0.20%"
"27/08/2024","24,450.0","24,450.0","24,500.0","24,400.0","4.15M","0.00%"
"26/08/2024","24,450.0","24,550.0","24,550.0","24,400.0","4.92M","0.00%"
"23/08/2024","24,450.0","24,400.0","24,500.0","24,250.0","3.89M","0.20%"
"22/08/2024","24,400.0","24,500.0","24,550.0","24,300.0","6.79M","0.00%"
"21/08/2024","24,400.0","24,050.0","24,400.0","24,050.0","6.56M","1.24%"
"20/08/2024","24,100.0","24,050.0","24,300.0","24,000.0","5.41M","0.21%"
"19/08/2024","24,050.0","24,000.0","24,150.0","23,950.0","3.84M","0.21%"
"16/08/2024","24,000.0","23,500.0","24,000.0","23,500.0","6.52M","2.13%"
"15/08/2024","23,500.0","23,550.0","23,600.0","23,450.0","2.66M","-0.21%"
"14/08/2024","23,550.0","23,700.0","23,800.0","23,550.0","3.32M","-0.21%"
"13/08/2024","23,600.0","23,550.0","23,800.0","23,500.0","2.85M","-0.84%"
"12/08/2024","23,800.0","23,600.0","23,800.0","23,300.0","4.20M","0.85%"
"09/08/2024","23,600.0","23,400.0","23,600.0","23,300.0","3.01M","1.51%"
"08/08/2024","23,250.0","23,250.0","23,500.0","23,250.0","3.65M","-0.64%"
"07/08/2024","23,400.0","23,600.0","23,600.0","23,300.0","4.40M","-0.43%"
"06/08/2024","23,500.0","23,500.0","23,650.0","23,250.0","8.02M","1.29%"
"05/08/2024","23,200.0","23,600.0","23,850.0","23,150.0","20.09M","-3.13%"
"02/08/2024","23,950.0","23,900.0","24,000.0","23,650.0","13.71M","0.00%"
"01/08/2024","23,950.0","24,500.0","24,600.0","23,950.0","9.17M","-2.44%"
"31/07/2024","24,550.0","24,200.0","24,550.0","24,100.0","8.55M","1.66%"
"30/07/2024","24,150.0","24,000.0","24,150.0","23,950.0","5.49M","0.00%"
"29/07/2024","24,150.0","24,300.0","24,300.0","24,050.0","4.10M","0.21%"
"26/07/2024","24,100.0","24,100.0","24,150.0","24,000.0","3.45M","0.21%"
"25/07/2024","24,050.0","24,150.0","24,150.0","23,800.0","7.16M","-0.62%"
"24/07/2024","24,200.0","24,000.0","24,400.0","23,800.0","12.25M","0.83%"
"23/07/2024","24,000.0","24,800.0","24,900.0","24,000.0","15.11M","-3.03%"
"22/07/2024","24,750.0","25,100.0","25,200.0","24,650.0","15.15M","-1.39%"
"19/07/2024","25,100.0","24,800.0","25,300.0","24,650.0","17.07M","1.21%"
"18/07/2024","24,800.0","24,500.0","25,100.0","24,500.0","10.66M","1.22%"
"17/07/2024","24,500.0","24,300.0","25,200.0","24,200.0","28.89M","1.66%"
"16/07/2024","24,100.0","24,000.0","24,300.0","23,950.0","6.99M","0.63%"
"15/07/2024","23,950.0","24,000.0","24,050.0","23,900.0","4.48M","-0.21%"
"12/07/2024","24,000.0","24,100.0","24,150.0","23,800.0","7.15M","-0.62%"
"11/07/2024","24,150.0","24,350.0","24,350.0","24,150.0","4.99M","-0.41%"
"10/07/2024","24,250.0","24,500.0","24,500.0","24,250.0","6.47M","-0.21%"
"09/07/2024","24,300.0","24,150.0","24,400.0","24,050.0","7.99M","0.21%"
"08/07/2024","24,250.0","24,300.0","24,350.0","24,100.0","4.94M","-0.21%"
"05/07/2024","24,300.0","24,150.0","24,300.0","24,000.0","6.34M","0.62%"
"04/07/2024","24,150.0","24,300.0","24,350.0","23,950.0","6.37M","-0.41%"
"03/07/2024","24,250.0","24,150.0","24,400.0","23,950.0","5.85M","0.83%"
"02/07/2024","24,050.0","23,800.0","24,100.0","23,700.0","5.70M","1.05%"
"01/07/2024","23,800.0","23,800.0","23,850.0","23,600.0","3.93M","0.00%"
"28/06/2024","23,800.0","23,800.0","24,000.0","23,750.0","5.75M","-0.63%"
"27/06/2024","23,950.0","24,000.0","24,100.0","23,800.0","4.90M","-0.62%"
"26/06/2024","24,100.0","24,000.0","24,100.0","23,600.0","10.14M","0.21%"
"25/06/2024","24,050.0","24,000.0","24,200.0","23,900.0","6.70M","-0.21%"
"24/06/2024","24,100.0","24,600.0","24,600.0","23,900.0","14.22M","-1.83%"
"21/06/2024","24,550.0","24,850.0","24,850.0","24,500.0","5.12M","-1.01%"
"20/06/2024","24,800.0","24,550.0","24,850.0","24,400.0","10.17M","0.61%"
"19/06/2024","24,650.0","24,550.0","24,700.0","24,250.0","7.61M","0.41%"
"18/06/2024","24,550.0","24,700.0","24,700.0","24,400.0","5.72M","0.00%"
"17/06/2024","24,550.0","24,600.0","24,600.0","24,250.0","6.37M","-0.20%"
"14/06/2024","24,600.0","24,700.0","24,900.0","24,600.0","11.04M","-0.81%"
"13/06/2024","24,800.0","24,550.0","24,900.0","24,400.0","11.71M","1.02%"
"12/06/2024","24,550.0","24,150.0","24,550.0","23,900.0","10.39M","1.66%"
"11/06/2024","24,150.0","24,400.0","24,450.0","24,100.0","9.20M","-1.02%"
"10/06/2024","24,400.0","24,600.0","24,700.0","24,300.0","7.67M","-0.81%"
"07/06/2024","24,600.0","24,550.0","24,650.0","24,300.0","5.89M","1.03%"
"06/06/2024","24,350.0","24,400.0","24,500.0","24,300.0","8.03M","0.00%"
"05/06/2024","24,350.0","24,750.0","24,750.0","24,300.0","10.79M","-0.61%"
"04/06/2024","24,500.0","24,800.0","24,800.0","24,450.0","9.72M","-1.21%"
"03/06/2024","24,800.0","24,850.0","24,950.0","24,600.0","16.24M","0.61%"
"31/05/2024","24,650.0","25,000.0","25,300.0","24,650.0","11.12M","-3.58%"
"30/05/2024","25,565.0","25,348.0","25,565.0","25,087.0","15.08M","0.51%"
"29/05/2024","25,435.0","25,826.0","25,870.0","25,435.0","15.46M","-1.35%"
"28/05/2024","25,783.0","25,826.0","25,826.0","25,478.0","12.29M","0.68%"
"27/05/2024","25,609.0","25,652.0","25,957.0","25,435.0","8.67M","0.68%"
"24/05/2024","25,435.0","24,739.0","26,261.0","24,565.0","38.93M","2.81%"
"23/05/2024","24,739.0","24,348.0","24,783.0","24,348.0","12.02M","1.79%"
"22/05/2024","24,304.0","24,522.0","24,565.0","24,261.0","10.68M","-0.89%"
"21/05/2024","24,522.0","24,565.0","24,609.0","24,217.0","12.45M","-0.18%"
"20/05/2024","24,565.0","24,783.0","24,826.0","24,522.0","10.73M","0.00%"
"17/05/2024","24,565.0","24,565.0","24,696.0","24,522.0","9.78M","0.00%"
"16/05/2024","24,565.0","24,348.0","24,696.0","24,174.0","34.73M","1.98%"
"15/05/2024","24,087.0","24,217.0","24,217.0","24,087.0","8.97M","-0.18%"
"14/05/2024","24,130.0","24,087.0","24,261.0","24,043.0","5.14M","0.18%"
"13/05/2024","24,087.0","24,348.0","24,348.0","24,043.0","6.38M","0.00%"
"10/05/2024","24,087.0","24,000.0","24,087.0","23,870.0","5.65M","0.36%"
"09/05/2024","24,000.0","24,000.0","24,174.0","23,913.0","4.72M","0.18%"
"08/05/2024","23,957.0","23,913.0","24,043.0","23,739.0","4.64M","-0.36%"
"07/05/2024","24,043.0","24,130.0","24,174.0","23,913.0","4.95M","0.18%"
"06/05/2024","24,000.0","23,913.0","24,087.0","23,783.0","8.56M","0.36%"
"03/05/2024","23,913.0","23,565.0","23,913.0","23,565.0","10.03M","1.85%"
"02/05/2024","23,478.0","23,348.0","23,609.0","23,304.0","5.52M","0.56%"
"26/04/2024","23,348.0","23,304.0","23,478.0","23,130.0","6.26M","0.19%"
"25/04/2024","23,304.0","23,478.0","23,522.0","23,261.0","5.91M","-0.93%"
"24/04/2024","23,522.0","23,304.0","23,565.0","23,217.0","7.68M","1.50%"
"23/04/2024","23,174.0","23,304.0","23,435.0","23,087.0","9.82M","-0.56%"
"22/04/2024","23,304.0","23,391.0","23,435.0","23,217.0","7.26M","0.75%"
"19/04/2024","23,130.0","23,130.0","23,304.0","23,000.0","12.49M","-0.56%"
"17/04/2024","23,261.0","23,652.0","23,696.0","23,261.0","12.05M","-1.47%"
"16/04/2024","23,609.0","23,348.0","23,609.0","23,261.0","19.95M","1.12%"
"15/04/2024","23,348.0","24,174.0","24,348.0","23,348.0","18.69M","-4.11%"
"12/04/2024","24,348.0","23,652.0","24,348.0","23,478.0","11.23M","3.13%"
"11/04/2024","23,609.0","23,478.0","23,609.0","23,391.0","12.98M","0.19%"
"10/04/2024","23,565.0","23,870.0","24,000.0","23,565.0","5.89M","-0.73%"
"09/04/2024","23,739.0","23,609.0","23,739.0","23,522.0","6.18M","0.55%"
"08/04/2024","23,609.0","23,609.0","23,696.0","23,435.0","7.90M","0.00%"
"05/04/2024","23,609.0","23,739.0","23,826.0","23,565.0","14.13M","-1.45%"
"04/04/2024","23,957.0","24,391.0","24,391.0","23,957.0","12.83M","-1.61%"
"03/04/2024","24,348.0","24,522.0","24,696.0","24,261.0","11.73M","-1.41%"
"02/04/2024","24,696.0","24,609.0","24,696.0","24,261.0","11.97M","-0.17%"
"01/04/2024","24,739.0","24,522.0","24,783.0","24,435.0","7.10M","-0.18%"
"29/03/2024","24,783.0","24,696.0","24,913.0","24,478.0","15.51M","0.53%"
"28/03/2024","24,652.0","24,609.0","24,870.0","24,522.0","14.29M","1.25%"
"27/03/2024","24,348.0","24,304.0","24,391.0","24,000.0","6.85M","0.18%"
"26/03/2024","24,304.0","24,000.0","24,304.0","23,783.0","7.23M","1.64%"
"25/03/2024","23,913.0","24,391.0","24,391.0","23,913.0","11.72M","-2.31%"
"22/03/2024","24,478.0","24,565.0","25,174.0","24,261.0","26.08M","0.53%"
"21/03/2024","24,348.0","24,087.0","24,348.0","23,957.0","14.74M","1.82%"
"20/03/2024","23,913.0","23,348.0","24,087.0","23,304.0","16.10M","2.42%"
"19/03/2024","23,348.0","23,304.0","23,522.0","23,261.0","8.19M","-0.18%"
"18/03/2024","23,391.0","23,652.0","23,783.0","23,217.0","16.24M","-1.65%"
"15/03/2024","23,783.0","23,696.0","23,826.0","23,478.0","9.00M","0.37%"
"14/03/2024","23,696.0","24,000.0","24,000.0","23,522.0","9.46M","-1.44%"
"13/03/2024","24,043.0","23,261.0","24,043.0","23,261.0","10.28M","3.36%"
"12/03/2024","23,261.0","23,174.0","23,348.0","23,130.0","9.56M","0.00%"
"11/03/2024","23,261.0","23,522.0","23,565.0","23,174.0","13.82M","-1.11%"
"08/03/2024","23,522.0","23,913.0","24,043.0","23,478.0","26.47M","-1.64%"
"07/03/2024","23,913.0","24,000.0","24,087.0","23,826.0","11.69M","-0.36%"
"06/03/2024","24,000.0","24,348.0","24,478.0","23,957.0","11.26M","-1.25%"
"05/03/2024","24,304.0","24,174.0","24,348.0","23,957.0","7.28M","0.54%"
"04/03/2024","24,174.0","24,174.0","24,522.0","23,826.0","15.20M","0.00%"
"01/03/2024","24,174.0","24,348.0","24,348.0","23,957.0","11.72M","-0.71%"
"29/02/2024","24,348.0","24,435.0","24,565.0","24,087.0","11.44M","0.00%"
"28/02/2024","24,348.0","24,043.0","24,348.0","23,957.0","12.03M","1.45%"
"27/02/2024","24,000.0","24,087.0","24,087.0","23,783.0","13.86M","0.36%"
"26/02/2024","23,913.0","23,739.0","24,087.0","23,565.0","11.25M","0.73%"
"23/02/2024","23,739.0","24,087.0","24,696.0","23,739.0","29.87M","-1.26%"
"22/02/2024","24,043.0","24,087.0","24,130.0","23,913.0","8.51M","-0.18%"
"21/02/2024","24,087.0","23,913.0","24,261.0","23,826.0","11.79M","0.54%"
"20/02/2024","23,957.0","23,913.0","24,130.0","23,783.0","8.41M","-0.54%"
"19/02/2024","24,087.0","24,087.0","24,087.0","23,652.0","13.64M","0.36%"
"16/02/2024","24,000.0","23,913.0","24,000.0","23,739.0","10.92M","1.47%"
"15/02/2024","23,652.0","24,391.0","24,696.0","23,652.0","16.38M","-2.86%"
"07/02/2024","24,348.0","24,217.0","24,522.0","24,217.0","13.68M","0.54%"
"06/02/2024","24,217.0","24,217.0","24,261.0","24,043.0","6.26M","0.18%"
"05/02/2024","24,174.0","22,826.0","24,348.0","22,739.0","32.34M","5.91%"
"02/02/2024","22,826.0","22,565.0","22,870.0","22,478.0","16.71M","0.96%"
"01/02/2024","22,609.0","22,348.0","22,696.0","22,348.0","7.22M","0.97%"
"31/01/2024","22,391.0","22,696.0","22,696.0","22,217.0","13.98M","-0.77%"
"30/01/2024","22,565.0","22,652.0","22,783.0","22,522.0","7.34M","0.00%"
"29/01/2024","22,565.0","23,043.0","23,043.0","22,565.0","10.67M","-1.33%"
"26/01/2024","22,870.0","22,478.0","22,957.0","22,478.0","7.88M","1.94%"
"25/01/2024","22,435.0","22,478.0","22,522.0","22,261.0","5.85M","0.00%"
"24/01/2024","22,435.0","22,652.0","22,696.0","22,348.0","13.04M","-0.96%"
"23/01/2024","22,652.0","22,826.0","23,000.0","22,652.0","13.49M","-0.95%"
"22/01/2024","22,870.0","22,783.0","22,870.0","22,435.0","13.80M","1.35%"
"19/01/2024","22,565.0","22,435.0","22,565.0","22,304.0","14.69M","1.37%"
"18/01/2024","22,261.0","22,130.0","22,391.0","22,043.0","11.05M","0.79%"
"17/01/2024","22,087.0","22,130.0","22,435.0","22,043.0","11.17M","0.00%"
"16/01/2024","22,087.0","22,087.0","22,217.0","21,783.0","14.24M","0.40%"
"15/01/2024","22,000.0","22,609.0","22,609.0","22,000.0","13.48M","-1.94%"
"12/01/2024","22,435.0","21,870.0","22,783.0","21,783.0","29.40M","2.18%"
"11/01/2024","21,957.0","22,087.0","22,391.0","21,870.0","11.42M","0.00%"
"10/01/2024","21,957.0","21,913.0","22,174.0","21,739.0","20.24M","1.00%"
"09/01/2024","21,739.0","21,957.0","22,043.0","21,696.0","17.77M","-1.38%"
"08/01/2024","22,043.0","22,348.0","22,391.0","21,913.0","14.25M","-0.39%"
"05/01/2024","22,130.0","22,000.0","22,130.0","21,783.0","10.66M","0.59%"
"04/01/2024","22,000.0","21,913.0","22,304.0","21,826.0","27.13M","1.20%"
"03/01/2024","21,739.0","21,304.0","21,739.0","21,087.0","11.27M","2.25%"
"02/01/2024","21,261.0","20,826.0","21,522.0","20,826.0","15.97M","2.30%"
"29/12/2023","20,783.0","20,783.0","20,957.0","20,696.0","10.57M","0.63%"
"28/12/2023","20,652.0","20,261.0","20,826.0","20,261.0","12.09M","1.93%"
"27/12/2023","20,261.0","20,174.0","20,348.0","20,174.0","5.60M","0.22%"
"26/12/2023","20,217.0","20,348.0","20,348.0","20,217.0","6.59M","-0.43%"
"25/12/2023","20,304.0","20,217.0","20,391.0","20,174.0","8.72M","0.64%"
"22/12/2023","20,174.0","20,174.0","20,261.0","20,174.0","5.19M","-0.21%"
"21/12/2023","20,217.0","20,174.0","20,217.0","20,043.0","8.15M","0.21%"
"20/12/2023","20,174.0","20,043.0","20,217.0","20,043.0","10.19M","0.65%"
"19/12/2023","20,043.0","19,826.0","20,087.0","19,826.0","13.19M","1.09%"
"18/12/2023","19,826.0","19,739.0","19,826.0","19,696.0","7.35M","0.22%"
"15/12/2023","19,783.0","19,652.0","19,870.0","19,609.0","7.12M","1.11%"
"14/12/2023","19,565.0","19,478.0","19,783.0","19,391.0","7.99M","0.90%"
"13/12/2023","19,391.0","19,565.0","19,609.0","19,391.0","4.52M","-0.89%"
"12/12/2023","19,565.0","19,522.0","19,565.0","19,391.0","3.71M","0.45%"
"11/12/2023","19,478.0","19,522.0","19,565.0","19,348.0","2.62M","0.00%"
"08/12/2023","19,478.0","19,478.0","19,609.0","19,391.0","4.38M","0.00%"
"07/12/2023","19,478.0","19,391.0","19,565.0","19,304.0","8.32M","0.45%"
"06/12/2023","19,391.0","19,261.0","19,391.0","19,130.0","3.21M","0.67%"
"05/12/2023","19,261.0","19,391.0","19,522.0","19,174.0","4.09M","-0.67%"
"04/12/2023","19,391.0","19,174.0","19,522.0","19,130.0","10.40M","1.59%"
"01/12/2023","19,087.0","19,261.0","19,261.0","18,913.0","6.59M","0.00%"
"30/11/2023","19,087.0","19,174.0","19,391.0","19,087.0","6.03M","-0.45%"
"29/11/2023","19,174.0","19,130.0","19,435.0","19,130.0","5.55M","0.69%"
"28/11/2023","19,043.0","19,043.0","19,217.0","18,870.0","4.82M","0.23%"
"27/11/2023","19,000.0","19,174.0","19,217.0","19,000.0","3.75M","-0.91%"
"24/11/2023","19,174.0","19,391.0","19,391.0","18,957.0","9.08M","-0.67%"
"23/11/2023","19,304.0","19,739.0","19,783.0","19,304.0","5.96M","-2.20%"
"22/11/2023","19,739.0","19,565.0","19,783.0","19,435.0","5.05M","0.44%"
"21/11/2023","19,652.0","19,696.0","19,826.0","19,565.0","4.27M","0.44%"
"20/11/2023","19,565.0","19,478.0","19,957.0","19,261.0","11.74M","-0.88%"
"17/11/2023","19,739.0","20,348.0","20,348.0","19,609.0","14.20M","-2.58%"
"16/11/2023","20,261.0","20,217.0","20,348.0","20,087.0","9.29M","0.22%"
"15/11/2023","20,217.0","20,000.0","20,435.0","19,957.0","37.18M","2.42%"
"14/11/2023","19,739.0","19,522.0","19,913.0","19,522.0","11.85M","1.11%"
"13/11/2023","19,522.0","19,522.0","19,652.0","19,304.0","3.93M","0.23%"
"10/11/2023","19,478.0","19,478.0","19,652.0","19,348.0","5.80M","-0.67%"
"09/11/2023","19,609.0","19,913.0","19,913.0","19,609.0","5.48M","-1.09%"
"08/11/2023","19,826.0","19,217.0","19,913.0","19,174.0","9.10M","3.17%"
"07/11/2023","19,217.0","19,217.0","19,348.0","19,217.0","2.67M","-0.45%"
"06/11/2023","19,304.0","19,304.0","19,435.0","19,217.0","4.36M","0.68%"
"03/11/2023","19,174.0","19,391.0","19,478.0","19,174.0","5.62M","-1.12%"
"02/11/2023","19,391.0","18,913.0","19,391.0","18,783.0","5.92M","3.24%"
"01/11/2023","18,783.0","18,609.0","18,826.0","18,565.0","5.56M","0.94%"
"31/10/2023","18,609.0","18,565.0","18,739.0","18,478.0","4.01M","0.47%"
"30/10/2023","18,522.0","18,783.0","18,826.0","18,522.0","4.43M","-1.16%"
"27/10/2023","18,739.0","18,652.0","18,870.0","18,435.0","3.66M","2.13%"
"26/10/2023","18,348.0","18,913.0","18,913.0","18,217.0","14.48M","-3.65%"
"25/10/2023","19,043.0","19,304.0","19,348.0","19,043.0","2.86M","0.00%"
"24/10/2023","19,043.0","19,087.0","19,217.0","18,957.0","2.93M","0.45%"
"23/10/2023","18,957.0","19,217.0","19,217.0","18,870.0","2.76M","-0.45%"
"20/10/2023","19,043.0","18,957.0","19,217.0","18,957.0","4.22M","0.45%"
"19/10/2023","18,957.0","19,174.0","19,261.0","18,957.0","7.14M","-1.13%"
"18/10/2023","19,174.0","19,522.0","19,522.0","19,174.0","7.14M","-1.78%"
"17/10/2023","19,522.0","19,652.0","19,696.0","19,522.0","4.21M","-0.66%"
"16/10/2023","19,652.0","19,609.0","19,739.0","19,478.0","4.85M","-0.22%"
"13/10/2023","19,696.0","19,652.0","19,739.0","19,565.0","5.40M","-0.22%"
"12/10/2023","19,739.0","19,739.0","19,913.0","19,565.0","6.48M","0.00%"
"11/10/2023","19,739.0","19,826.0","19,826.0","19,609.0","3.27M","-0.44%"
"10/10/2023","19,826.0","19,565.0","19,870.0","19,565.0","7.52M","1.33%"
"09/10/2023","19,565.0","18,870.0","19,609.0","18,870.0","10.32M","3.21%"
"06/10/2023","18,957.0","18,783.0","19,043.0","18,739.0","2.81M","0.93%"
"05/10/2023","18,783.0","18,913.0","19,087.0","18,783.0","3.85M","0.00%"
"04/10/2023","18,783.0","18,739.0","18,870.0","18,696.0","3.66M","0.00%"
"03/10/2023","18,783.0","18,957.0","19,043.0","18,783.0","6.33M","-1.37%"
"02/10/2023","19,043.0","18,957.0","19,087.0","18,870.0","4.38M","0.23%"
"29/09/2023","19,000.0","18,957.0","19,174.0","18,957.0","2.69M","0.46%"
"28/09/2023","18,913.0","19,000.0","19,130.0","18,870.0","5.74M","-1.13%"
"27/09/2023","19,130.0","19,043.0","19,130.0","18,913.0","6.54M","0.46%"
"26/09/2023","19,043.0","19,174.0","19,348.0","19,000.0","10.81M","-0.45%"
"25/09/2023","19,130.0","19,391.0","19,435.0","19,130.0","8.77M","-1.35%"
"22/09/2023","19,391.0","19,304.0","19,565.0","19,217.0","11.26M","-0.45%"
"21/09/2023","19,478.0","19,478.0","19,609.0","19,435.0","6.24M","-0.23%"
"20/09/2023","19,522.0","19,391.0","19,609.0","19,348.0","6.09M","0.68%"
"19/09/2023","19,391.0","19,522.0","19,652.0","19,348.0","9.29M","-0.67%"
"18/09/2023","19,522.0","19,652.0","19,696.0","19,391.0","5.02M","-0.88%"
"15/09/2023","19,696.0","19,652.0","19,783.0","19,522.0","6.04M","0.89%"
"14/09/2023","19,522.0","19,565.0","19,826.0","19,478.0","7.12M","-0.44%"
"13/09/2023","19,609.0","19,783.0","19,826.0","19,522.0","7.98M","-0.88%"
"12/09/2023","19,783.0","19,435.0","19,783.0","19,304.0","7.68M","1.79%"
"11/09/2023","19,435.0","19,826.0","19,913.0","19,348.0","12.12M","-1.76%"
"08/09/2023","19,783.0","19,913.0","19,957.0","19,739.0","6.35M","-0.65%"
"07/09/2023","19,913.0","20,000.0","20,130.0","19,783.0","11.33M","-0.22%"
"06/09/2023","19,957.0","19,783.0","19,957.0","19,652.0","5.49M","0.88%"
"05/09/2023","19,783.0","19,739.0","20,043.0","19,696.0","8.77M","0.67%"
"31/08/2023","19,652.0","19,522.0","19,652.0","19,522.0","8.29M","0.67%"
"30/08/2023","19,522.0","19,174.0","19,565.0","19,174.0","8.31M","1.81%"
"29/08/2023","19,174.0","19,174.0","19,304.0","19,087.0","6.64M","0.00%"
"28/08/2023","19,174.0","19,130.0","19,217.0","19,087.0","5.93M","0.46%"
"25/08/2023","19,087.0","19,130.0","19,174.0","19,000.0","6.18M","-0.45%"
"24/08/2023","19,174.0","19,000.0","19,348.0","19,000.0","6.11M","0.92%"
"23/08/2023","19,000.0","19,304.0","19,391.0","19,000.0","6.38M","-0.91%"
"22/08/2023","19,174.0","19,217.0","19,261.0","18,783.0","10.43M","0.23%"
"21/08/2023","19,130.0","19,000.0","19,304.0","19,000.0","9.17M","0.46%"
"18/08/2023","19,043.0","19,739.0","19,739.0","19,043.0","23.52M","-3.53%"
"17/08/2023","19,739.0","19,957.0","20,000.0","19,739.0","11.64M","-0.87%"
"16/08/2023","19,913.0","19,870.0","20,043.0","19,826.0","9.66M","0.22%"
"15/08/2023","19,870.0","20,130.0","20,217.0","19,870.0","7.43M","-0.86%"
"14/08/2023","20,043.0","19,913.0","20,043.0","19,826.0","12.01M","0.65%"
"11/08/2023","19,913.0","19,957.0","20,000.0","19,652.0","10.53M","0.00%"
"10/08/2023","19,913.0","20,217.0","20,304.0","19,913.0","14.60M","-1.29%"
"09/08/2023","20,174.0","20,348.0","20,522.0","20,130.0","17.89M","-0.86%"
"08/08/2023","20,348.0","20,696.0","20,783.0","20,261.0","17.56M","-1.47%"
"07/08/2023","20,652.0","20,826.0","20,913.0","20,522.0","32.30M","-2.66%"
"04/08/2023","21,217.0","20,522.0","21,217.0","20,217.0","21.47M","4.05%"
"03/08/2023","20,391.0","20,043.0","20,435.0","20,000.0","19.56M","1.51%"
"02/08/2023","20,087.0","19,826.0","20,130.0","19,826.0","14.27M","1.09%"
"01/08/2023","19,870.0","20,217.0","20,217.0","19,783.0","15.77M","-0.44%"
"31/07/2023","19,957.0","19,565.0","19,957.0","19,522.0","22.09M","3.38%"
"28/07/2023","19,304.0","19,304.0","19,478.0","19,174.0","9.90M","0.22%"
"27/07/2023","19,261.0","19,391.0","19,435.0","19,174.0","8.29M","-0.67%"
"26/07/2023","19,391.0","19,391.0","19,522.0","19,304.0","6.86M","0.00%"
"25/07/2023","19,391.0","19,130.0","19,565.0","19,130.0","15.76M","1.13%"
"24/07/2023","19,174.0","19,217.0","19,304.0","19,087.0","7.77M","-0.22%"
"21/07/2023","19,217.0","19,130.0","19,217.0","19,043.0","7.68M","0.45%"
"20/07/2023","19,130.0","19,130.0","19,174.0","19,043.0","7.23M","0.00%"
"19/07/2023","19,130.0","19,130.0","19,261.0","19,087.0","10.99M","0.00%"
"18/07/2023","19,130.0","19,043.0","19,130.0","19,000.0","7.80M","0.00%"
"17/07/2023","19,130.0","19,174.0","19,174.0","19,043.0","7.51M","0.00%"
"14/07/2023","19,130.0","19,174.0","19,217.0","18,957.0","7.93M","0.00%"
"13/07/2023","19,130.0","19,130.0","19,130.0","18,957.0","7.75M","0.68%"
"12/07/2023","19,000.0","19,304.0","19,304.0","18,957.0","5.96M","-0.68%"
"11/07/2023","19,130.0","19,391.0","19,391.0","19,087.0","10.18M","0.23%"
"10/07/2023","19,087.0","18,913.0","19,217.0","18,870.0","10.39M","1.15%"
"07/07/2023","18,870.0","18,870.0","18,913.0","18,696.0","8.21M","0.00%"
"06/07/2023","18,870.0","19,087.0","19,130.0","18,826.0","7.39M","-1.14%"
"05/07/2023","19,087.0","19,130.0","19,217.0","19,087.0","9.34M","-0.22%"
"04/07/2023","19,130.0","19,087.0","19,174.0","19,043.0","5.00M","-0.23%"
"03/07/2023","19,174.0","19,174.0","19,217.0","19,087.0","4.63M","0.00%"
"30/06/2023","19,174.0","19,043.0","19,174.0","18,957.0","5.89M","0.69%"
"29/06/2023","19,043.0","19,391.0","19,478.0","19,043.0","9.37M","-1.79%"
"28/06/2023","19,391.0","19,304.0","19,478.0","19,217.0","9.46M","0.45%"
"27/06/2023","19,304.0","19,609.0","19,609.0","19,304.0","6.46M","-0.23%"
"26/06/2023","19,348.0","19,304.0","19,565.0","19,130.0","13.55M","1.60%"
"23/06/2023","19,043.0","18,870.0","19,043.0","18,783.0","13.15M","1.15%"
"22/06/2023","18,826.0","18,913.0","19,043.0","18,826.0","9.17M","-0.23%"
"21/06/2023","18,870.0","18,783.0","18,870.0","18,739.0","6.30M","0.23%"
"20/06/2023","18,826.0","18,826.0","18,870.0","18,696.0","6.48M","0.00%"
"19/06/2023","18,826.0","18,957.0","19,000.0","18,783.0","5.36M","-0.69%"
"16/06/2023","18,957.0","18,870.0","19,217.0","18,783.0","16.57M","0.46%"
"15/06/2023","18,870.0","18,826.0","18,870.0","18,739.0","6.22M","0.23%"
"14/06/2023","18,826.0","18,826.0","19,043.0","18,783.0","9.24M","0.23%"
"13/06/2023","18,783.0","18,696.0","18,783.0","18,609.0","9.16M","0.70%"
"12/06/2023","18,652.0","18,826.0","18,826.0","18,565.0","4.93M","-0.46%"
"09/06/2023","18,739.0","18,826.0","18,826.0","18,522.0","8.58M","-0.23%"
"08/06/2023","18,783.0","18,957.0","19,043.0","18,783.0","11.13M","-1.14%"
"07/06/2023","19,000.0","18,957.0","19,130.0","18,957.0","10.55M","0.23%"
"06/06/2023","18,957.0","18,957.0","19,000.0","18,870.0","11.43M","0.23%"
"05/06/2023","18,913.0","19,130.0","19,261.0","18,826.0","15.92M","-0.23%"
"02/06/2023","18,957.0","18,696.0","19,217.0","18,652.0","17.28M","1.87%"
"01/06/2023","18,609.0","18,696.0","18,913.0","18,478.0","14.68M","0.86%"
"31/05/2023","18,450.0","18,305.0","18,450.0","18,159.0","38.56M","0.79%"
"30/05/2023","18,305.0","18,377.0","18,377.0","18,159.0","29.88M","0.20%"
"29/05/2023","18,268.0","18,232.0","18,377.0","18,159.0","21.92M","0.60%"
"26/05/2023","18,159.0","18,305.0","18,305.0","18,123.0","11.32M","-0.40%"
"25/05/2023","18,232.0","18,305.0","18,305.0","18,087.0","11.63M","-0.20%"
"24/05/2023","18,268.0","18,523.0","18,523.0","18,123.0","14.61M","-0.79%"
"23/05/2023","18,414.0","18,305.0","18,595.0","18,159.0","28.73M","1.20%"
"22/05/2023","18,196.0","18,159.0","18,196.0","18,087.0","6.06M","0.40%"
"19/05/2023","18,123.0","18,196.0","18,196.0","17,978.0","5.30M","-0.20%"
"18/05/2023","18,159.0","18,087.0","18,232.0","18,050.0","4.43M","0.40%"
"17/05/2023","18,087.0","18,159.0","18,268.0","18,050.0","4.56M","-0.40%"
"16/05/2023","18,159.0","18,159.0","18,196.0","18,087.0","1.93M","0.00%"
"15/05/2023","18,159.0","18,305.0","18,377.0","18,123.0","8.44M","0.00%"
"12/05/2023","18,159.0","18,159.0","18,196.0","18,014.0","3.10M","0.40%"
"11/05/2023","18,087.0","18,159.0","18,232.0","18,014.0","3.38M","0.00%"
"10/05/2023","18,087.0","18,087.0","18,123.0","18,014.0","2.59M","0.00%"
"09/05/2023","18,087.0","18,159.0","18,196.0","18,014.0","4.11M","-0.20%"
"08/05/2023","18,123.0","17,905.0","18,159.0","17,869.0","3.05M","1.22%"
"05/05/2023","17,905.0","17,796.0","17,978.0","17,796.0","3.47M","-0.20%"
"04/05/2023","17,941.0","17,651.0","17,978.0","17,651.0","5.69M","2.07%"
"28/04/2023","17,578.0","17,578.0","17,724.0","17,542.0","12.92M","0.21%"
"27/04/2023","17,542.0","17,578.0","17,760.0","17,506.0","2.88M","0.00%"
"26/04/2023","17,542.0","17,542.0","17,578.0","17,397.0","5.10M","0.00%"
"25/04/2023","17,542.0","17,651.0","17,760.0","17,506.0","8.16M","-0.20%"
"24/04/2023","17,578.0","17,651.0","17,760.0","17,506.0","3.01M","-0.21%"
"21/04/2023","17,615.0","17,651.0","17,724.0","17,615.0","3.27M","0.00%"
"20/04/2023","17,615.0","17,796.0","17,832.0","17,578.0","3.27M","-0.61%"
"19/04/2023","17,724.0","18,014.0","18,014.0","17,724.0","6.08M","-1.41%"
"18/04/2023","17,978.0","18,159.0","18,159.0","17,978.0","2.78M","-1.00%"
"17/04/2023","18,159.0","18,123.0","18,159.0","18,014.0","2.18M","0.20%"
"14/04/2023","18,123.0","18,196.0","18,232.0","18,050.0","6.64M","0.00%"
"13/04/2023","18,123.0","18,123.0","18,196.0","18,050.0","3.33M","0.40%"
"12/04/2023","18,050.0","18,159.0","18,196.0","18,014.0","4.26M","-0.40%"
"11/04/2023","18,123.0","18,087.0","18,196.0","17,941.0","2.11M","-0.20%"
"10/04/2023","18,159.0","18,232.0","18,268.0","18,050.0","4.81M","-0.20%"
"07/04/2023","18,196.0","18,123.0","18,232.0","18,087.0","4.16M","0.60%"
"06/04/2023","18,087.0","18,450.0","18,486.0","18,087.0","5.73M","-1.58%"
"05/04/2023","18,377.0","18,232.0","18,377.0","18,196.0","4.39M","0.60%"
"04/04/2023","18,268.0","18,341.0","18,414.0","18,196.0","9.51M","-0.40%"
"03/04/2023","18,341.0","18,341.0","18,450.0","18,159.0","13.18M","1.00%"
"31/03/2023","18,159.0","17,941.0","18,341.0","17,905.0","7.78M","1.62%"
"30/03/2023","17,869.0","17,869.0","17,941.0","17,832.0","2.80M","0.82%"
"29/03/2023","17,724.0","17,796.0","17,869.0","17,687.0","20.08M","-0.20%"
"28/03/2023","17,760.0","17,905.0","18,014.0","17,760.0","10.96M","0.00%"
"27/03/2023","17,760.0","17,869.0","17,978.0","17,687.0","3.25M","-0.40%"
"24/03/2023","17,832.0","17,869.0","18,050.0","17,796.0","2.22M","0.20%"
"23/03/2023","17,796.0","17,506.0","17,869.0","17,397.0","9.36M","1.45%"
"22/03/2023","17,542.0","17,687.0","17,687.0","17,469.0","2.46M","-0.20%"
"21/03/2023","17,578.0","17,724.0","17,724.0","17,324.0","1.97M","0.83%"
"20/03/2023","17,433.0","17,578.0","17,687.0","17,433.0","3.25M","-1.44%"
"17/03/2023","17,687.0","17,832.0","17,905.0","17,687.0","1.65M","-0.21%"
"16/03/2023","17,724.0","17,796.0","17,978.0","17,542.0","3.30M","-1.61%"
"15/03/2023","18,014.0","17,869.0","18,014.0","17,760.0","2.59M","3.12%"
"14/03/2023","17,469.0","17,832.0","17,941.0","17,397.0","8.95M","-1.84%"
"13/03/2023","17,796.0","17,978.0","18,123.0","17,687.0","5.31M","-1.61%"
"10/03/2023","18,087.0","18,196.0","18,305.0","17,978.0","3.20M","-1.78%"
"09/03/2023","18,414.0","18,159.0","18,486.0","18,087.0","4.94M","1.40%"
"08/03/2023","18,159.0","17,615.0","18,159.0","17,615.0","3.68M","2.04%"
"07/03/2023","17,796.0","17,978.0","18,159.0","17,651.0","6.14M","0.82%"
"06/03/2023","17,651.0","18,050.0","18,232.0","17,651.0","6.91M","-0.81%"
"03/03/2023","17,796.0","18,196.0","18,377.0","17,796.0","3.17M","-2.20%"
"02/03/2023","18,196.0","18,159.0","18,486.0","18,159.0","4.41M","-0.39%"
"01/03/2023","18,268.0","17,724.0","18,305.0","17,578.0","3.35M","3.07%"
"28/02/2023","17,724.0","17,796.0","17,978.0","17,615.0","8.13M","0.62%"
"27/02/2023","17,615.0","17,796.0","17,869.0","17,506.0","4.11M","-1.42%"
"24/02/2023","17,869.0","18,159.0","18,377.0","17,832.0","2.95M","-3.15%"
"23/02/2023","18,450.0","17,978.0","18,523.0","17,615.0","5.11M","2.22%"
"22/02/2023","18,050.0","18,305.0","18,559.0","18,050.0","3.51M","-2.55%"
"21/02/2023","18,523.0","18,740.0","18,886.0","18,523.0","2.27M","-1.16%"
"20/02/2023","18,740.0","17,941.0","18,740.0","17,905.0","6.48M","4.03%"
"17/02/2023","18,014.0","18,050.0","18,123.0","17,832.0","2.27M","0.00%"
"16/02/2023","18,014.0","18,014.0","18,014.0","17,724.0","2.15M","1.02%"
"15/02/2023","17,832.0","17,360.0","17,905.0","17,251.0","4.40M","2.93%"
"14/02/2023","17,324.0","17,506.0","17,506.0","17,288.0","1.90M","-0.21%"
"13/02/2023","17,360.0","17,542.0","17,542.0","17,288.0","3.43M","-1.24%"
"10/02/2023","17,578.0","17,869.0","17,978.0","17,578.0","2.65M","-1.22%"
"09/02/2023","17,796.0","17,905.0","18,232.0","17,796.0","4.27M","-0.61%"
"08/02/2023","17,905.0","18,014.0","18,196.0","17,832.0","2.54M","0.20%"
"07/02/2023","17,869.0","18,159.0","18,232.0","17,724.0","3.27M","-1.21%"
"06/02/2023","18,087.0","17,724.0","18,268.0","17,542.0","3.17M","1.64%"
"03/02/2023","17,796.0","18,159.0","18,341.0","17,724.0","12.61M","-2.00%"
"02/02/2023","18,159.0","18,268.0","18,595.0","18,014.0","3.81M","-0.80%"
"01/02/2023","18,305.0","18,958.0","19,067.0","18,232.0","4.61M","-3.26%"
"31/01/2023","18,922.0","18,450.0","18,922.0","18,159.0","4.60M","2.56%"
"30/01/2023","18,450.0","19,104.0","19,140.0","18,450.0","7.14M","-3.61%"
"27/01/2023","19,140.0","19,140.0","19,249.0","18,813.0","4.97M","1.34%"
"19/01/2023","18,886.0","18,523.0","18,886.0","18,486.0","7.30M","1.96%"
"18/01/2023","18,523.0","18,377.0","18,668.0","18,232.0","7.19M","0.79%"
"17/01/2023","18,377.0","18,196.0","18,486.0","18,123.0","5.27M","1.20%"
"16/01/2023","18,159.0","17,542.0","18,159.0","17,542.0","4.68M","3.52%"
"13/01/2023","17,542.0","17,869.0","18,014.0","17,542.0","2.85M","-1.43%"
"12/01/2023","17,796.0","17,578.0","17,905.0","17,578.0","3.81M","1.24%"
"11/01/2023","17,578.0","17,142.0","17,760.0","17,033.0","7.06M","3.20%"
"10/01/2023","17,033.0","16,888.0","17,033.0","16,670.0","4.05M","1.51%"
"09/01/2023","16,779.0","16,961.0","16,961.0","16,670.0","2.31M","-0.22%"
"06/01/2023","16,816.0","16,561.0","16,961.0","16,416.0","4.50M","1.31%"
"05/01/2023","16,598.0","16,525.0","16,707.0","16,452.0","2.78M","0.89%"
"04/01/2023","16,452.0","16,598.0","16,598.0","16,380.0","2.17M","-0.22%"
"03/01/2023","16,489.0","15,980.0","16,489.0","15,944.0","2.05M","3.65%"
"30/12/2022","15,908.0","15,980.0","16,126.0","15,835.0","1.77M","-0.45%"
"29/12/2022","15,980.0","15,980.0","16,271.0","15,835.0","2.39M","0.00%"
"28/12/2022","15,980.0","16,053.0","16,307.0","15,944.0","2.42M","-0.45%"
"27/12/2022","16,053.0","16,053.0","16,416.0","15,980.0","2.70M","0.00%"
"26/12/2022","16,053.0","16,634.0","16,634.0","16,053.0","2.35M","-3.49%"
"23/12/2022","16,634.0","16,634.0","16,634.0","16,198.0","2.29M","0.00%"
"22/12/2022","16,634.0","16,707.0","16,707.0","16,525.0","2.59M","0.44%"
"21/12/2022","16,561.0","16,416.0","16,707.0","16,198.0","2.50M","1.11%"
"20/12/2022","16,380.0","16,525.0","16,634.0","16,126.0","3.39M","-0.88%"
"19/12/2022","16,525.0","16,634.0","16,888.0","16,525.0","4.47M","-1.09%"
"16/12/2022","16,707.0","16,707.0","16,997.0","16,598.0","2.94M","-0.86%"
"15/12/2022","16,852.0","16,707.0","17,070.0","16,707.0","5.44M","0.21%"
"14/12/2022","16,816.0","16,779.0","17,033.0","16,525.0","4.35M","0.44%"
"13/12/2022","16,743.0","16,271.0","16,743.0","16,162.0","3.56M","2.45%"
"12/12/2022","16,343.0","16,743.0","16,925.0","16,343.0","4.21M","-2.39%"
"09/12/2022","16,743.0","16,525.0","16,852.0","16,307.0","4.39M","1.77%"
"08/12/2022","16,452.0","16,307.0","17,288.0","16,053.0","6.34M","1.57%"
"07/12/2022","16,198.0","16,343.0","16,343.0","15,799.0","4.36M","0.00%"
"06/12/2022","16,198.0","17,142.0","17,251.0","16,198.0","6.82M","-5.51%"
"05/12/2022","17,142.0","17,106.0","17,433.0","16,852.0","6.24M","0.42%"
"02/12/2022","17,070.0","16,343.0","17,070.0","16,089.0","6.34M","4.45%"
"01/12/2022","16,343.0","16,198.0","16,598.0","15,980.0","9.01M","1.81%"
"30/11/2022","16,053.0","16,162.0","16,307.0","15,835.0","5.45M","-0.22%"
"29/11/2022","16,089.0","16,162.0","16,162.0","15,762.0","5.21M","-0.45%"
"28/11/2022","16,162.0","15,690.0","16,162.0","15,653.0","6.93M","3.49%"
"25/11/2022","15,617.0","15,617.0","15,617.0","15,290.0","3.74M","2.38%"
"24/11/2022","15,254.0","14,963.0","15,399.0","14,818.0","3.05M","1.69%"
"23/11/2022","15,000.0","14,818.0","15,218.0","14,782.0","3.38M","1.47%"
"22/11/2022","14,782.0","14,818.0","15,508.0","14,782.0","5.86M","-1.21%"
"21/11/2022","14,963.0","15,399.0","15,399.0","14,963.0","3.01M","-2.60%"
"18/11/2022","15,363.0","15,109.0","15,581.0","14,963.0","4.68M","0.48%"
"17/11/2022","15,290.0","15,109.0","15,508.0","15,109.0","5.69M","3.19%"
"16/11/2022","14,818.0","13,728.0","14,818.0","13,002.0","9.78M","6.80%"
"15/11/2022","13,874.0","14,709.0","14,854.0","13,874.0","8.68M","-18.18%"
"14/11/2022","16,957.0","17,124.0","17,291.0","16,665.0","6.05M","-2.41%"
"11/11/2022","17,375.0","17,291.0","17,709.0","17,083.0","4.97M","4.00%"
"10/11/2022","16,707.0","17,250.0","17,458.0","16,289.0","6.28M","-3.61%"
"09/11/2022","17,333.0","17,876.0","18,127.0","17,291.0","3.77M","-2.59%"
"08/11/2022","17,793.0","17,208.0","18,168.0","16,832.0","4.68M","3.15%"
"07/11/2022","17,250.0","17,458.0","17,542.0","16,874.0","5.64M","2.48%"
"04/11/2022","16,832.0","17,834.0","17,876.0","16,665.0","14.51M","-5.62%"
"03/11/2022","17,834.0","17,960.0","18,377.0","17,834.0","3.77M","-2.06%"
"02/11/2022","18,210.0","18,711.0","18,753.0","18,210.0","4.07M","-2.90%"
"01/11/2022","18,753.0","18,795.0","19,213.0","18,670.0","3.86M","0.22%"
"31/10/2022","18,711.0","18,670.0","18,795.0","18,085.0","4.31M","0.45%"
"28/10/2022","18,628.0","18,711.0","18,837.0","18,419.0","4.08M","1.13%"
"27/10/2022","18,419.0","17,291.0","18,419.0","17,124.0","5.57M","6.78%"
"26/10/2022","17,250.0","17,208.0","17,458.0","16,874.0","2.49M","1.23%"
"25/10/2022","17,041.0","16,456.0","17,417.0","15,997.0","5.67M","4.62%"
"24/10/2022","16,289.0","17,083.0","17,124.0","16,038.0","3.22M","-4.41%"
"21/10/2022","17,041.0","17,834.0","17,834.0","16,915.0","3.89M","-4.45%"
"20/10/2022","17,834.0","17,625.0","17,960.0","17,291.0","4.63M","1.19%"
"19/10/2022","17,625.0","18,043.0","18,043.0","17,542.0","1.66M","-1.40%"
"18/10/2022","17,876.0","17,793.0","17,960.0","17,625.0","3.18M","2.15%"
"17/10/2022","17,500.0","16,957.0","17,542.0","16,915.0","4.32M","0.48%"
"14/10/2022","17,417.0","17,124.0","17,458.0","16,874.0","3.61M","4.51%"
"13/10/2022","16,665.0","15,621.0","16,665.0","15,454.0","4.49M","6.68%"
"12/10/2022","15,621.0","14,952.0","15,621.0","14,869.0","3.87M","6.86%"
"11/10/2022","14,618.0","15,621.0","15,621.0","14,577.0","7.40M","-6.42%"
"10/10/2022","15,621.0","15,203.0","15,955.0","15,203.0","7.44M","0.27%"
"07/10/2022","15,579.0","16,331.0","16,623.0","15,537.0","9.76M","-6.75%"
"06/10/2022","16,707.0","17,417.0","17,709.0","16,707.0","3.28M","-3.84%"
"05/10/2022","17,375.0","17,625.0","17,918.0","17,375.0","3.74M","-0.95%"
"04/10/2022","17,542.0","18,127.0","18,335.0","17,542.0","3.99M","-2.78%"
"03/10/2022","18,043.0","18,419.0","18,628.0","17,793.0","4.21M","-2.70%"
"30/09/2022","18,544.0","18,377.0","18,753.0","18,252.0","4.85M","0.91%"
"29/09/2022","18,377.0","18,503.0","18,503.0","18,294.0","4.43M","0.00%"
"28/09/2022","18,377.0","18,419.0","18,586.0","18,335.0","2.89M","-1.79%"
"27/09/2022","18,711.0","18,544.0","18,753.0","18,461.0","1.69M","0.90%"
"26/09/2022","18,544.0","18,711.0","18,795.0","18,210.0","5.23M","-1.77%"
"23/09/2022","18,878.0","18,920.0","19,171.0","18,878.0","1.69M","-0.88%"
"22/09/2022","19,046.0","18,795.0","19,046.0","18,795.0","2.10M","0.89%"
"21/09/2022","18,878.0","19,087.0","19,087.0","18,878.0","1.49M","-1.31%"
"20/09/2022","19,129.0","19,129.0","19,171.0","18,878.0","2.19M","0.22%"
"19/09/2022","19,087.0","19,338.0","19,380.0","18,962.0","2.94M","-1.30%"
"16/09/2022","19,338.0","19,630.0","19,714.0","19,296.0","2.44M","-1.70%"
"15/09/2022","19,672.0","19,714.0","19,714.0","19,588.0","1.82M","0.21%"
"14/09/2022","19,630.0","19,630.0","19,714.0","19,505.0","2.42M","-1.26%"
"13/09/2022","19,881.0","19,964.0","20,048.0","19,714.0","1.69M","0.21%"
"12/09/2022","19,839.0","20,048.0","20,215.0","19,839.0","1.60M","-1.04%"
"09/09/2022","20,048.0","20,215.0","20,215.0","19,839.0","2.56M","0.00%"
"08/09/2022","20,048.0","20,382.0","20,424.0","20,048.0","2.39M","-1.24%"
"07/09/2022","20,299.0","20,466.0","20,549.0","20,299.0","3.70M","-1.42%"
"06/09/2022","20,591.0","20,466.0","20,633.0","20,424.0","2.77M","0.61%"
"05/09/2022","20,466.0","20,507.0","20,674.0","20,424.0","2.65M","-0.61%"
"31/08/2022","20,591.0","20,507.0","20,674.0","20,507.0","2.26M","0.41%"
"30/08/2022","20,507.0","20,549.0","20,758.0","20,507.0","2.32M","0.00%"
"29/08/2022","20,507.0","20,424.0","20,633.0","20,299.0","3.70M","-1.01%"
"26/08/2022","20,716.0","20,967.0","21,134.0","20,674.0","4.46M","-0.80%"
"25/08/2022","20,883.0","20,758.0","20,883.0","20,674.0","4.18M","0.60%"
"24/08/2022","20,758.0","20,633.0","20,800.0","20,591.0","3.11M","0.20%"
"23/08/2022","20,716.0","20,340.0","20,716.0","20,215.0","2.74M","0.61%"
"22/08/2022","20,591.0","20,716.0","20,716.0","20,549.0","2.58M","-0.80%"
"19/08/2022","20,758.0","21,009.0","21,009.0","20,716.0","2.20M","-1.19%"
"18/08/2022","21,009.0","20,841.0","21,092.0","20,716.0","6.88M","0.81%"
"17/08/2022","20,841.0","20,841.0","20,883.0","20,758.0","3.85M","0.40%"
"16/08/2022","20,758.0","20,800.0","20,841.0","20,591.0","3.72M","-0.40%"
"15/08/2022","20,841.0","20,800.0","21,009.0","20,716.0","3.63M","0.60%"
"12/08/2022","20,716.0","20,633.0","20,758.0","20,549.0","1.68M","0.20%"
"11/08/2022","20,674.0","20,883.0","20,967.0","20,633.0","3.96M","-0.40%"
"10/08/2022","20,758.0","20,841.0","20,925.0","20,674.0","2.29M","-0.40%"
"09/08/2022","20,841.0","20,800.0","20,883.0","20,633.0","4.09M","0.81%"
"08/08/2022","20,674.0","20,716.0","20,883.0","20,591.0","3.68M","-0.40%"
"05/08/2022","20,758.0","20,883.0","20,883.0","20,466.0","3.76M","-0.60%"
"04/08/2022","20,883.0","20,883.0","21,092.0","20,800.0","5.05M","0.20%"
"03/08/2022","20,841.0","20,883.0","20,925.0","20,633.0","6.99M","0.20%"
"02/08/2022","20,800.0","20,883.0","20,925.0","20,633.0","3.90M","-0.40%"
"01/08/2022","20,883.0","20,591.0","20,883.0","20,466.0","5.12M","1.63%"
"29/07/2022","20,549.0","20,507.0","20,633.0","20,424.0","4.39M","0.61%"
"28/07/2022","20,424.0","20,633.0","20,633.0","20,382.0","3.85M","1.03%"
"27/07/2022","20,215.0","20,048.0","20,215.0","20,006.0","1.02M","0.62%"
"26/07/2022","20,090.0","20,048.0","20,257.0","20,048.0","1.71M","0.00%"
"25/07/2022","20,090.0","20,215.0","20,382.0","19,964.0","2.13M","-1.23%"
"22/07/2022","20,340.0","20,591.0","20,716.0","20,340.0","2.35M","-1.22%"
"21/07/2022","20,591.0","20,299.0","20,800.0","20,215.0","4.96M","1.44%"
"20/07/2022","20,299.0","20,131.0","20,340.0","19,964.0","3.50M","1.68%"
"19/07/2022","19,964.0","19,964.0","20,006.0","19,881.0","1.73M","0.00%"
"18/07/2022","19,964.0","20,131.0","20,215.0","19,964.0","2.79M","-0.42%"
"15/07/2022","20,048.0","20,257.0","20,424.0","20,048.0","3.04M","-0.21%"
"14/07/2022","20,090.0","19,881.0","20,173.0","19,881.0","1.64M","0.21%"
"13/07/2022","20,048.0","20,048.0","20,382.0","19,881.0","2.45M","0.00%"
"12/07/2022","20,048.0","19,714.0","20,048.0","19,630.0","837.32K","2.13%"
"11/07/2022","19,630.0","19,923.0","20,048.0","19,630.0","1.88M","-2.08%"
"08/07/2022","20,048.0","20,215.0","20,382.0","20,048.0","2.32M","-0.62%"
"07/07/2022","20,173.0","20,299.0","20,466.0","20,131.0","2.87M","-0.21%"
"06/07/2022","20,215.0","20,382.0","20,466.0","19,714.0","2.32M","-1.02%"
"05/07/2022","20,424.0","20,424.0","20,549.0","20,257.0","3.44M","0.82%"
"04/07/2022","20,257.0","20,382.0","20,466.0","20,048.0","2.10M","0.83%"
"01/07/2022","20,090.0","19,923.0","20,090.0","19,630.0","2.13M","0.21%"
"30/06/2022","20,048.0","20,466.0","20,466.0","20,006.0","2.40M","-0.83%"
"29/06/2022","20,215.0","20,215.0","20,466.0","20,048.0","2.25M","-1.23%"
"28/06/2022","20,466.0","19,881.0","20,716.0","19,797.0","3.45M","2.30%"
"27/06/2022","20,006.0","19,881.0","20,173.0","19,756.0","2.81M","0.63%"
"24/06/2022","19,881.0","19,797.0","20,048.0","19,630.0","1.83M","0.21%"
"23/06/2022","19,839.0","19,547.0","19,923.0","19,254.0","2.46M","0.00%"
"22/06/2022","19,839.0","19,380.0","19,964.0","19,380.0","2.91M","3.26%"
"21/06/2022","19,213.0","18,795.0","19,380.0","18,795.0","3.08M","0.44%"
"20/06/2022","19,129.0","19,296.0","19,630.0","19,046.0","4.55M","-0.87%"
"17/06/2022","19,296.0","19,630.0","19,923.0","19,087.0","3.64M","-4.15%"
"16/06/2022","20,131.0","19,714.0","20,131.0","19,714.0","2.21M","2.12%"
"15/06/2022","19,714.0","20,424.0","20,466.0","19,296.0","4.18M","-2.07%"
"14/06/2022","20,131.0","19,964.0","20,424.0","19,630.0","2.36M","0.84%"
"13/06/2022","19,964.0","20,883.0","20,883.0","19,881.0","4.40M","-5.16%"
"10/06/2022","21,050.0","21,050.0","21,552.0","21,009.0","2.62M","-2.14%"
"09/06/2022","21,510.0","21,552.0","21,635.0","20,925.0","3.90M","0.20%"
"08/06/2022","21,468.0","20,800.0","21,468.0","20,591.0","5.17M","3.01%"
"07/06/2022","20,841.0","21,134.0","21,134.0","20,299.0","2.59M","-1.39%"
"06/06/2022","21,134.0","21,134.0","21,343.0","21,050.0","1.95M","0.00%"
"03/06/2022","21,134.0","21,301.0","21,384.0","20,800.0","1.62M","-0.20%"
"02/06/2022","21,176.0","21,384.0","21,677.0","21,176.0","4.31M","1.89%"
"01/06/2022","20,783.0","21,251.0","21,251.0","20,783.0","5.06M","-1.43%"
"31/05/2022","21,084.0","21,184.0","21,251.0","21,050.0","3.38M","-1.25%"
"30/05/2022","21,351.0","21,384.0","21,384.0","21,050.0","3.23M","0.47%"
"27/05/2022","21,251.0","20,583.0","21,251.0","20,449.0","7.06M","4.78%"
"26/05/2022","20,282.0","20,315.0","20,382.0","20,048.0","3.87M","1.17%"
"25/05/2022","20,048.0","19,246.0","20,048.0","19,246.0","5.48M","4.17%"
"24/05/2022","19,246.0","19,246.0","19,246.0","18,812.0","2.26M","1.23%"
"23/05/2022","19,012.0","19,446.0","19,580.0","18,912.0","1.71M","-2.07%"
"20/05/2022","19,413.0","19,112.0","19,580.0","19,112.0","2.78M","1.57%"
"19/05/2022","19,112.0","18,979.0","19,380.0","18,778.0","2.67M","-1.21%"
"18/05/2022","19,346.0","19,847.0","19,881.0","19,246.0","5.06M","-1.03%"
"17/05/2022","19,547.0","18,444.0","19,614.0","18,377.0","3.76M","5.98%"
"16/05/2022","18,444.0","18,478.0","19,179.0","18,377.0","7.39M","0.36%"
"13/05/2022","18,377.0","19,981.0","20,248.0","18,377.0","8.83M","-6.78%"
"12/05/2022","19,714.0","20,516.0","20,883.0","19,714.0","4.50M","-6.64%"
"11/05/2022","21,117.0","20,583.0","21,117.0","20,449.0","3.33M","2.59%"
"10/05/2022","20,583.0","20,248.0","20,716.0","19,981.0","5.53M","0.66%"
"09/05/2022","20,449.0","20,716.0","20,716.0","19,847.0","7.44M","-1.29%"
"06/05/2022","20,716.0","20,850.0","21,251.0","20,616.0","2.76M","-2.21%"
"05/05/2022","21,184.0","21,585.0","21,585.0","20,917.0","4.61M","-0.16%"
"04/05/2022","21,217.0","21,552.0","21,719.0","21,217.0","2.96M","-2.91%"
"29/04/2022","21,852.0","20,716.0","21,852.0","20,549.0","6.67M","5.48%"
"28/04/2022","20,716.0","20,449.0","20,850.0","20,449.0","2.16M","0.32%"
"27/04/2022","20,649.0","20,516.0","20,850.0","20,248.0","4.07M","0.00%"
"26/04/2022","20,649.0","20,382.0","20,883.0","20,048.0","8.78M","1.31%"
"25/04/2022","20,382.0","21,585.0","21,685.0","20,382.0","11.85M","-5.57%"
"22/04/2022","21,585.0","21,184.0","21,785.0","21,184.0","7.46M","2.54%"
"21/04/2022","21,050.0","21,384.0","21,719.0","21,050.0","8.48M","-17.52%"
"20/04/2022","25,520.0","25,360.0","25,760.0","25,320.0","5.61M","0.79%"
"19/04/2022","25,320.0","26,080.0","26,240.0","25,280.0","6.56M","-3.51%"
"18/04/2022","26,240.0","26,800.0","26,880.0","26,240.0","7.43M","-2.24%"
"15/04/2022","26,840.0","27,040.0","27,200.0","26,760.0","6.74M","-0.74%"
"14/04/2022","27,040.0","26,920.0","27,320.0","26,880.0","6.13M","0.45%"
"13/04/2022","26,920.0","26,800.0","27,080.0","26,640.0","6.32M","0.60%"
"12/04/2022","26,760.0","27,080.0","27,080.0","26,680.0","6.15M","-1.18%"
"08/04/2022","27,080.0","26,960.0","27,200.0","26,920.0","11.13M","0.74%"
"07/04/2022","26,880.0","26,720.0","27,320.0","26,600.0","12.06M","1.20%"
"06/04/2022","26,560.0","26,280.0","26,640.0","26,200.0","5.20M","0.61%"
"05/04/2022","26,400.0","26,720.0","26,720.0","26,360.0","5.64M","-1.49%"
"04/04/2022","26,800.0","26,880.0","26,960.0","26,720.0","5.99M","0.30%"
"01/04/2022","26,720.0","26,440.0","26,720.0","26,400.0","7.33M","1.06%"
"31/03/2022","26,440.0","26,160.0","26,560.0","26,080.0","6.90M","1.38%"
"30/03/2022","26,080.0","25,920.0","26,320.0","25,840.0","5.19M","0.77%"
"29/03/2022","25,880.0","25,960.0","26,120.0","25,840.0","4.58M","0.00%"
"28/03/2022","25,880.0","26,160.0","26,240.0","25,840.0","6.09M","-1.07%"
"25/03/2022","26,160.0","26,320.0","26,520.0","26,160.0","4.17M","-0.61%"
"24/03/2022","26,320.0","26,440.0","26,560.0","26,280.0","3.59M","-0.90%"
"23/03/2022","26,560.0","26,560.0","26,720.0","26,520.0","2.58M","-0.30%"
"22/03/2022","26,640.0","26,400.0","26,720.0","26,400.0","4.16M","1.06%"
"21/03/2022","26,360.0","26,320.0","26,400.0","26,160.0","4.13M","0.46%"
"18/03/2022","26,240.0","26,400.0","26,480.0","26,240.0","3.25M","0.00%"
"17/03/2022","26,240.0","26,520.0","26,560.0","26,240.0","3.28M","0.00%"
"16/03/2022","26,240.0","26,320.0","26,440.0","26,120.0","4.12M","0.00%"
"15/03/2022","26,240.0","26,240.0","26,520.0","26,160.0","3.44M","0.31%"
"14/03/2022","26,160.0","26,000.0","26,240.0","25,960.0","3.41M","0.00%"
"11/03/2022","26,160.0","26,240.0","26,360.0","26,080.0","3.39M","-0.61%"
"10/03/2022","26,320.0","26,400.0","26,720.0","26,320.0","2.75M","0.61%"
"09/03/2022","26,160.0","26,200.0","26,360.0","25,920.0","5.22M","0.31%"
"08/03/2022","26,080.0","26,400.0","26,560.0","26,040.0","9.03M","-1.95%"
"07/03/2022","26,600.0","26,800.0","27,040.0","26,520.0","5.87M","-3.06%"
"04/03/2022","27,440.0","26,720.0","27,440.0","26,400.0","8.66M","2.54%"
"03/03/2022","26,760.0","26,400.0","26,760.0","26,320.0","10.21M","1.67%"
"02/03/2022","26,320.0","26,960.0","27,200.0","26,320.0","17.35M","-2.81%"
"01/03/2022","27,080.0","27,200.0","27,200.0","26,840.0","7.01M","-0.15%"
"28/02/2022","27,120.0","27,440.0","27,480.0","27,120.0","4.82M","-1.31%"
"25/02/2022","27,480.0","27,600.0","27,800.0","27,440.0","6.89M","-0.29%"
"24/02/2022","27,560.0","27,480.0","27,680.0","26,760.0","11.12M","-0.43%"
"23/02/2022","27,680.0","27,840.0","28,080.0","27,680.0","7.32M","-0.29%"
"22/02/2022","27,760.0","27,200.0","27,760.0","26,880.0","10.12M","0.87%"
"21/02/2022","27,520.0","27,120.0","27,520.0","26,840.0","9.11M","1.62%"
"18/02/2022","27,080.0","27,280.0","27,400.0","26,960.0","9.15M","-1.31%"
"17/02/2022","27,440.0","27,320.0","27,560.0","27,280.0","4.89M","0.29%"
"16/02/2022","27,360.0","27,760.0","27,760.0","27,200.0","6.37M","-0.87%"
"15/02/2022","27,600.0","27,240.0","27,600.0","27,200.0","8.29M","1.47%"
"14/02/2022","27,200.0","28,320.0","28,480.0","27,200.0","16.44M","-4.76%"
"11/02/2022","28,560.0","28,240.0","29,080.0","28,200.0","11.97M","0.42%"
"10/02/2022","28,440.0","28,480.0","28,640.0","28,280.0","9.54M","-0.14%"
"09/02/2022","28,480.0","28,720.0","28,760.0","28,400.0","12.69M","-0.42%"
"08/02/2022","28,600.0","27,760.0","28,800.0","27,760.0","40.58M","3.03%"
"07/02/2022","27,760.0","28,000.0","28,120.0","27,720.0","5.69M","0.43%"
"28/01/2022","27,640.0","27,920.0","28,000.0","27,520.0","12.82M","-1.00%"
"27/01/2022","27,920.0","28,320.0","28,320.0","27,640.0","7.58M","-1.55%"
"26/01/2022","28,360.0","28,000.0","28,760.0","28,000.0","10.62M","1.72%"
"25/01/2022","27,880.0","27,480.0","28,040.0","27,480.0","5.35M","1.46%"
"24/01/2022","27,480.0","26,800.0","27,920.0","26,800.0","16.48M","2.69%"
"21/01/2022","26,760.0","26,360.0","27,200.0","26,320.0","5.51M","1.52%"
"20/01/2022","26,360.0","26,400.0","26,520.0","26,160.0","4.27M","-0.15%"
"19/01/2022","26,400.0","26,240.0","26,640.0","26,240.0","2.63M","0.61%"
"18/01/2022","26,240.0","26,200.0","26,440.0","25,840.0","5.34M","0.15%"
"17/01/2022","26,200.0","26,480.0","26,920.0","26,200.0","9.11M","-0.91%"
"14/01/2022","26,440.0","26,680.0","26,760.0","26,400.0","2.43M","-0.90%"
"13/01/2022","26,680.0","26,920.0","27,400.0","26,520.0","8.14M","0.76%"
"12/01/2022","26,480.0","26,160.0","26,840.0","26,040.0","9.74M","1.07%"
"11/01/2022","26,200.0","26,400.0","26,440.0","26,160.0","7.99M","-0.76%"
"10/01/2022","26,400.0","26,400.0","26,720.0","26,360.0","7.12M","-0.90%"
"07/01/2022","26,640.0","27,120.0","27,160.0","26,640.0","4.15M","-1.33%"
"06/01/2022","27,000.0","26,800.0","27,200.0","26,480.0","7.09M","0.15%"
"05/01/2022","26,960.0","27,480.0","27,480.0","26,920.0","7.42M","-2.03%"
"04/01/2022","27,520.0","27,840.0","27,840.0","27,400.0","5.69M","-0.29%"
"31/12/2021","27,600.0","27,200.0","27,640.0","27,200.0","7.06M","1.77%"
"30/12/2021","27,120.0","26,960.0","27,200.0","26,800.0","2.27M","0.30%"
"29/12/2021","27,040.0","27,080.0","27,360.0","26,960.0","4.77M","0.45%"
"28/12/2021","26,920.0","26,520.0","27,000.0","26,440.0","4.35M","1.51%"
"27/12/2021","26,520.0","26,640.0","26,640.0","26,320.0","3.07M","0.45%"
"24/12/2021","26,400.0","26,000.0","26,520.0","25,760.0","5.47M","1.54%"
"23/12/2021","26,000.0","26,080.0","26,120.0","25,600.0","5.17M","-0.61%"
"22/12/2021","26,160.0","26,120.0","26,360.0","26,120.0","4.23M","-0.30%"
"21/12/2021","26,240.0","26,360.0","26,360.0","26,240.0","3.03M","-0.91%"
"20/12/2021","26,480.0","26,560.0","26,640.0","26,280.0","4.12M","-0.30%"
"17/12/2021","26,560.0","26,520.0","26,640.0","26,440.0","3.00M","0.61%"
"16/12/2021","26,400.0","26,800.0","26,840.0","26,400.0","2.88M","-1.20%"
"15/12/2021","26,720.0","26,480.0","26,840.0","26,440.0","2.65M","0.30%"
"14/12/2021","26,640.0","26,640.0","26,800.0","26,480.0","2.66M","-0.30%"
"13/12/2021","26,720.0","26,840.0","27,040.0","26,640.0","3.77M","0.00%"
"10/12/2021","26,720.0","26,560.0","26,880.0","26,480.0","5.91M","0.30%"
"09/12/2021","26,640.0","26,400.0","26,640.0","26,240.0","2.70M","0.60%"
"08/12/2021","26,480.0","26,120.0","26,720.0","26,040.0","3.63M","0.46%"
"07/12/2021","26,360.0","26,000.0","26,360.0","25,680.0","3.53M","2.01%"
"06/12/2021","25,840.0","25,840.0","26,240.0","25,320.0","8.12M","-0.77%"
"03/12/2021","26,040.0","26,720.0","26,840.0","26,040.0","6.15M","-1.96%"
"02/12/2021","26,560.0","26,880.0","26,880.0","26,560.0","3.31M","-0.90%"
"01/12/2021","26,800.0","26,480.0","26,800.0","26,440.0","4.53M","0.60%"
"30/11/2021","26,640.0","27,520.0","27,600.0","26,560.0","7.68M","-2.49%"
"29/11/2021","27,320.0","27,040.0","27,440.0","27,040.0","7.62M","-1.30%"
"26/11/2021","27,680.0","28,120.0","28,240.0","27,680.0","7.76M","-1.56%"
"25/11/2021","28,120.0","28,400.0","28,440.0","27,960.0","8.85M","-0.57%"
"24/11/2021","28,280.0","27,120.0","28,360.0","27,000.0","17.87M","4.12%"
"23/11/2021","27,160.0","27,400.0","27,440.0","26,960.0","4.80M","-0.59%"
"22/11/2021","27,320.0","26,800.0","27,840.0","26,400.0","11.44M","2.09%"
"19/11/2021","26,760.0","26,160.0","27,120.0","26,040.0","12.24M","2.92%"
"18/11/2021","26,000.0","26,800.0","26,800.0","26,000.0","6.87M","-2.40%"
"17/11/2021","26,640.0","26,520.0","26,800.0","26,240.0","5.45M","0.45%"
"16/11/2021","26,520.0","26,680.0","26,720.0","26,240.0","6.51M","-0.75%"
"15/11/2021","26,720.0","26,720.0","26,880.0","26,600.0","6.10M","0.15%"
"12/11/2021","26,680.0","26,400.0","26,680.0","26,120.0","5.47M","1.06%"
"11/11/2021","26,400.0","26,640.0","26,840.0","26,000.0","8.91M","-1.20%"
"10/11/2021","26,720.0","26,800.0","26,840.0","26,520.0","5.46M","-0.15%"
"09/11/2021","26,760.0","26,720.0","27,040.0","26,680.0","6.31M","0.15%"
"08/11/2021","26,720.0","26,800.0","26,920.0","26,560.0","6.73M","-0.30%"
"05/11/2021","26,800.0","27,040.0","27,040.0","26,640.0","4.96M","0.00%"
"04/11/2021","26,800.0","27,240.0","27,240.0","26,760.0","5.25M","-1.03%"
"03/11/2021","27,080.0","26,640.0","27,280.0","26,600.0","16.33M","2.11%"
"02/11/2021","26,520.0","26,160.0","26,520.0","26,040.0","8.76M","1.38%"
"01/11/2021","26,160.0","26,240.0","26,320.0","25,920.0","6.62M","-0.91%"
"29/10/2021","26,400.0","25,480.0","26,400.0","25,400.0","17.00M","3.61%"
"28/10/2021","25,480.0","25,320.0","25,480.0","25,200.0","5.81M","1.43%"
"27/10/2021","25,120.0","24,920.0","25,440.0","24,920.0","7.29M","0.96%"
"26/10/2021","24,880.0","25,000.0","25,000.0","24,640.0","6.57M","-0.48%"
"25/10/2021","25,000.0","25,360.0","25,360.0","24,880.0","6.50M","-1.11%"
"22/10/2021","25,280.0","25,520.0","25,560.0","25,160.0","4.78M","-0.47%"
"21/10/2021","25,400.0","25,840.0","25,840.0","25,400.0","5.17M","-1.70%"
"20/10/2021","25,840.0","25,840.0","26,120.0","25,440.0","4.81M","0.00%"
"19/10/2021","25,840.0","25,920.0","25,920.0","25,520.0","4.52M","0.94%"
"18/10/2021","25,600.0","25,880.0","26,080.0","25,600.0","5.68M","-0.62%"
"15/10/2021","25,760.0","26,000.0","26,040.0","25,680.0","3.72M","-0.31%"
"14/10/2021","25,840.0","26,080.0","26,160.0","25,760.0","5.65M","-0.92%"
"13/10/2021","26,080.0","26,080.0","26,320.0","26,000.0","4.64M","0.00%"
"12/10/2021","26,080.0","26,320.0","26,320.0","25,920.0","4.23M","0.00%"
"11/10/2021","26,080.0","25,280.0","26,080.0","25,280.0","8.36M","3.66%"
"08/10/2021","25,160.0","25,120.0","25,240.0","25,000.0","4.35M","0.80%"
"07/10/2021","24,960.0","25,200.0","25,200.0","24,960.0","2.70M","-0.48%"
"06/10/2021","25,080.0","25,240.0","25,320.0","24,880.0","4.15M","-0.48%"
"05/10/2021","25,200.0","24,800.0","25,200.0","24,800.0","3.64M","1.61%"
"04/10/2021","24,800.0","25,040.0","25,120.0","24,480.0","7.07M","-1.59%"
"01/10/2021","25,200.0","25,200.0","25,240.0","24,880.0","8.05M","-0.16%"
"30/09/2021","25,240.0","25,080.0","25,280.0","25,040.0","5.49M","0.64%"
"29/09/2021","25,080.0","25,280.0","25,360.0","24,920.0","4.52M","-0.79%"
"28/09/2021","25,280.0","25,200.0","25,400.0","25,120.0","3.15M","0.32%"
"27/09/2021","25,200.0","25,760.0","25,920.0","25,200.0","6.00M","-1.56%"
"24/09/2021","25,600.0","25,440.0","25,720.0","25,280.0","8.36M","1.27%"
"23/09/2021","25,280.0","25,360.0","25,440.0","25,200.0","5.26M","0.00%"
"22/09/2021","25,280.0","25,440.0","25,600.0","25,280.0","3.35M","-0.63%"
"21/09/2021","25,440.0","25,440.0","25,600.0","25,160.0","4.85M","-0.93%"
"20/09/2021","25,680.0","25,600.0","25,840.0","25,480.0","7.98M","1.58%"
"17/09/2021","25,280.0","25,280.0","25,440.0","25,080.0","5.72M","0.96%"
"16/09/2021","25,040.0","25,000.0","25,240.0","24,960.0","4.32M","0.32%"
"15/09/2021","24,960.0","25,200.0","25,200.0","24,920.0","6.22M","-0.95%"
"14/09/2021","25,200.0","25,480.0","25,600.0","25,200.0","5.64M","-1.25%"
"13/09/2021","25,520.0","25,840.0","25,840.0","25,520.0","6.50M","-1.24%"
"10/09/2021","25,840.0","26,000.0","26,040.0","25,800.0","5.13M","-0.46%"
"09/09/2021","25,960.0","25,600.0","25,960.0","25,560.0","4.29M","0.93%"
"08/09/2021","25,720.0","26,000.0","26,200.0","25,680.0","5.94M","-1.08%"
"07/09/2021","26,000.0","25,920.0","26,200.0","25,760.0","9.95M","1.40%"
"06/09/2021","25,640.0","25,760.0","25,840.0","25,560.0","9.23M","0.16%"
"01/09/2021","25,600.0","25,600.0","26,200.0","25,560.0","10.89M","0.00%"
"31/08/2021","25,600.0","26,000.0","26,080.0","25,600.0","6.91M","-0.47%"
"30/08/2021","25,720.0","25,440.0","25,920.0","25,280.0","10.04M","1.26%"
"27/08/2021","25,400.0","25,360.0","25,480.0","24,640.0","10.09M","-0.63%"
"26/08/2021","25,560.0","26,040.0","26,080.0","25,440.0","6.18M","-1.54%"
"25/08/2021","25,960.0","25,760.0","26,000.0","25,520.0","6.08M","0.46%"
"24/08/2021","25,840.0","25,600.0","26,000.0","25,360.0","11.36M","0.94%"
"23/08/2021","25,600.0","26,800.0","26,880.0","25,600.0","19.50M","-4.76%"
"20/08/2021","26,880.0","28,240.0","28,280.0","26,440.0","26.19M","-4.82%"
"19/08/2021","28,240.0","28,400.0","28,440.0","27,960.0","11.71M","-0.70%"
"18/08/2021","28,440.0","28,360.0","28,640.0","28,240.0","8.87M","-0.14%"
"17/08/2021","28,480.0","28,800.0","28,960.0","28,320.0","10.93M","-0.28%"
"16/08/2021","28,560.0","28,280.0","28,800.0","27,840.0","15.07M","0.99%"
"13/08/2021","28,280.0","28,160.0","28,360.0","27,440.0","18.91M","0.14%"
"12/08/2021","28,240.0","28,640.0","28,800.0","28,240.0","15.18M","-1.94%"
"11/08/2021","28,800.0","29,200.0","29,400.0","28,800.0","20.62M","-1.37%"
"10/08/2021","29,200.0","29,440.0","29,480.0","28,960.0","13.07M","0.00%"
"09/08/2021","29,200.0","28,320.0","29,480.0","28,120.0","24.05M","2.67%"
"06/08/2021","28,440.0","28,880.0","28,920.0","28,360.0","10.78M","-1.25%"
"05/08/2021","28,800.0","28,280.0","28,880.0","28,240.0","17.23M","1.41%"
"04/08/2021","28,400.0","28,800.0","28,800.0","28,240.0","10.58M","-0.84%"
"03/08/2021","28,640.0","28,360.0","28,640.0","28,000.0","10.96M","0.70%"
"02/08/2021","28,440.0","28,400.0","28,800.0","28,280.0","10.81M","-1.66%"
"30/07/2021","28,920.0","27,440.0","28,920.0","27,440.0","43.95M","5.86%"
"29/07/2021","27,320.0","26,760.0","27,360.0","26,640.0","9.55M","3.02%"
"28/07/2021","26,520.0","26,560.0","26,880.0","26,440.0","6.06M","0.00%"
"27/07/2021","26,520.0","26,440.0","26,800.0","26,400.0","7.04M","1.38%"
"26/07/2021","26,160.0","26,080.0","26,480.0","25,640.0","9.41M","-0.91%"
"23/07/2021","26,400.0","27,120.0","27,320.0","26,400.0","9.29M","-3.23%"
"22/07/2021","27,280.0","27,040.0","27,520.0","26,560.0","8.95M","0.89%"
"21/07/2021","27,040.0","27,240.0","27,600.0","27,000.0","10.22M","-0.29%"
"20/07/2021","27,120.0","26,000.0","27,120.0","25,600.0","10.70M","5.44%"
"19/07/2021","25,720.0","26,320.0","26,520.0","25,560.0","12.52M","-4.32%"
"16/07/2021","26,880.0","26,520.0","26,880.0","26,240.0","7.40M","2.60%"
"15/07/2021","26,200.0","25,120.0","26,360.0","25,080.0","6.37M","3.15%"
"14/07/2021","25,400.0","26,320.0","26,400.0","24,880.0","13.51M","-3.50%"
"13/07/2021","26,320.0","26,640.0","26,640.0","25,840.0","8.34M","0.46%"
"12/07/2021","26,200.0","27,600.0","27,800.0","26,200.0","22.94M","-6.96%"
"09/07/2021","28,160.0","28,800.0","29,280.0","27,200.0","14.14M","-2.76%"
"08/07/2021","28,960.0","29,240.0","29,760.0","28,800.0","9.19M","-0.96%"
"07/07/2021","29,240.0","28,800.0","29,520.0","28,080.0","12.65M","1.53%"
"06/07/2021","28,800.0","30,400.0","30,560.0","28,800.0","12.59M","-5.14%"
"05/07/2021","30,360.0","29,040.0","30,480.0","28,720.0","20.84M","5.12%"
"02/07/2021","28,880.0","29,040.0","29,120.0","28,800.0","8.01M","0.42%"
"01/07/2021","28,760.0","28,440.0","28,960.0","28,080.0","12.99M","0.70%"
"30/06/2021","28,560.0","29,120.0","29,200.0","28,480.0","12.04M","-2.06%"
"29/06/2021","29,160.0","29,520.0","29,560.0","29,160.0","8.35M","-0.68%"
"28/06/2021","29,360.0","29,360.0","29,440.0","29,040.0","9.92M","0.96%"
"25/06/2021","29,080.0","28,960.0","29,280.0","28,840.0","9.92M","0.41%"
"24/06/2021","28,960.0","28,800.0","29,160.0","28,480.0","14.37M","1.12%"
"23/06/2021","28,640.0","28,720.0","29,120.0","28,560.0","12.81M","0.42%"
"22/06/2021","28,520.0","28,160.0","28,800.0","27,880.0","18.59M","2.59%"
"21/06/2021","27,800.0","27,920.0","28,160.0","27,720.0","6.81M","-0.71%"
"18/06/2021","28,000.0","28,160.0","28,400.0","27,920.0","11.52M","0.29%"
"17/06/2021","27,920.0","27,200.0","28,000.0","26,960.0","7.99M","0.58%"
"16/06/2021","27,760.0","28,280.0","28,360.0","27,600.0","10.26M","-1.84%"
"15/06/2021","28,280.0","27,280.0","28,960.0","26,800.0","22.72M","3.67%"
"14/06/2021","27,280.0","27,720.0","27,920.0","27,080.0","13.68M","-1.59%"
"11/06/2021","27,720.0","27,520.0","28,080.0","27,040.0","11.92M","1.61%"
"10/06/2021","27,280.0","27,600.0","28,280.0","27,280.0","17.50M","0.41%"
"09/06/2021","27,168.0","25,728.0","27,264.0","25,600.0","19.63M","5.60%"
"08/06/2021","25,728.0","27,232.0","27,776.0","25,728.0","22.38M","-6.51%"
"07/06/2021","27,520.0","28,736.0","28,736.0","27,040.0","28.91M","-5.08%"
"04/06/2021","28,992.0","28,800.0","29,376.0","28,800.0","14.83M","-1.31%"
"03/06/2021","29,376.0","29,632.0","29,632.0","28,544.0","19.17M","2.91%"
"02/06/2021","28,544.0","27,296.0","28,544.0","27,200.0","25.02M","5.94%"
"01/06/2021","26,944.0","27,200.0","27,456.0","26,880.0","17.44M","1.69%"
"31/05/2021","26,496.0","25,280.0","26,528.0","24,960.0","25.05M","6.43%"
"28/05/2021","24,896.0","24,448.0","24,896.0","24,352.0","14.71M","1.83%"
"27/05/2021","24,448.0","24,640.0","25,056.0","24,256.0","14.92M","-0.65%"
"26/05/2021","24,608.0","24,352.0","24,736.0","24,352.0","15.59M","1.18%"
"25/05/2021","24,320.0","24,000.0","24,480.0","23,872.0","13.68M","1.33%"
"24/05/2021","24,000.0","24,224.0","24,224.0","23,840.0","11.79M","0.00%"
"21/05/2021","24,000.0","23,936.0","24,512.0","23,872.0","14.29M","0.27%"
"20/05/2021","23,936.0","23,424.0","24,000.0","23,424.0","19.16M","2.19%"
"19/05/2021","23,424.0","23,168.0","23,488.0","22,976.0","12.72M","0.97%"
"18/05/2021","23,200.0","23,424.0","23,424.0","22,976.0","12.31M","-0.82%"
"17/05/2021","23,392.0","23,680.0","23,808.0","23,328.0","14.50M","0.27%"
"14/05/2021","23,328.0","23,296.0","23,488.0","23,072.0","9.56M","0.69%"
"13/05/2021","23,168.0","22,848.0","23,648.0","22,848.0","18.32M","0.14%"
"12/05/2021","23,136.0","22,752.0","23,136.0","22,656.0","14.05M","0.98%"
"11/05/2021","22,912.0","23,296.0","23,296.0","22,912.0","15.28M","-1.10%"
"10/05/2021","23,168.0","22,528.0","23,264.0","22,528.0","21.08M","2.84%"
"07/05/2021","22,528.0","22,080.0","22,656.0","22,080.0","18.84M","1.15%"
"06/05/2021","22,272.0","22,592.0","22,624.0","22,176.0","12.16M","-1.42%"
"05/05/2021","22,592.0","22,144.0","22,944.0","22,144.0","27.44M","2.47%"
"04/05/2021","22,048.0","21,760.0","22,240.0","21,440.0","14.58M","-0.58%"
"29/04/2021","22,176.0","21,632.0","22,176.0","21,504.0","26.01M","2.51%"
"28/04/2021","21,632.0","21,440.0","21,952.0","21,376.0","8.87M","-0.59%"
"27/04/2021","21,760.0","21,120.0","21,760.0","20,896.0","9.99M","2.10%"
"26/04/2021","21,312.0","21,376.0","21,376.0","20,864.0","11.12M","-0.30%"
"23/04/2021","21,376.0","20,736.0","21,408.0","20,544.0","10.45M","2.77%"
"22/04/2021","20,800.0","21,376.0","21,504.0","20,800.0","12.26M","-3.27%"
"20/04/2021","21,504.0","21,760.0","22,016.0","21,248.0","11.20M","-0.30%"
"19/04/2021","21,568.0","21,440.0","21,600.0","20,992.0","6.71M","1.81%"
"16/04/2021","21,184.0","21,632.0","21,792.0","20,928.0","13.13M","-2.22%"
"15/04/2021","21,664.0","22,176.0","22,208.0","21,632.0","15.14M","-2.17%"
"14/04/2021","22,144.0","21,952.0","22,240.0","21,856.0","7.93M","0.00%"
"13/04/2021","22,144.0","22,624.0","22,720.0","22,016.0","13.65M","-1.56%"
"12/04/2021","22,496.0","22,144.0","22,528.0","22,048.0","19.55M","2.18%"
"09/04/2021","22,016.0","21,952.0","22,144.0","21,888.0","8.44M","0.00%"
"08/04/2021","22,016.0","21,984.0","22,208.0","21,888.0","7.32M","0.00%"
"07/04/2021","22,016.0","22,080.0","22,208.0","21,952.0","10.00M","-1.01%"
"06/04/2021","22,240.0","22,208.0","22,368.0","21,856.0","11.82M","0.00%"
"05/04/2021","22,240.0","22,592.0","22,592.0","22,144.0","11.61M","0.29%"
"02/04/2021","22,176.0","21,888.0","22,400.0","21,760.0","21.84M","2.36%"
"01/04/2021","21,664.0","21,408.0","21,664.0","21,312.0","16.31M","1.65%"
"31/03/2021","21,312.0","21,440.0","21,632.0","21,280.0","7.79M","0.00%"
"30/03/2021","21,312.0","21,184.0","21,440.0","20,960.0","12.58M","0.91%"
"29/03/2021","21,120.0","21,056.0","21,184.0","20,736.0","10.91M","1.69%"
"26/03/2021","20,768.0","20,480.0","20,768.0","20,064.0","12.39M","1.25%"
"25/03/2021","20,512.0","20,768.0","20,864.0","20,416.0","13.00M","-1.23%"
"24/03/2021","20,768.0","20,736.0","20,960.0","20,512.0","15.53M","-1.67%"
"23/03/2021","21,120.0","21,472.0","21,472.0","20,992.0","16.17M","-1.20%"
"22/03/2021","21,376.0","21,792.0","21,824.0","21,344.0","13.60M","-1.18%"
"19/03/2021","21,632.0","21,728.0","21,888.0","21,568.0","11.11M","-0.44%"
"18/03/2021","21,728.0","21,696.0","21,920.0","21,440.0","16.07M","1.34%"
"17/03/2021","21,440.0","21,408.0","21,472.0","21,248.0","9.76M","0.15%"
"16/03/2021","21,408.0","21,376.0","21,568.0","21,152.0","9.55M","-0.15%"
"15/03/2021","21,440.0","21,120.0","21,664.0","20,864.0","28.21M","1.67%"
"12/03/2021","21,088.0","21,120.0","21,152.0","20,896.0","8.12M","-0.15%"
"11/03/2021","21,120.0","21,120.0","21,184.0","20,960.0","11.13M","0.76%"
"10/03/2021","20,960.0","20,544.0","21,248.0","20,416.0","18.99M","2.18%"
"09/03/2021","20,512.0","20,160.0","20,672.0","19,904.0","13.78M","0.79%"
"08/03/2021","20,352.0","20,800.0","20,928.0","20,192.0","25.07M","-2.00%"
"05/03/2021","20,768.0","20,544.0","20,864.0","20,224.0","15.87M","0.15%"
"04/03/2021","20,736.0","21,376.0","21,376.0","20,512.0","15.33M","-2.56%"
"03/03/2021","21,280.0","21,056.0","21,408.0","20,928.0","14.18M","0.76%"
"02/03/2021","21,120.0","21,376.0","21,408.0","20,992.0","14.96M","-0.75%"
"01/03/2021","21,280.0","21,376.0","21,408.0","21,056.0","13.23M","0.61%"
"26/02/2021","21,152.0","20,416.0","21,344.0","20,416.0","20.42M","2.01%"
"25/02/2021","20,736.0","20,160.0","20,768.0","19,904.0","23.46M","3.85%"
"24/02/2021","19,968.0","20,256.0","20,384.0","19,840.0","29.20M","-1.58%"
"23/02/2021","20,288.0","20,384.0","20,640.0","20,128.0","21.80M","0.32%"
"22/02/2021","20,224.0","20,160.0","20,608.0","19,904.0","19.67M","1.61%"
"19/02/2021","19,904.0","18,560.0","19,936.0","18,496.0","48.73M","6.69%"
"18/02/2021","18,656.0","18,816.0","18,848.0","18,432.0","8.67M","-0.85%"
"17/02/2021","18,816.0","18,432.0","18,880.0","18,368.0","10.71M","2.98%"
"09/02/2021","18,272.0","17,600.0","18,272.0","17,472.0","9.30M","3.82%"
"08/02/2021","17,600.0","18,240.0","18,400.0","17,408.0","8.99M","-3.51%"
"05/02/2021","18,240.0","18,048.0","18,336.0","18,016.0","8.77M","1.06%"
"04/02/2021","18,048.0","17,984.0","18,048.0","17,792.0","6.64M","0.36%"
"03/02/2021","17,984.0","17,504.0","18,048.0","17,408.0","11.02M","2.74%"
"02/02/2021","17,504.0","17,056.0","17,536.0","16,864.0","10.23M","2.63%"
"01/02/2021","17,056.0","17,152.0","17,536.0","16,832.0","11.76M","-0.56%"
"29/01/2021","17,152.0","15,680.0","17,216.0","15,680.0","11.91M","4.69%"
"28/01/2021","16,384.0","16,640.0","17,088.0","16,384.0","23.68M","-6.91%"
"27/01/2021","17,600.0","17,792.0","18,144.0","17,408.0","9.98M","-1.08%"
"26/01/2021","17,792.0","17,952.0","18,336.0","17,600.0","12.65M","-1.07%"
"25/01/2021","17,984.0","18,112.0","18,240.0","17,952.0","12.01M","-1.92%"
"22/01/2021","18,336.0","18,496.0","18,624.0","18,240.0","8.50M","-1.04%"
"21/01/2021","18,528.0","18,432.0","18,624.0","18,144.0","10.21M","2.30%"
"20/01/2021","18,112.0","17,920.0","18,112.0","16,832.0","19.25M","1.43%"
"19/01/2021","17,856.0","19,072.0","19,136.0","17,856.0","20.43M","-6.84%"
"18/01/2021","19,168.0","19,424.0","19,520.0","19,136.0","13.15M","-0.99%"
"15/01/2021","19,360.0","19,200.0","19,456.0","19,168.0","12.79M","1.34%"
"14/01/2021","19,104.0","19,136.0","19,136.0","18,688.0","13.27M","0.00%"
"13/01/2021","19,104.0","19,392.0","19,424.0","19,008.0","15.49M","-0.83%"
"12/01/2021","19,264.0","19,360.0","19,392.0","19,168.0","14.50M","-0.82%"
"11/01/2021","19,424.0","19,520.0","19,776.0","19,296.0","15.35M","0.50%"
"08/01/2021","19,328.0","19,168.0","19,456.0","19,072.0","24.25M","1.00%"
"07/01/2021","19,136.0","19,136.0","19,200.0","18,944.0","18.18M","0.00%"
"06/01/2021","19,136.0","19,008.0","19,584.0","18,752.0","24.82M","1.87%"
"05/01/2021","18,784.0","18,304.0","18,944.0","18,112.0","29.21M","2.44%"
"04/01/2021","18,336.0","18,272.0","18,464.0","18,240.0","16.84M","1.96%"
"31/12/2020","17,984.0","17,856.0","18,112.0","17,824.0","10.59M","1.08%"
"30/12/2020","17,792.0","17,760.0","18,048.0","17,760.0","10.53M","0.36%"
"29/12/2020","17,728.0","17,792.0","17,888.0","17,664.0","10.16M","-0.36%"
"28/12/2020","17,792.0","18,112.0","18,112.0","17,696.0","9.72M","-0.54%"
"25/12/2020","17,888.0","17,472.0","17,920.0","17,408.0","14.37M","2.38%"
"24/12/2020","17,472.0","17,984.0","18,112.0","16,960.0","24.74M","-2.85%"
"23/12/2020","17,984.0","18,432.0","18,464.0","17,920.0","17.53M","-2.26%"
"22/12/2020","18,400.0","18,528.0","18,560.0","18,304.0","11.83M","-0.69%"
"21/12/2020","18,528.0","18,240.0","18,752.0","18,144.0","35.13M","1.94%"
"18/12/2020","18,176.0","18,208.0","18,336.0","18,112.0","18.27M","0.35%"
"17/12/2020","18,112.0","17,984.0","18,464.0","17,952.0","21.20M","0.18%"
"16/12/2020","18,080.0","17,920.0","18,208.0","17,920.0","16.35M","0.89%"
"15/12/2020","17,920.0","18,048.0","18,080.0","17,856.0","11.41M","-0.71%"
"14/12/2020","18,048.0","18,112.0","18,240.0","17,984.0","11.45M","0.00%"
"11/12/2020","18,048.0","17,984.0","18,080.0","17,792.0","6.97M","0.89%"
"10/12/2020","17,888.0","18,432.0","18,432.0","17,856.0","14.43M","-2.10%"
"09/12/2020","18,272.0","17,984.0","18,528.0","17,792.0","37.81M","4.58%"
"01/12/2020","17,472.0","17,408.0","17,472.0","17,152.0","14.45M","0.37%"
"30/11/2020","17,408.0","17,536.0","17,536.0","17,280.0","13.97M","0.00%"
"27/11/2020","17,408.0","17,600.0","17,664.0","17,408.0","8.54M","-0.73%"
"26/11/2020","17,536.0","17,472.0","17,728.0","17,280.0","15.68M","0.37%"
"25/11/2020","17,472.0","17,472.0","17,664.0","17,344.0","10.14M","0.00%"
"24/11/2020","17,472.0","17,472.0","17,792.0","17,344.0","16.19M","0.00%"
"23/11/2020","17,472.0","17,600.0","17,664.0","17,280.0","17.03M","0.00%"
"20/11/2020","17,472.0","17,472.0","17,536.0","17,152.0","14.99M","0.37%"
"19/11/2020","17,408.0","17,472.0","17,600.0","17,280.0","10.03M","0.00%"
"18/11/2020","17,408.0","17,408.0","17,728.0","17,216.0","12.38M","0.00%"
"17/11/2020","17,408.0","16,768.0","17,408.0","16,768.0","26.22M","3.82%"
"16/11/2020","16,768.0","16,960.0","17,152.0","16,768.0","14.04M","-1.13%"
"13/11/2020","16,960.0","16,896.0","17,088.0","16,832.0","9.74M","0.38%"
"12/11/2020","16,896.0","16,256.0","16,896.0","16,256.0","29.62M","3.94%"
"11/11/2020","16,256.0","16,192.0","16,320.0","16,128.0","7.08M","0.40%"
"10/11/2020","16,192.0","16,448.0","16,640.0","16,192.0","13.84M","-0.39%"
"09/11/2020","16,256.0","16,064.0","16,320.0","16,064.0","9.22M","1.20%"
"06/11/2020","16,064.0","15,936.0","16,064.0","15,872.0","5.74M","0.80%"
"05/11/2020","15,936.0","16,320.0","16,448.0","15,936.0","13.36M","-2.35%"
"04/11/2020","16,320.0","16,064.0","16,448.0","16,064.0","19.70M","2.00%"
"03/11/2020","16,000.0","15,680.0","16,128.0","15,680.0","12.04M","2.04%"
"02/11/2020","15,680.0","15,488.0","15,680.0","15,360.0","5.90M","1.66%"
"30/10/2020","15,424.0","15,424.0","15,552.0","15,232.0","6.87M","0.84%"
"29/10/2020","15,296.0","15,104.0","15,552.0","14,848.0","13.31M","0.42%"
"28/10/2020","15,232.0","15,616.0","15,680.0","15,168.0","23.31M","-2.46%"
"27/10/2020","15,616.0","15,808.0","15,936.0","15,616.0","18.32M","-1.61%"
"26/10/2020","15,872.0","16,384.0","16,512.0","15,872.0","18.23M","-3.13%"
"23/10/2020","16,384.0","16,512.0","16,576.0","16,320.0","12.55M","0.00%"
"22/10/2020","16,384.0","16,192.0","16,640.0","16,000.0","14.76M","1.59%"
"21/10/2020","16,128.0","16,256.0","16,384.0","16,128.0","13.86M","-0.40%"
"20/10/2020","16,192.0","16,256.0","16,384.0","16,000.0","17.75M","0.00%"
"19/10/2020","16,192.0","16,000.0","16,448.0","15,936.0","22.13M","2.43%"
"16/10/2020","15,808.0","15,680.0","16,000.0","15,488.0","13.62M","0.82%"
"15/10/2020","15,680.0","15,360.0","15,872.0","15,296.0","25.55M","2.08%"
"14/10/2020","15,360.0","15,040.0","15,424.0","14,976.0","31.71M","2.56%"
"13/10/2020","14,976.0","14,976.0","14,976.0","14,784.0","8.32M","0.43%"
"12/10/2020","14,912.0","15,168.0","15,232.0","14,912.0","13.51M","-0.85%"
"09/10/2020","15,040.0","14,848.0","15,232.0","14,784.0","13.63M","1.29%"
"08/10/2020","14,848.0","14,848.0","15,168.0","14,720.0","21.72M","-0.85%"
"07/10/2020","14,976.0","15,360.0","15,424.0","14,912.0","27.65M","-2.50%"
"06/10/2020","15,360.0","15,104.0","15,488.0","15,104.0","17.15M","1.69%"
"05/10/2020","15,104.0","14,720.0","15,104.0","14,656.0","20.14M","2.61%"
"02/10/2020","14,720.0","14,336.0","15,040.0","14,336.0","36.75M","2.22%"
"01/10/2020","14,400.0","14,272.0","14,592.0","14,208.0","10.17M","0.00%"
"30/09/2020","14,400.0","14,336.0","14,400.0","14,208.0","5.66M","0.45%"
"29/09/2020","14,336.0","14,528.0","14,592.0","14,272.0","9.25M","-0.88%"
"28/09/2020","14,464.0","14,208.0","14,592.0","14,208.0","12.82M","1.80%"
"25/09/2020","14,208.0","14,208.0","14,336.0","14,016.0","10.03M","0.00%"
"24/09/2020","14,208.0","14,336.0","14,464.0","14,080.0","8.75M","-1.33%"
"23/09/2020","14,400.0","14,272.0","14,592.0","14,272.0","10.17M","0.90%"
"22/09/2020","14,272.0","14,080.0","14,272.0","13,888.0","13.78M","1.36%"
"21/09/2020","14,080.0","13,952.0","14,272.0","13,824.0","11.32M","1.38%"
"18/09/2020","13,888.0","13,760.0","13,888.0","13,696.0","5.13M","0.93%"
"17/09/2020","13,760.0","13,632.0","13,952.0","13,504.0","19.26M","1.42%"
"16/09/2020","13,568.0","13,568.0","13,632.0","13,504.0","3.43M","-0.47%"
"15/09/2020","13,632.0","13,568.0","13,696.0","13,504.0","7.24M","0.47%"
"14/09/2020","13,568.0","13,312.0","13,632.0","13,312.0","8.24M","1.92%"
"11/09/2020","13,312.0","13,376.0","13,440.0","13,248.0","3.67M","-0.48%"
"10/09/2020","13,376.0","13,376.0","13,568.0","13,376.0","5.08M","0.00%"
"09/09/2020","13,376.0","13,184.0","13,376.0","12,992.0","7.85M","1.46%"
"08/09/2020","13,184.0","13,312.0","13,376.0","13,184.0","19.18M","-0.96%"
"07/09/2020","13,312.0","13,504.0","13,568.0","13,312.0","9.48M","-1.42%"
"04/09/2020","13,504.0","13,440.0","13,568.0","13,312.0","7.29M","-0.47%"
"03/09/2020","13,568.0","13,504.0","13,696.0","13,440.0","9.50M","0.47%"
"01/09/2020","13,504.0","13,568.0","13,632.0","13,440.0","12.22M","-0.47%"
"31/08/2020","13,568.0","13,696.0","13,760.0","13,504.0","10.95M","-0.93%"
"28/08/2020","13,696.0","13,824.0","13,952.0","13,632.0","10.86M","-0.47%"
"27/08/2020","13,760.0","13,568.0","13,760.0","13,504.0","7.60M","1.42%"
"26/08/2020","13,568.0","13,504.0","13,632.0","13,376.0","9.40M","0.47%"
"25/08/2020","13,504.0","13,440.0","13,568.0","13,312.0","12.19M","0.48%"
"24/08/2020","13,440.0","13,568.0","13,760.0","13,440.0","10.66M","-0.94%"
"21/08/2020","13,568.0","13,312.0","13,568.0","13,184.0","11.55M","1.92%"
"20/08/2020","13,312.0","13,184.0","13,568.0","12,800.0","30.43M","5.63%"
"19/08/2020","12,603.0","12,652.0","12,702.0","12,505.0","18.82M","0.00%"
"18/08/2020","12,603.0","12,800.0","12,849.0","12,603.0","9.57M","-0.78%"
"17/08/2020","12,702.0","12,455.0","12,702.0","12,406.0","12.64M","1.98%"
"14/08/2020","12,455.0","12,554.0","12,554.0","12,308.0","13.57M","-0.79%"
"13/08/2020","12,554.0","12,505.0","12,603.0","12,455.0","7.73M","0.39%"
"12/08/2020","12,505.0","12,702.0","12,751.0","12,406.0","12.37M","0.00%"
"11/08/2020","12,505.0","11,815.0","12,505.0","11,766.0","31.15M","6.73%"
"10/08/2020","11,717.0","11,668.0","11,865.0","11,668.0","5.23M","0.42%"
"07/08/2020","11,668.0","11,766.0","11,865.0","11,569.0","4.37M","-0.42%"
"06/08/2020","11,717.0","11,865.0","11,865.0","11,668.0","3.81M","-0.83%"
"05/08/2020","11,815.0","11,766.0","12,012.0","11,668.0","11.12M","1.26%"
"04/08/2020","11,668.0","11,471.0","11,766.0","11,471.0","5.91M","2.15%"
"03/08/2020","11,422.0","10,880.0","11,422.0","10,880.0","6.18M","3.11%"
"31/07/2020","11,077.0","11,175.0","11,175.0","10,880.0","4.51M","-0.44%"
"30/07/2020","11,126.0","10,683.0","11,126.0","10,683.0","3.89M","1.80%"
"29/07/2020","10,929.0","11,175.0","11,225.0","10,634.0","10.01M","-3.06%"
"28/07/2020","11,274.0","10,732.0","11,274.0","10,585.0","5.28M","5.05%"
"27/07/2020","10,732.0","10,289.0","11,274.0","10,289.0","12.68M","-6.04%"
"24/07/2020","11,422.0","11,963.0","11,963.0","11,077.0","11.24M","-4.13%"
"23/07/2020","11,914.0","12,012.0","12,012.0","11,815.0","3.97M","-0.82%"
"22/07/2020","12,012.0","12,111.0","12,209.0","11,914.0","3.51M","-0.82%"
"21/07/2020","12,111.0","12,062.0","12,111.0","11,914.0","4.46M","0.41%"
"20/07/2020","12,062.0","12,209.0","12,258.0","12,062.0","5.33M","-1.20%"
"17/07/2020","12,209.0","11,865.0","12,308.0","11,815.0","16.03M","3.33%"
"16/07/2020","11,815.0","11,914.0","11,914.0","11,766.0","1.83M","0.00%"
"15/07/2020","11,815.0","11,914.0","11,914.0","11,815.0","3.19M","0.00%"
"14/07/2020","11,815.0","11,766.0","11,865.0","11,668.0","2.86M","0.42%"
"13/07/2020","11,766.0","11,865.0","11,914.0","11,717.0","3.74M","-0.41%"
"10/07/2020","11,815.0","11,963.0","12,012.0","11,717.0","4.64M","-1.24%"
"09/07/2020","11,963.0","11,766.0","11,963.0","11,766.0","4.57M","1.67%"
"08/07/2020","11,766.0","11,618.0","11,815.0","11,618.0","3.35M","0.84%"
"07/07/2020","11,668.0","11,668.0","11,815.0","11,668.0","4.85M","0.43%"
"06/07/2020","11,618.0","11,323.0","11,668.0","11,323.0","6.51M","2.61%"
"03/07/2020","11,323.0","11,422.0","11,471.0","11,323.0","2.58M","-0.43%"
"02/07/2020","11,372.0","11,422.0","11,520.0","11,323.0","2.17M","-0.44%"
"01/07/2020","11,422.0","11,225.0","11,471.0","11,225.0","3.40M","1.76%"
"30/06/2020","11,225.0","11,323.0","11,471.0","11,028.0","7.28M","-0.43%"
"29/06/2020","11,274.0","11,618.0","11,618.0","11,175.0","8.84M","-2.96%"
"26/06/2020","11,618.0","11,717.0","11,815.0","11,618.0","2.84M","-0.43%"
"25/06/2020","11,668.0","11,668.0","11,717.0","11,569.0","5.08M","-0.42%"
"24/06/2020","11,717.0","11,815.0","11,963.0","11,668.0","6.12M","-0.83%"
"23/06/2020","11,815.0","11,914.0","12,012.0","11,766.0","6.67M","-0.42%"
"22/06/2020","11,865.0","12,012.0","12,160.0","11,815.0","4.58M","-1.22%"
"19/06/2020","12,012.0","11,717.0","12,062.0","11,717.0","4.74M","2.52%"
"18/06/2020","11,717.0","11,668.0","11,766.0","11,520.0","2.64M","0.42%"
"17/06/2020","11,668.0","11,963.0","11,963.0","11,569.0","3.25M","-0.42%"
"16/06/2020","11,717.0","11,618.0","11,914.0","11,618.0","8.53M","2.14%"
"15/06/2020","11,471.0","12,160.0","12,160.0","11,422.0","11.96M","-4.90%"
"12/06/2020","12,062.0","11,815.0","12,062.0","11,520.0","13.50M","0.00%"
"11/06/2020","12,062.0","12,603.0","12,702.0","12,012.0","18.63M","-4.29%"
"10/06/2020","12,603.0","12,554.0","12,751.0","12,406.0","13.19M","0.39%"
"09/06/2020","12,554.0","12,554.0","12,603.0","12,406.0","7.17M","0.39%"
"08/06/2020","12,505.0","12,406.0","12,800.0","12,406.0","12.37M","0.80%"
"05/06/2020","12,406.0","12,505.0","12,505.0","12,258.0","8.18M","-0.39%"
"04/06/2020","12,455.0","12,603.0","12,652.0","12,406.0","10.48M","-0.79%"
"03/06/2020","12,554.0","12,209.0","12,554.0","12,209.0","7.64M","2.83%"
"02/06/2020","12,209.0","12,554.0","13,046.0","12,209.0","22.21M","-1.20%"
"01/06/2020","12,357.0","11,323.0","12,357.0","11,274.0","28.15M","9.61%"
"29/05/2020","11,274.0","11,274.0","11,323.0","11,175.0","4.86M","0.00%"
"28/05/2020","11,274.0","11,225.0","11,422.0","11,225.0","7.25M","0.44%"
"27/05/2020","11,225.0","11,569.0","11,668.0","11,225.0","12.98M","-2.14%"
"26/05/2020","11,471.0","11,077.0","11,569.0","11,077.0","10.70M","3.10%"
"25/05/2020","11,126.0","11,077.0","11,175.0","10,978.0","7.15M","0.89%"
"22/05/2020","11,028.0","11,077.0","11,175.0","10,978.0","9.83M","0.00%"
"21/05/2020","11,028.0","10,929.0","11,175.0","10,782.0","9.39M","0.91%"
"20/05/2020","10,929.0","10,880.0","11,028.0","10,831.0","6.33M","0.00%"
"19/05/2020","10,929.0","10,831.0","11,077.0","10,831.0","11.30M","1.84%"
"18/05/2020","10,732.0","10,782.0","10,782.0","10,535.0","5.63M","0.46%"
"15/05/2020","10,683.0","10,585.0","10,929.0","10,535.0","14.09M","1.40%"
"14/05/2020","10,535.0","10,683.0","10,732.0","10,535.0","7.77M","-1.39%"
"13/05/2020","10,683.0","10,831.0","10,831.0","10,585.0","7.02M","-0.46%"
"12/05/2020","10,732.0","10,683.0","10,831.0","10,535.0","8.24M","0.46%"
"11/05/2020","10,683.0","10,782.0","10,782.0","10,535.0","8.35M","1.40%"
"08/05/2020","10,535.0","10,486.0","10,782.0","10,338.0","12.18M","0.94%"
"07/05/2020","10,437.0","10,289.0","10,437.0","10,240.0","6.04M","1.92%"
"06/05/2020","10,240.0","10,043.0","10,437.0","9,945.0","9.05M","2.46%"
"05/05/2020","9,993.8","9,944.6","10,043.1","9,944.6","2.29M","0.00%"
"04/05/2020","9,993.8","10,092.3","10,092.3","9,895.4","2.43M","-0.98%"
"29/04/2020","10,092.3","9,993.8","10,092.3","9,944.6","2.43M","0.99%"
"28/04/2020","9,993.8","9,895.4","10,043.1","9,846.2","2.53M","0.99%"
"27/04/2020","9,895.4","9,993.8","10,141.5","9,846.2","3.67M","-0.98%"
"24/04/2020","9,993.8","9,944.6","10,043.1","9,846.2","2.57M","0.00%"
"23/04/2020","9,993.8","10,092.3","10,240.0","9,993.8","4.22M","-0.49%"
"22/04/2020","10,043.1","9,747.7","10,043.1","9,550.8","5.36M","3.03%"
"21/04/2020","9,747.7","10,141.5","10,141.5","9,698.5","12.22M","-4.35%"
"20/04/2020","10,190.8","10,436.9","10,436.9","10,141.5","6.22M","-1.43%"
"17/04/2020","10,338.5","10,092.3","10,387.7","10,092.3","9.77M","2.94%"
"16/04/2020","10,043.1","9,944.6","10,043.1","9,895.4","3.85M","0.99%"
"15/04/2020","9,944.6","9,846.2","10,190.8","9,846.2","7.49M","1.00%"
"14/04/2020","9,846.2","9,846.2","9,944.6","9,698.5","6.43M","0.00%"
"13/04/2020","9,846.2","8,812.3","10,043.1","8,812.3","3.91M","1.01%"
"10/04/2020","9,747.7","9,353.8","9,944.6","9,353.8","5.11M","-1.00%"
"09/04/2020","9,846.2","10,929.2","10,929.2","9,846.2","8.27M","-0.99%"
"08/04/2020","9,944.6","10,978.5","10,978.5","9,698.5","4.74M","-0.49%"
"07/04/2020","9,993.8","10,338.5","10,338.5","9,846.2","9.07M","-1.46%"
"06/04/2020","10,141.5","9,550.8","10,240.0","9,403.1","11.69M","7.85%"
"03/04/2020","9,403.1","8,910.8","9,550.8","8,910.8","7.26M","2.69%"
"01/04/2020","9,156.9","7,926.2","9,353.8","7,926.2","5.61M","4.49%"
"31/03/2020","8,763.1","8,960.0","9,255.4","8,566.2","9.21M","-2.20%"
"30/03/2020","8,960.0","9,600.0","9,600.0","8,812.3","12.04M","-7.61%"
"27/03/2020","9,698.5","9,698.5","9,895.4","9,600.0","8.09M","0.00%"
"26/03/2020","9,698.5","10,141.5","10,141.5","9,698.5","7.38M","-3.90%"
"25/03/2020","10,092.3","9,846.2","10,240.0","9,846.2","8.36M","4.59%"
"24/03/2020","9,649.2","9,403.1","9,796.9","9,403.1","8.77M","1.55%"
"23/03/2020","9,501.5","10,436.9","10,535.4","9,501.5","20.36M","-9.81%"
"20/03/2020","10,535.4","11,421.5","11,421.5","10,338.5","6.79M","1.42%"
"19/03/2020","10,387.7","10,338.5","10,486.2","10,190.8","8.30M","-0.47%"
"18/03/2020","10,436.9","10,486.2","10,633.8","10,289.2","10.04M","0.47%"
"17/03/2020","10,387.7","10,240.0","10,535.4","9,895.4","13.34M","0.96%"
"16/03/2020","10,289.2","10,830.8","10,978.5","10,190.8","9.37M","-5.00%"
"13/03/2020","10,830.8","10,584.6","11,076.9","10,092.3","18.32M","-0.45%"
"12/03/2020","10,880.0","11,323.1","11,323.1","10,584.6","22.51M","-5.56%"
"11/03/2020","11,520.0","11,963.1","12,012.3","11,323.1","15.93M","-3.31%"
"10/03/2020","11,913.8","11,323.1","12,209.2","11,273.8","15.40M","3.86%"
"09/03/2020","11,470.8","12,160.0","12,160.0","11,323.1","34.08M","-7.91%"
"06/03/2020","12,455.4","12,553.8","12,553.8","12,356.9","8.04M","-1.17%"
"05/03/2020","12,603.1","12,800.0","12,996.9","12,504.6","12.12M","-0.77%"
"04/03/2020","12,701.5","12,603.1","12,701.5","12,455.4","10.25M","0.78%"
"03/03/2020","12,603.1","12,603.1","12,750.8","12,455.4","12.93M","1.59%"
"02/03/2020","12,406.2","12,012.3","12,553.8","12,012.3","7.37M","0.00%"
"28/02/2020","12,406.2","11,323.1","12,455.4","11,323.1","12.11M","-1.18%"
"27/02/2020","12,553.8","11,913.8","12,553.8","11,913.8","10.79M","3.66%"
"26/02/2020","12,110.8","12,307.7","12,356.9","11,963.1","9.18M","-1.99%"
"25/02/2020","12,356.9","11,569.2","12,356.9","11,372.3","16.82M","4.58%"
"24/02/2020","11,815.4","12,553.8","12,603.1","11,716.9","20.96M","-6.61%"
"21/02/2020","12,652.3","12,258.5","13,095.4","12,258.5","12.87M","-2.65%"
"20/02/2020","12,996.9","12,947.7","13,292.3","12,849.2","11.33M","0.38%"
"19/02/2020","12,947.7","13,046.2","13,144.6","12,750.8","10.34M","-1.13%"
"18/02/2020","13,095.4","12,996.9","13,341.5","12,947.7","12.78M","0.76%"
"17/02/2020","12,996.9","12,947.7","13,144.6","12,800.0","7.65M","0.00%"
"14/02/2020","12,996.9","12,553.8","13,193.9","12,553.8","16.29M","3.53%"
"13/02/2020","12,553.8","12,603.1","12,652.3","12,356.9","7.66M","-0.39%"
"12/02/2020","12,603.1","11,716.9","12,652.3","11,716.9","21.36M","8.02%"
"11/02/2020","11,667.7","11,618.5","11,716.9","11,569.2","3.78M","0.42%"
"10/02/2020","11,618.5","11,716.9","11,766.2","11,520.0","2.58M","-0.84%"
"07/02/2020","11,716.9","11,815.4","11,864.6","11,618.5","4.08M","-0.83%"
"06/02/2020","11,815.4","11,372.3","11,815.4","11,323.1","6.06M","4.35%"
"05/02/2020","11,323.1","11,520.0","11,569.2","11,273.8","5.67M","-0.86%"
"04/02/2020","11,421.5","11,273.8","11,421.5","11,076.9","4.87M","2.65%"
"03/02/2020","11,126.2","10,978.5","11,323.1","10,683.1","9.00M","-1.74%"
"31/01/2020","11,323.1","11,569.2","11,716.9","11,273.8","8.62M","-2.54%"
"30/01/2020","11,618.5","11,913.8","11,963.1","11,421.5","8.63M","-3.67%"
"22/01/2020","12,061.5","12,110.8","12,110.8","11,963.1","3.20M","0.00%"
"21/01/2020","12,061.5","12,061.5","12,160.0","11,963.1","3.61M","0.82%"
"20/01/2020","11,963.1","11,716.9","12,160.0","11,716.9","9.03M","2.10%"
"17/01/2020","11,716.9","11,815.4","11,864.6","11,667.7","5.50M","-0.42%"
"16/01/2020","11,766.2","11,470.8","11,815.4","11,470.8","5.73M","2.58%"
"15/01/2020","11,470.8","11,569.2","11,569.2","11,421.5","2.35M","-0.85%"
"14/01/2020","11,569.2","11,273.8","11,569.2","11,273.8","5.79M","2.62%"
"13/01/2020","11,273.8","11,273.8","11,273.8","11,175.4","3.09M","0.88%"
"10/01/2020","11,175.4","11,076.9","11,372.3","11,076.9","4.82M","1.34%"
"09/01/2020","11,027.7","10,929.2","11,126.2","10,929.2","2.89M","1.36%"
"08/01/2020","10,880.0","11,076.9","11,076.9","10,830.8","4.68M","-1.78%"
"07/01/2020","11,076.9","11,076.9","11,175.4","11,076.9","2.13M","0.00%"
"06/01/2020","11,076.9","11,323.1","11,323.1","11,076.9","2.61M","-2.17%"
"03/01/2020","11,323.1","11,323.1","11,421.5","11,273.8","2.14M","0.00%"
"02/01/2020","11,323.1","11,224.6","11,323.1","11,175.4","2.36M","0.88%"
"31/12/2019","11,224.6","11,175.4","11,273.8","11,076.9","3.35M","0.44%"
"30/12/2019","11,175.4","11,175.4","11,273.8","11,126.2","2.78M","0.00%"
"27/12/2019","11,175.4","11,126.2","11,175.4","11,076.9","1.84M","0.44%"
"26/12/2019","11,126.2","11,224.6","11,224.6","11,126.2","1.82M","-1.31%"
"25/12/2019","11,273.8","11,224.6","11,273.8","11,126.2","2.28M","0.88%"
"24/12/2019","11,175.4","11,273.8","11,273.8","11,175.4","1.67M","-0.44%"
"23/12/2019","11,224.6","11,175.4","11,323.1","11,175.4","3.63M","0.44%"
"20/12/2019","11,175.4","11,126.2","11,175.4","11,076.9","2.12M","0.89%"
"19/12/2019","11,076.9","11,126.2","11,126.2","11,027.7","1.27M","0.00%"
"18/12/2019","11,076.9","11,175.4","11,224.6","11,076.9","2.30M","-1.32%"
"17/12/2019","11,224.6","11,323.1","11,323.1","11,224.6","1.91M","-0.87%"
"16/12/2019","11,323.1","11,421.5","11,421.5","11,323.1","1.93M","-0.86%"
"13/12/2019","11,421.5","11,323.1","11,470.8","11,323.1","2.94M","0.87%"
"12/12/2019","11,323.1","11,273.8","11,372.3","11,273.8","1.33M","0.44%"
"11/12/2019","11,273.8","11,224.6","11,273.8","11,126.2","1.60M","0.44%"
"10/12/2019","11,224.6","11,273.8","11,323.1","11,126.2","1.17M","-0.44%"
"09/12/2019","11,273.8","11,323.1","11,323.1","11,175.4","1.65M","-0.44%"
"06/12/2019","11,323.1","11,323.1","11,372.3","11,273.8","1.42M","0.00%"
"05/12/2019","11,323.1","11,421.5","11,421.5","11,273.8","2.52M","-0.43%"
"04/12/2019","11,372.3","11,175.4","11,372.3","11,076.9","2.67M","2.21%"
"03/12/2019","11,126.2","11,175.4","11,273.8","11,027.7","2.89M","0.00%"
"02/12/2019","11,126.2","11,372.3","11,421.5","11,076.9","3.33M","-2.16%"
"29/11/2019","11,372.3","11,273.8","11,372.3","11,224.6","1.63M","0.87%"
"28/11/2019","11,273.8","11,470.8","11,470.8","11,224.6","3.43M","-1.29%"
"27/11/2019","11,421.5","11,618.5","11,667.7","11,421.5","1.94M","-1.70%"
"26/11/2019","11,618.5","11,569.2","11,667.7","11,569.2","1.17M","0.86%"
"25/11/2019","11,520.0","11,470.8","11,618.5","11,421.5","3.96M","0.86%"
"22/11/2019","11,421.5","11,815.4","11,815.4","11,372.3","6.83M","-3.33%"
"21/11/2019","11,815.4","10,830.8","11,864.6","10,830.8","3.62M","0.42%"
"20/11/2019","11,766.2","11,963.1","11,963.1","11,766.2","2.76M","-1.24%"
"19/11/2019","11,913.8","11,864.6","11,913.8","11,815.4","2.84M","0.41%"
"18/11/2019","11,864.6","12,012.3","12,061.5","11,815.4","5.61M","-1.23%"
"15/11/2019","12,012.3","12,012.3","12,110.8","12,012.3","3.36M","-0.41%"
"14/11/2019","12,061.5","12,307.7","12,356.9","12,061.5","4.65M","-2.00%"
"13/11/2019","12,307.7","12,160.0","12,455.4","12,160.0","7.26M","1.21%"
"12/11/2019","12,160.0","12,160.0","12,160.0","12,061.5","3.20M","0.00%"
"11/11/2019","12,160.0","12,209.2","12,258.5","12,160.0","3.49M","-0.40%"
"08/11/2019","12,209.2","12,258.5","12,356.9","12,110.8","7.97M","0.81%"
"07/11/2019","12,110.8","12,110.8","12,160.0","12,061.5","4.27M","0.00%"
"06/11/2019","12,110.8","12,209.2","12,209.2","12,061.5","5.09M","0.00%"
"05/11/2019","12,110.8","12,160.0","12,258.5","12,110.8","7.27M","0.00%"
"04/11/2019","12,110.8","11,913.8","12,160.0","11,913.8","8.00M","1.65%"
"01/11/2019","11,913.8","11,667.7","11,963.1","11,667.7","3.87M","0.41%"
"31/10/2019","11,864.6","11,963.1","12,012.3","11,864.6","2.63M","-0.82%"
"30/10/2019","11,963.1","11,716.9","12,012.3","11,618.5","15.09M","2.53%"
"29/10/2019","11,667.7","11,716.9","11,766.2","11,618.5","3.46M","0.00%"
"28/10/2019","11,667.7","11,618.5","11,766.2","11,618.5","2.21M","0.42%"
"25/10/2019","11,618.5","11,618.5","11,618.5","11,520.0","2.25M","0.00%"
"24/10/2019","11,618.5","11,618.5","11,618.5","11,520.0","1.87M","0.43%"
"23/10/2019","11,569.2","11,569.2","11,667.7","11,569.2","2.00M","0.00%"
"22/10/2019","11,569.2","11,520.0","11,569.2","11,470.8","3.37M","0.43%"
"21/10/2019","11,520.0","11,815.4","11,913.8","11,520.0","5.57M","-2.90%"
"18/10/2019","11,864.6","12,061.5","12,061.5","11,815.4","3.79M","-1.23%"
"17/10/2019","12,012.3","11,963.1","12,012.3","11,864.6","3.89M","0.00%"
"16/10/2019","12,012.3","12,061.5","12,110.8","12,012.3","4.21M","0.00%"
"15/10/2019","12,012.3","12,061.5","12,110.8","11,963.1","4.73M","-0.41%"
"14/10/2019","12,061.5","11,815.4","12,061.5","11,815.4","7.19M","2.08%"
"11/10/2019","11,815.4","11,815.4","11,913.8","11,766.2","3.10M","0.00%"
"10/10/2019","11,815.4","11,667.7","11,963.1","11,667.7","9.87M","1.27%"
"09/10/2019","11,667.7","11,520.0","11,667.7","11,470.8","3.48M","1.72%"
"08/10/2019","11,470.8","11,421.5","11,520.0","11,372.3","2.36M","0.43%"
"07/10/2019","11,421.5","11,618.5","11,618.5","11,421.5","3.92M","-1.70%"
"04/10/2019","11,618.5","11,618.5","11,716.9","11,569.2","3.21M","0.00%"
"03/10/2019","11,618.5","11,569.2","11,618.5","11,470.8","3.77M","0.00%"
"02/10/2019","11,618.5","11,569.2","11,716.9","11,569.2","4.39M","-0.42%"
"01/10/2019","11,667.7","11,520.0","11,667.7","11,470.8","3.75M","1.28%"
"30/09/2019","11,520.0","11,470.8","11,618.5","11,421.5","4.68M","0.86%"
"27/09/2019","11,421.5","12,307.7","12,307.7","11,421.5","4.39M","-0.43%"
"26/09/2019","11,470.8","11,323.1","11,470.8","11,273.8","4.71M","1.30%"
"25/09/2019","11,323.1","11,372.3","11,421.5","11,273.8","3.09M","-0.86%"
"24/09/2019","11,421.5","11,470.8","11,520.0","11,372.3","2.69M","-0.43%"
"23/09/2019","11,470.8","11,421.5","11,618.5","11,372.3","5.85M","0.43%"
"20/09/2019","11,421.5","11,569.2","12,504.6","11,372.3","5.15M","0.43%"
"19/09/2019","11,372.3","11,027.7","11,421.5","10,978.5","6.95M","3.12%"
"18/09/2019","11,027.7","10,978.5","11,126.2","10,929.2","3.13M","0.45%"
"17/09/2019","10,978.5","11,027.7","11,027.7","10,880.0","2.42M","-0.45%"
"16/09/2019","11,027.7","11,126.2","11,175.4","10,978.5","2.52M","-0.89%"
"13/09/2019","11,126.2","10,978.5","11,126.2","10,880.0","2.69M","1.80%"
"12/09/2019","10,929.2","10,781.5","10,929.2","10,732.3","1.26M","1.83%"
"11/09/2019","10,732.3","10,683.1","10,732.3","10,633.8","873.21K","0.46%"
"10/09/2019","10,683.1","10,781.5","10,781.5","10,633.8","1.67M","-0.91%"
"09/09/2019","10,781.5","10,732.3","10,830.8","10,683.1","750.57K","0.00%"
"06/09/2019","10,781.5","10,830.8","10,880.0","10,683.1","1.05M","-0.46%"
"05/09/2019","10,830.8","10,880.0","10,880.0","10,781.5","1.27M","0.00%"
"04/09/2019","10,830.8","10,880.0","10,880.0","10,732.3","742.06K","-0.45%"
"03/09/2019","10,880.0","10,929.2","11,027.7","10,781.5","984.95K","-0.45%"
"30/08/2019","10,929.2","10,978.5","11,076.9","10,880.0","1.11M","0.45%"
"29/08/2019","10,880.0","10,978.5","11,027.7","10,830.8","1.29M","-0.45%"
"28/08/2019","10,929.2","11,027.7","11,076.9","10,929.2","1.04M","-1.33%"
"27/08/2019","11,076.9","11,027.7","11,126.2","10,978.5","2.06M","0.00%"
"26/08/2019","11,076.9","11,076.9","11,076.9","10,880.0","2.06M","-0.44%"
"23/08/2019","11,126.2","11,175.4","11,224.6","11,027.7","1.66M","-0.44%"
"22/08/2019","11,175.4","11,076.9","11,224.6","11,027.7","3.36M","1.79%"
"21/08/2019","10,978.5","10,929.2","11,027.7","10,880.0","5.67M","0.45%"
"20/08/2019","10,929.2","10,880.0","10,978.5","10,880.0","2.68M","0.91%"
"19/08/2019","10,830.8","10,830.8","10,978.5","10,781.5","2.46M","0.46%"
"16/08/2019","10,781.5","10,781.5","10,880.0","10,584.6","3.12M","0.92%"
"15/08/2019","10,683.1","10,683.1","10,683.1","10,486.2","2.99M","0.00%"
"14/08/2019","10,683.1","10,830.8","10,929.2","10,683.1","1.84M","-0.91%"
"13/08/2019","10,781.5","10,781.5","10,830.8","10,633.8","1.17M","-0.46%"
"12/08/2019","10,830.8","10,830.8","10,830.8","10,732.3","1.17M","0.46%"
"09/08/2019","10,781.5","10,535.4","10,978.5","10,535.4","1.47M","-0.46%"
"08/08/2019","10,830.8","10,141.5","10,830.8","9,846.2","2.17M","1.85%"
"07/08/2019","10,633.8","10,732.3","10,830.8","10,633.8","2.10M","-0.46%"
"06/08/2019","10,683.1","10,092.3","10,781.5","10,092.3","3.70M","-1.36%"
"05/08/2019","10,830.8","10,978.5","10,978.5","10,732.3","5.16M","-1.35%"
"02/08/2019","10,978.5","11,076.9","11,126.2","10,830.8","3.60M","-0.89%"
"01/08/2019","11,076.9","11,175.4","11,323.1","11,027.7","3.87M","-1.32%"
"31/07/2019","11,224.6","11,372.3","11,372.3","11,175.4","1.82M","-0.44%"
"30/07/2019","11,273.8","11,224.6","11,470.8","11,224.6","2.23M","-0.44%"
"29/07/2019","11,323.1","11,421.5","11,520.0","11,273.8","2.56M","-1.71%"
"26/07/2019","11,520.0","11,716.9","11,716.9","11,470.8","2.14M","-1.27%"
"25/07/2019","11,667.7","11,716.9","11,864.6","11,667.7","4.26M","0.36%"
"24/07/2019","11,626.0","11,663.9","11,777.5","11,474.6","10.46M","-0.32%"
"23/07/2019","11,663.9","11,739.7","11,777.5","11,626.0","5.15M","-0.65%"
"22/07/2019","11,739.7","12,989.4","12,989.4","11,626.0","5.03M","-0.64%"
"19/07/2019","11,815.4","12,118.4","12,118.4","11,663.9","7.60M","1.30%"
"18/07/2019","11,663.9","11,512.4","11,663.9","11,436.7","4.23M","0.33%"
"17/07/2019","11,626.0","11,436.7","11,701.8","11,436.7","6.62M","1.66%"
"16/07/2019","11,436.7","11,361.0","11,512.4","11,361.0","3.16M","0.67%"
"15/07/2019","11,361.0","11,398.8","11,436.7","11,323.1","2.46M","-0.33%"
"12/07/2019","11,398.8","11,474.6","11,512.4","11,361.0","2.35M","-0.33%"
"11/07/2019","11,436.7","11,209.5","11,512.4","11,209.5","5.50M","2.03%"
"10/07/2019","11,209.5","11,285.2","11,361.0","11,209.5","2.96M","-0.67%"
"09/07/2019","11,285.2","10,982.3","11,285.2","10,982.3","7.34M","2.76%"
"08/07/2019","10,982.3","11,058.0","11,133.7","10,944.4","1.13M","-0.68%"
"05/07/2019","11,058.0","11,095.9","11,133.7","11,020.1","2.11M","0.00%"
"04/07/2019","11,058.0","10,944.4","11,095.9","10,944.4","2.44M","1.39%"
"03/07/2019","10,906.5","10,982.3","11,020.1","10,868.6","1.70M","-0.35%"
"02/07/2019","10,944.4","11,058.0","11,058.0","10,944.4","1.03M","-1.03%"
"01/07/2019","11,058.0","11,133.7","11,133.7","10,982.3","1.69M","1.04%"
"28/06/2019","10,944.4","10,830.8","10,944.4","10,792.9","1.77M","1.05%"
"27/06/2019","10,830.8","10,982.3","11,020.1","10,830.8","2.31M","-1.38%"
"26/06/2019","10,982.3","10,982.3","11,058.0","10,982.3","1.03M","-0.68%"
"25/06/2019","11,058.0","11,171.6","11,209.5","10,982.3","3.52M","-1.02%"
"24/06/2019","11,171.6","11,171.6","11,247.3","11,133.7","3.75M","0.00%"
"21/06/2019","11,171.6","11,209.5","11,361.0","11,133.7","2.18M","-0.34%"
"20/06/2019","11,209.5","10,944.4","11,209.5","10,906.5","3.79M","2.42%"
"19/06/2019","10,944.4","10,944.4","11,020.1","10,906.5","1.34M","0.00%"
"18/06/2019","10,944.4","10,868.6","10,982.3","10,868.6","2.03M","0.70%"
"17/06/2019","10,868.6","10,868.6","10,944.4","10,830.8","2.37M","0.00%"
"14/06/2019","10,868.6","10,830.8","10,982.3","10,830.8","2.77M","0.35%"
"13/06/2019","10,830.8","10,792.9","10,868.6","10,792.9","2.24M","0.35%"
"12/06/2019","10,792.9","10,830.8","10,868.6","10,792.9","1.47M","-0.35%"
"11/06/2019","10,830.8","10,830.8","10,868.6","10,830.8","1.49M","0.00%"
"10/06/2019","10,830.8","10,868.6","10,944.4","10,830.8","1.22M","-0.35%"
"07/06/2019","10,868.6","10,792.9","10,906.5","10,792.9","744.89K","0.70%"
"06/06/2019","10,792.9","10,944.4","10,944.4","10,755.0","2.41M","-1.38%"
"05/06/2019","10,944.4","10,830.8","10,944.4","10,830.8","2.79M","1.05%"
"04/06/2019","10,830.8","10,868.6","10,982.3","10,830.8","2.30M","-0.35%"
"03/06/2019","10,868.6","10,868.6","10,982.3","10,830.8","3.04M","-1.04%"
"31/05/2019","10,982.3","10,982.3","11,020.1","10,868.6","2.71M","-0.34%"
"30/05/2019","11,020.1","11,020.1","11,058.0","10,982.3","1.92M","-0.34%"
"29/05/2019","11,058.0","10,944.4","11,058.0","10,868.6","2.86M","1.04%"
"28/05/2019","10,944.4","10,982.3","11,058.0","10,944.4","2.49M","-0.35%"
"27/05/2019","10,982.3","11,020.1","11,058.0","10,982.3","2.41M","-0.68%"
"24/05/2019","11,058.0","10,300.6","11,171.6","10,300.6","2.35M","-1.02%"
"23/05/2019","11,171.6","11,323.1","11,361.0","11,095.9","1.67M","-0.34%"
"22/05/2019","11,209.5","11,133.7","11,323.1","11,133.7","3.37M","0.68%"
"21/05/2019","11,133.7","11,133.7","11,247.3","11,095.9","3.66M","0.34%"
"20/05/2019","11,095.9","11,095.9","11,171.6","11,020.1","1.78M","0.34%"
"17/05/2019","11,058.0","11,095.9","11,133.7","11,058.0","2.25M","-0.34%"
"16/05/2019","11,095.9","11,209.5","11,209.5","11,058.0","3.87M","-0.68%"
"15/05/2019","11,171.6","11,020.1","11,247.3","11,020.1","3.41M","1.37%"
"14/05/2019","11,020.1","11,058.0","11,095.9","10,944.4","4.23M","-0.34%"
"13/05/2019","11,058.0","11,133.7","11,209.5","11,058.0","2.41M","-0.34%"
"10/05/2019","11,095.9","11,020.1","11,133.7","10,982.3","1.71M","0.69%"
"09/05/2019","11,020.1","11,133.7","11,171.6","11,020.1","1.59M","-1.36%"
"08/05/2019","11,171.6","11,095.9","11,209.5","11,020.1","2.69M","0.00%"
"07/05/2019","11,171.6","11,361.0","11,361.0","11,058.0","2.30M","0.34%"
"06/05/2019","11,133.7","11,361.0","11,361.0","11,133.7","3.65M","-2.00%"
"03/05/2019","11,361.0","11,285.2","11,361.0","11,285.2","2.94M","1.01%"
"02/05/2019","11,247.3","11,436.7","11,474.6","11,247.3","3.00M","-1.33%"
"26/04/2019","11,398.8","11,361.0","11,436.7","11,323.1","2.97M","0.33%"
"25/04/2019","11,361.0","11,398.8","11,512.4","11,323.1","1.97M","-0.33%"
"24/04/2019","11,398.8","11,247.3","11,436.7","11,171.6","2.81M","1.69%"
"23/04/2019","11,209.5","11,133.7","11,323.1","11,020.1","4.36M","1.02%"
"22/04/2019","11,095.9","11,247.3","11,247.3","11,020.1","3.60M","-1.01%"
"19/04/2019","11,209.5","11,285.2","11,323.1","11,209.5","1.58M","-0.34%"
"18/04/2019","11,247.3","11,095.9","11,361.0","11,095.9","2.69M","-0.67%"
"17/04/2019","11,323.1","11,398.8","11,474.6","11,323.1","1.82M","-0.33%"
"16/04/2019","11,361.0","11,436.7","11,436.7","11,285.2","3.51M","-0.66%"
"12/04/2019","11,436.7","11,436.7","11,474.6","11,361.0","2.78M","-0.33%"
"11/04/2019","11,474.6","11,588.2","11,588.2","11,398.8","2.39M","0.33%"
"10/04/2019","11,436.7","11,474.6","11,550.3","11,436.7","2.29M","-0.98%"
"09/04/2019","11,550.3","11,663.9","11,739.7","11,550.3","4.76M","-0.97%"
"08/04/2019","11,663.9","11,436.7","11,701.8","11,436.7","5.87M","1.99%"
"05/04/2019","11,436.7","11,436.7","11,512.4","11,398.8","2.03M","0.00%"
"04/04/2019","11,436.7","11,323.1","11,474.6","11,323.1","2.88M","0.33%"
"03/04/2019","11,398.8","11,550.3","11,550.3","11,323.1","3.68M","-0.66%"
"02/04/2019","11,474.6","11,550.3","11,626.0","11,474.6","3.13M","0.00%"
"01/04/2019","11,474.6","11,474.6","11,550.3","11,474.6","1.99M","0.00%"
"29/03/2019","11,474.6","11,474.6","11,550.3","11,436.7","5.06M","0.00%"
"28/03/2019","11,474.6","11,512.4","11,550.3","11,436.7","3.61M","-0.33%"
"27/03/2019","11,512.4","11,512.4","11,588.2","11,436.7","2.26M","0.33%"
"26/03/2019","11,474.6","11,436.7","11,512.4","11,398.8","4.07M","0.66%"
"25/03/2019","11,398.8","11,512.4","11,512.4","11,323.1","6.01M","-1.31%"
"22/03/2019","11,550.3","11,512.4","11,626.0","11,512.4","4.80M","0.33%"
"21/03/2019","11,512.4","11,739.7","11,891.1","11,512.4","7.76M","-1.94%"
"20/03/2019","11,739.7","11,891.1","11,891.1","11,626.0","8.30M","-0.96%"
"19/03/2019","11,853.3","12,118.4","12,118.4","11,815.4","7.47M","-1.88%"
"18/03/2019","12,080.5","12,042.6","12,194.1","12,004.7","9.88M","0.63%"
"15/03/2019","12,004.7","11,966.9","12,042.6","11,853.3","7.00M","0.63%"
"14/03/2019","11,929.0","11,891.1","12,118.4","11,853.3","6.16M","0.32%"
"13/03/2019","11,891.1","11,777.5","12,004.7","11,701.8","14.45M","1.62%"
"12/03/2019","11,701.8","11,550.3","11,701.8","11,474.6","6.61M","1.65%"
"11/03/2019","11,512.4","11,474.6","11,588.2","11,436.7","2.73M","0.33%"
"08/03/2019","11,474.6","11,512.4","11,588.2","11,436.7","3.74M","-0.66%"
"07/03/2019","11,550.3","11,512.4","11,626.0","11,474.6","8.72M","0.66%"
"06/03/2019","11,474.6","11,436.7","11,512.4","11,361.0","3.11M","0.00%"
"05/03/2019","11,474.6","11,512.4","11,626.0","11,398.8","6.51M","-0.33%"
"04/03/2019","11,512.4","11,361.0","11,550.3","11,323.1","8.24M","1.33%"
"01/03/2019","11,361.0","11,285.2","11,398.8","11,171.6","3.91M","1.01%"
"28/02/2019","11,247.3","11,663.9","11,663.9","11,247.3","10.02M","-2.94%"
"27/02/2019","11,588.2","11,663.9","11,701.8","11,550.3","4.08M","-0.65%"
"26/02/2019","11,663.9","11,663.9","11,815.4","11,588.2","6.01M","-0.65%"
"25/02/2019","11,739.7","11,626.0","11,891.1","11,550.3","10.23M","1.64%"
"22/02/2019","11,550.3","11,436.7","11,663.9","11,361.0","10.49M","1.33%"
"21/02/2019","11,398.8","11,512.4","11,626.0","11,398.8","7.84M","-0.99%"
"20/02/2019","11,512.4","11,474.6","11,550.3","11,436.7","4.47M","0.33%"
"19/02/2019","11,474.6","11,550.3","11,550.3","11,436.7","7.27M","-0.33%"
"18/02/2019","11,512.4","11,436.7","11,550.3","11,436.7","5.04M","0.66%"
"15/02/2019","11,436.7","11,398.8","11,512.4","11,361.0","5.75M","0.33%"
"14/02/2019","11,398.8","11,550.3","11,550.3","11,398.8","3.59M","-1.31%"
"13/02/2019","11,550.3","11,588.2","11,626.0","11,474.6","5.53M","0.00%"
"12/02/2019","11,550.3","11,436.7","11,588.2","11,436.7","5.44M","0.99%"
"11/02/2019","11,436.7","11,285.2","11,701.8","11,209.5","4.53M","2.37%"
"01/02/2019","11,171.6","11,133.7","11,209.5","11,095.9","2.06M","0.34%"
"31/01/2019","11,133.7","11,209.5","11,285.2","11,095.9","4.42M","0.34%"
"30/01/2019","11,095.9","11,739.7","11,739.7","10,982.3","4.13M","1.03%"
"29/01/2019","10,982.3","10,906.5","10,982.3","10,830.8","2.88M","0.35%"
"28/01/2019","10,944.4","11,058.0","11,095.9","10,603.6","2.63M","-1.03%"
"25/01/2019","11,058.0","11,285.2","11,285.2","11,020.1","2.21M","0.00%"
"24/01/2019","11,058.0","11,058.0","11,171.6","10,982.3","4.60M","0.34%"
"23/01/2019","11,020.1","10,982.3","11,058.0","10,944.4","3.06M","0.00%"
"22/01/2019","11,020.1","11,247.3","11,285.2","11,020.1","4.87M","-1.36%"
"21/01/2019","11,171.6","10,868.6","11,361.0","10,868.6","5.49M","3.15%"
"18/01/2019","10,830.8","10,982.3","10,982.3","10,755.0","3.73M","-1.04%"
"17/01/2019","10,944.4","10,944.4","11,020.1","10,906.5","1.95M","0.35%"
"16/01/2019","10,906.5","11,020.1","11,095.9","10,906.5","1.35M","-1.03%"
"15/01/2019","11,020.1","10,679.3","11,020.1","10,035.5","2.38M","1.39%"
"14/01/2019","10,868.6","10,906.5","10,944.4","10,868.6","2.47M","-0.69%"
"11/01/2019","10,944.4","10,982.3","11,020.1","10,906.5","3.30M","0.00%"
"10/01/2019","10,944.4","10,982.3","11,020.1","10,944.4","3.64M","-0.35%"
"09/01/2019","10,982.3","10,830.8","11,020.1","10,792.9","5.80M","1.75%"
"08/01/2019","10,792.9","11,891.1","11,891.1","10,792.9","2.23M","-0.70%"
"07/01/2019","10,868.6","10,944.4","10,944.4","10,792.9","3.45M","1.41%"
"04/01/2019","10,717.2","10,603.6","10,792.9","10,452.1","7.32M","0.71%"
"03/01/2019","10,641.4","9,959.8","11,020.1","9,959.8","5.17M","-3.77%"
"02/01/2019","11,058.0","11,209.5","11,209.5","10,944.4","2.91M","-1.35%"
"28/12/2018","11,209.5","11,171.6","11,209.5","10,982.3","5.79M","0.68%"
"27/12/2018","11,133.7","11,133.7","11,247.3","10,982.3","6.36M","2.44%"
"26/12/2018","10,868.6","9,846.2","10,982.3","9,846.2","4.01M","-0.35%"
"25/12/2018","10,906.5","10,906.5","10,906.5","10,641.4","11.38M","-0.69%"
"24/12/2018","10,982.3","10,603.6","11,171.6","10,603.6","5.91M","-1.36%"
"21/12/2018","11,133.7","11,171.6","11,171.6","11,020.1","4.41M","-0.68%"
"20/12/2018","11,209.5","11,133.7","11,247.3","11,095.9","3.09M","0.00%"
"19/12/2018","11,209.5","12,307.7","12,307.7","11,058.0","3.49M","0.00%"
"18/12/2018","11,209.5","11,133.7","11,209.5","10,982.3","7.11M","0.00%"
"17/12/2018","11,209.5","11,474.6","11,512.4","11,209.5","7.25M","-2.63%"
"14/12/2018","11,512.4","11,626.0","11,626.0","11,512.4","5.54M","-0.98%"
"13/12/2018","11,626.0","11,739.7","11,777.5","11,626.0","4.68M","-0.65%"
"12/12/2018","11,701.8","11,474.6","11,701.8","11,474.6","3.06M","0.98%"
"11/12/2018","11,588.2","10,414.2","11,739.7","10,414.2","6.56M","0.33%"
"10/12/2018","11,550.3","11,550.3","11,701.8","11,323.1","7.05M","-0.33%"
"07/12/2018","11,588.2","11,701.8","11,853.3","11,588.2","6.04M","-0.65%"
"06/12/2018","11,663.9","11,663.9","11,853.3","11,588.2","8.83M","-0.65%"
"05/12/2018","11,739.7","11,701.8","11,815.4","11,512.4","9.10M","-0.32%"
"04/12/2018","11,777.5","11,853.3","11,966.9","11,663.9","7.40M","-0.64%"
"03/12/2018","11,853.3","11,323.1","11,853.3","11,323.1","12.39M","5.03%"
"30/11/2018","11,285.2","10,414.2","11,398.8","10,414.2","7.85M","1.02%"
"29/11/2018","11,171.6","11,171.6","11,361.0","11,171.6","9.36M","0.34%"
"28/11/2018","11,133.7","10,149.1","11,171.6","10,149.1","8.37M","2.08%"
"27/11/2018","10,906.5","11,020.1","11,095.9","10,830.8","6.87M","-1.03%"
"26/11/2018","11,020.1","10,792.9","11,020.1","10,792.9","4.31M","0.34%"
"23/11/2018","10,982.3","11,171.6","11,171.6","10,982.3","7.10M","-1.36%"
"22/11/2018","11,133.7","11,323.1","11,398.8","11,020.1","11.63M","1.73%"
"21/11/2018","10,944.4","10,830.8","10,982.3","10,717.2","6.49M","0.00%"
"20/11/2018","10,944.4","10,982.3","10,982.3","10,830.8","5.73M","-0.35%"
"19/11/2018","10,982.3","10,717.2","10,982.3","10,717.2","5.91M","1.75%"
"16/11/2018","10,792.9","10,414.2","10,944.4","10,414.2","9.29M","3.64%"
"15/11/2018","10,414.2","10,262.7","10,641.4","10,262.7","7.13M","-0.36%"
"14/11/2018","10,452.1","10,679.3","10,792.9","10,376.3","8.69M","-2.47%"
"13/11/2018","10,717.2","10,830.8","10,830.8","10,603.6","7.27M","-1.39%"
"12/11/2018","10,868.6","10,868.6","10,906.5","10,717.2","4.69M","0.00%"
"09/11/2018","10,868.6","11,133.7","11,209.5","10,868.6","7.87M","-2.38%"
"08/11/2018","11,133.7","11,247.3","11,361.0","11,095.9","6.89M","0.34%"
"07/11/2018","11,095.9","11,171.6","11,247.3","10,982.3","7.78M","-0.34%"
"06/11/2018","11,133.7","11,436.7","11,512.4","11,133.7","7.02M","-2.65%"
"05/11/2018","11,436.7","11,512.4","11,550.3","11,209.5","8.16M","-0.66%"
"02/11/2018","11,512.4","11,171.6","11,512.4","11,171.6","11.53M","3.75%"
"01/11/2018","11,095.9","11,474.6","11,588.2","11,095.9","7.67M","-3.30%"
"31/10/2018","11,474.6","10,830.8","11,474.6","10,830.8","12.66M","6.32%"
"30/10/2018","10,792.9","10,603.6","11,020.1","10,527.8","9.57M","1.79%"
"29/10/2018","10,603.6","10,717.2","10,755.0","10,414.2","10.56M","-1.06%"
"26/10/2018","10,717.2","11,020.1","11,323.1","10,717.2","7.62M","-2.08%"
"25/10/2018","10,944.4","10,944.4","11,133.7","10,452.1","13.59M","-1.37%"
"24/10/2018","11,095.9","11,209.5","11,474.6","11,095.9","9.03M","-1.01%"
"23/10/2018","11,209.5","11,663.9","11,663.9","11,171.6","10.72M","-3.90%"
"22/10/2018","11,663.9","11,739.7","11,853.3","11,663.9","4.35M","-0.65%"
"19/10/2018","11,739.7","11,701.8","12,118.4","11,436.7","5.77M","0.00%"
"18/10/2018","11,739.7","11,929.0","11,929.0","11,701.8","4.47M","-1.59%"
"17/10/2018","11,929.0","12,004.7","12,118.4","11,891.1","6.05M","0.64%"
"16/10/2018","11,853.3","11,739.7","11,929.0","11,739.7","5.13M","0.97%"
"15/10/2018","11,739.7","12,194.1","12,194.1","11,739.7","6.35M","-3.13%"
"12/10/2018","12,118.4","11,588.2","12,118.4","11,361.0","13.00M","3.23%"
"11/10/2018","11,739.7","12,610.7","12,610.7","11,512.4","24.80M","-7.74%"
"10/10/2018","12,724.3","12,762.1","12,837.9","12,686.4","7.40M","-0.30%"
"09/10/2018","12,762.1","12,762.1","12,837.9","12,724.3","7.95M","0.00%"
"08/10/2018","12,762.1","12,686.4","12,837.9","12,648.5","5.74M","0.30%"
"05/10/2018","12,724.3","12,875.7","12,951.5","12,724.3","11.05M","-1.18%"
"04/10/2018","12,875.7","12,686.4","12,951.5","12,686.4","8.40M","1.49%"
"03/10/2018","12,686.4","12,875.7","12,875.7","12,572.8","5.16M","0.60%"
"02/10/2018","12,610.7","12,762.1","12,800.0","12,497.0","13.79M","-1.19%"
"01/10/2018","12,762.1","12,913.6","13,027.2","12,762.1","8.51M","-1.17%"
"28/09/2018","12,913.6","12,875.7","13,065.1","12,837.9","9.99M","0.59%"
"27/09/2018","12,837.9","12,837.9","12,913.6","12,762.1","7.77M","0.00%"
"26/09/2018","12,837.9","12,875.7","13,027.2","12,800.0","7.70M","-0.29%"
"25/09/2018","12,875.7","12,951.5","13,103.0","12,875.7","10.56M","-0.88%"
"24/09/2018","12,989.4","13,065.1","13,140.8","12,989.4","7.41M","-0.29%"
"21/09/2018","13,027.2","12,837.9","13,027.2","12,800.0","19.26M","1.78%"
"20/09/2018","12,800.0","12,686.4","12,837.9","12,648.5","9.17M","0.90%"
"19/09/2018","12,686.4","12,724.3","12,837.9","12,648.5","7.39M","0.00%"
"18/09/2018","12,686.4","12,497.0","12,686.4","12,459.2","6.37M","0.90%"
"17/09/2018","12,572.8","12,762.1","12,762.1","12,572.8","5.04M","-1.48%"
"14/09/2018","12,762.1","12,648.5","12,837.9","12,648.5","10.93M","0.90%"
"13/09/2018","12,648.5","12,497.0","12,800.0","12,459.2","16.90M","1.52%"
"12/09/2018","12,459.2","12,572.8","12,610.7","12,459.2","7.83M","-0.30%"
"11/09/2018","12,497.0","12,383.4","12,572.8","12,383.4","10.29M","0.61%"
"10/09/2018","12,421.3","12,648.5","12,648.5","11,663.9","8.32M","-1.80%"
"07/09/2018","12,648.5","12,383.4","12,648.5","12,383.4","6.56M","2.14%"
"06/09/2018","12,383.4","12,875.7","12,951.5","12,345.6","8.36M","0.01%"
"05/09/2018","12,381.8","12,480.6","12,612.3","12,250.1","14.60M","-1.05%"
"04/09/2018","12,513.5","12,809.9","12,842.8","12,447.7","18.11M","-2.81%"
"31/08/2018","12,875.7","13,073.3","13,073.3","12,809.9","13.02M","-1.51%"
"30/08/2018","13,073.3","12,974.5","13,073.3","12,908.7","12.79M","1.02%"
"29/08/2018","12,941.6","12,941.6","13,007.5","12,777.0","14.02M","1.03%"
"28/08/2018","12,809.9","12,809.9","12,908.7","12,777.0","15.67M","0.26%"
"27/08/2018","12,777.0","12,842.8","13,007.5","12,777.0","9.66M","0.00%"
"24/08/2018","12,777.0","12,579.4","12,941.6","12,480.6","23.12M","1.57%"
"23/08/2018","12,579.4","12,480.6","12,612.3","12,414.7","9.16M","1.06%"
"22/08/2018","12,447.7","12,513.5","12,645.2","12,414.7","13.75M","-0.26%"
"21/08/2018","12,480.6","12,085.4","12,480.6","12,085.4","15.68M","3.27%"
"20/08/2018","12,085.4","12,151.3","12,283.0","12,019.6","9.87M","-0.27%"
"17/08/2018","12,118.3","12,118.3","12,381.8","12,118.3","9.60M","0.00%"
"16/08/2018","12,118.3","12,118.3","12,250.1","11,854.9","20.36M","-0.54%"
"15/08/2018","12,184.2","12,414.7","12,546.4","12,151.3","18.37M","-1.33%"
"14/08/2018","12,348.9","12,645.2","12,645.2","12,348.9","10.12M","-1.57%"
"13/08/2018","12,546.4","12,283.0","12,546.4","12,118.3","22.30M","2.14%"
"10/08/2018","12,283.0","12,118.3","12,283.0","11,920.8","15.00M","1.36%"
"09/08/2018","12,118.3","12,085.4","12,381.8","12,085.4","18.29M","0.27%"
"08/08/2018","12,085.4","11,723.2","12,085.4","11,690.3","18.48M","3.38%"
"07/08/2018","11,690.3","11,624.4","11,789.0","11,492.7","10.14M","0.85%"
"06/08/2018","11,591.5","11,690.3","11,789.0","11,492.7","7.22M","-0.85%"
"03/08/2018","11,690.3","11,789.0","11,986.6","11,690.3","11.44M","0.00%"
"02/08/2018","11,690.3","11,690.3","11,723.2","11,426.8","13.81M","0.00%"
"01/08/2018","11,690.3","11,789.0","11,887.8","11,558.5","10.24M","-0.84%"
"31/07/2018","11,789.0","11,854.9","12,019.6","11,723.2","12.66M","-0.83%"
"30/07/2018","11,887.8","11,756.1","12,019.6","11,723.2","10.47M","1.40%"
"27/07/2018","11,723.2","11,525.6","11,822.0","11,492.7","13.01M","2.30%"
"26/07/2018","11,459.7","10,076.7","11,756.1","10,076.7","19.21M","2.35%"
"25/07/2018","11,196.3","12,348.9","12,348.9","11,196.3","13.60M","-3.41%"
"24/07/2018","11,591.5","11,756.1","12,348.9","11,361.0","13.33M","-1.40%"
"23/07/2018","11,756.1","12,151.3","12,184.2","11,756.1","15.09M","-2.99%"
"20/07/2018","12,118.3","11,657.3","12,118.3","11,393.9","27.10M","3.95%"
"19/07/2018","11,657.3","11,920.8","11,920.8","11,591.5","19.25M","-2.21%"
"18/07/2018","11,920.8","11,854.9","12,019.6","11,525.6","13.24M","1.69%"
"17/07/2018","11,723.2","11,822.0","11,822.0","11,163.4","15.59M","3.19%"
"16/07/2018","11,361.0","11,361.0","11,591.5","11,262.2","11.45M","0.88%"
"13/07/2018","11,262.2","10,899.9","11,361.0","10,208.4","11.97M","3.32%"
"12/07/2018","10,899.9","11,525.6","11,525.6","10,504.8","12.61M","3.76%"
"11/07/2018","10,504.8","10,998.7","11,031.6","10,208.4","21.33M","-5.90%"
"10/07/2018","11,163.4","10,867.0","11,262.2","10,834.1","9.85M","2.73%"
"09/07/2018","10,867.0","10,867.0","11,229.2","10,801.1","13.93M","0.61%"
"06/07/2018","10,801.1","9,549.8","10,801.1","9,549.8","23.85M","9.70%"
"05/07/2018","9,846.2","10,307.2","10,537.7","9,714.4","15.03M","-6.56%"
"04/07/2018","10,537.7","10,043.7","10,537.7","10,043.7","12.53M","3.23%"
"03/07/2018","10,208.4","10,998.7","11,196.3","10,076.7","22.40M","-6.91%"
"02/07/2018","10,965.8","11,723.2","11,723.2","10,801.1","20.83M","-6.46%"
"29/06/2018","11,723.2","11,920.8","12,118.3","11,690.3","9.21M","-1.38%"
"28/06/2018","11,887.8","12,348.9","12,348.9","11,822.0","15.41M","-3.73%"
"27/06/2018","12,348.9","12,842.8","12,908.7","12,348.9","8.17M","-3.10%"
"26/06/2018","12,744.0","12,941.6","12,941.6","12,645.2","6.78M","-1.53%"
"25/06/2018","12,941.6","12,875.7","13,238.0","12,546.4","8.53M","-0.25%"
"22/06/2018","12,974.5","12,546.4","13,007.5","12,348.9","8.01M","3.14%"
"21/06/2018","12,579.4","13,007.5","13,007.5","12,546.4","4.81M","-3.05%"
"20/06/2018","12,974.5","12,842.8","13,106.3","12,711.1","8.85M","1.03%"
"19/06/2018","12,842.8","13,106.3","13,106.3","12,151.3","26.25M","-2.01%"
"18/06/2018","13,106.3","13,633.1","13,764.9","13,073.3","15.42M","-3.63%"
"15/06/2018","13,600.2","13,435.6","13,699.0","13,238.0","9.99M","1.72%"
"14/06/2018","13,369.7","13,666.1","13,830.7","13,369.7","11.53M","-2.17%"
"13/06/2018","13,666.1","13,731.9","13,896.6","13,501.4","7.10M","-0.24%"
"12/06/2018","13,699.0","14,489.3","14,489.3","13,303.8","21.08M","-2.35%"
"11/06/2018","14,028.3","14,225.9","14,423.5","13,929.5","12.54M","-1.16%"
"08/06/2018","14,193.0","13,962.4","14,291.7","13,929.5","11.24M","1.65%"
"07/06/2018","13,962.4","14,258.8","14,357.6","13,962.4","15.83M","-2.08%"
"06/06/2018","14,258.8","13,731.9","14,324.7","13,600.2","17.21M","3.84%"
"05/06/2018","13,731.9","13,830.7","13,929.5","13,600.2","14.25M","-0.71%"
"04/06/2018","13,830.7","13,172.1","13,830.7","13,007.5","16.84M","3.70%"
"01/06/2018","13,336.8","13,172.1","13,567.3","12,974.5","16.41M","1.25%"
"31/05/2018","13,172.1","12,645.2","13,172.1","12,579.4","10.81M","4.17%"
"30/05/2018","12,645.2","13,007.5","13,073.3","12,612.3","9.26M","-2.29%"
"29/05/2018","12,941.6","10,735.3","13,040.4","10,735.3","14.26M","8.56%"
"28/05/2018","11,920.8","13,007.5","13,106.3","11,854.9","20.17M","-9.50%"
"25/05/2018","13,172.1","13,501.4","13,666.1","13,139.2","10.23M","-2.44%"
"24/05/2018","13,501.4","13,731.9","13,731.9","13,468.5","4.13M","-1.21%"
"23/05/2018","13,666.1","13,567.3","13,666.1","13,238.0","8.64M","0.97%"
"22/05/2018","13,534.3","13,830.7","13,830.7","13,205.0","14.68M","-2.61%"
"21/05/2018","13,896.6","14,193.0","14,258.8","13,896.6","5.80M","-1.40%"
"18/05/2018","14,094.2","14,127.1","14,291.7","13,534.3","8.22M","-0.23%"
"17/05/2018","14,127.1","13,995.4","14,357.6","13,995.4","6.15M","-0.23%"
"16/05/2018","14,160.0","14,588.1","16,102.9","14,160.0","11.96M","-3.37%"
"15/05/2018","14,654.0","14,686.9","14,917.4","14,489.3","8.76M","0.45%"
"14/05/2018","14,588.1","14,522.3","14,686.9","14,324.7","3.76M","0.68%"
"11/05/2018","14,489.3","13,962.4","14,555.2","13,666.1","11.98M","3.77%"
"10/05/2018","13,962.4","14,621.0","14,752.8","13,830.7","13.78M","-4.50%"
"09/05/2018","14,621.0","14,950.4","14,950.4","14,522.3","9.00M","-2.20%"
"08/05/2018","14,950.4","15,147.9","15,213.8","14,917.4","8.21M","-1.30%"
"07/05/2018","15,147.9","14,390.5","15,147.9","14,357.6","13.18M","5.50%"
"04/05/2018","14,357.6","14,324.7","14,555.2","14,225.9","8.90M","0.23%"
"03/05/2018","14,324.7","13,040.4","14,423.5","13,040.4","11.22M","3.57%"
"02/05/2018","13,830.7","14,160.0","14,193.0","13,666.1","8.11M","-0.94%"
"27/04/2018","13,962.4","12,052.5","14,489.3","12,052.5","14.17M","4.43%"
"26/04/2018","13,369.7","14,654.0","14,654.0","13,336.8","22.12M","-8.56%"
"24/04/2018","14,621.0","14,686.9","14,950.4","14,225.9","11.12M","-0.23%"
"23/04/2018","14,654.0","15,938.3","16,070.0","14,489.3","24.73M","-7.48%"
"20/04/2018","15,839.5","15,806.5","15,905.3","15,609.0","10.48M","0.84%"
"19/04/2018","15,707.7","15,806.5","16,135.8","15,543.1","15.02M","-2.45%"
"18/04/2018","16,102.9","16,300.5","16,563.9","16,037.1","9.83M","-1.21%"
"17/04/2018","16,300.5","16,004.1","16,300.5","15,905.3","9.48M","1.85%"
"16/04/2018","16,004.1","15,938.3","16,168.8","15,707.7","8.46M","0.21%"
"13/04/2018","15,971.2","16,465.1","16,596.9","15,938.3","9.42M","-2.81%"
"12/04/2018","16,432.2","15,839.5","16,432.2","15,839.5","10.95M","2.25%"
"11/04/2018","16,070.0","16,629.8","16,761.5","16,070.0","19.37M","-3.37%"
"10/04/2018","16,629.8","16,860.3","16,992.0","16,498.1","13.82M","-1.17%"
"09/04/2018","16,827.4","16,794.4","16,959.1","16,596.9","10.55M","0.39%"
"06/04/2018","16,761.5","16,432.2","16,926.2","16,399.3","16.70M","2.21%"
"05/04/2018","16,399.3","16,201.7","16,399.3","16,135.8","11.95M","1.43%"
"04/04/2018","16,168.8","16,135.8","16,399.3","16,102.9","10.80M","0.20%"
"03/04/2018","16,135.8","16,201.7","16,300.5","15,971.2","10.86M","-0.41%"
"02/04/2018","16,201.7","15,411.4","16,201.7","15,411.4","13.28M","5.35%"
"30/03/2018","15,378.4","15,147.9","15,444.3","15,147.9","6.35M","0.21%"
"29/03/2018","15,345.5","15,543.1","15,543.1","15,345.5","6.19M","-0.64%"
"28/03/2018","15,444.3","15,609.0","15,674.8","15,378.4","6.91M","-1.26%"
"27/03/2018","15,641.9","15,674.8","15,905.3","15,543.1","10.04M","0.42%"
"26/03/2018","15,576.0","15,147.9","15,576.0","15,016.2","8.55M","2.83%"
"23/03/2018","15,147.9","15,477.2","15,477.2","14,654.0","19.55M","-2.13%"
"22/03/2018","15,477.2","15,773.6","15,839.5","15,411.4","17.89M","-1.88%"
"21/03/2018","15,773.6","15,938.3","16,070.0","15,641.9","19.09M","-1.03%"
"20/03/2018","15,938.3","15,641.9","15,971.2","15,477.2","13.82M","2.98%"
"19/03/2018","15,477.2","15,267.7","15,477.2","15,147.9","16.33M","2.58%"
"16/03/2018","15,088.1","14,908.4","15,177.9","14,818.6","13.91M","2.02%"
"15/03/2018","14,788.7","14,758.8","14,848.6","14,549.2","13.47M","0.41%"
"14/03/2018","14,728.8","15,118.0","15,267.7","14,668.9","9.94M","0.00%"
"13/03/2018","14,728.8","14,579.1","14,728.8","14,369.6","12.30M","1.23%"
"12/03/2018","14,549.2","14,070.2","14,549.2","14,070.2","16.52M","3.85%"
"09/03/2018","14,010.3","13,621.2","14,040.3","13,591.2","16.13M","3.31%"
"08/03/2018","13,561.3","13,711.0","13,711.0","13,471.5","13.50M","0.22%"
"07/03/2018","13,531.4","13,770.9","13,890.6","13,441.5","16.76M","-1.52%"
"06/03/2018","13,740.9","13,172.1","13,740.9","13,142.2","14.30M","4.32%"
"05/03/2018","13,172.1","13,920.5","14,100.2","13,172.1","20.61M","-5.38%"
"02/03/2018","13,920.5","13,770.9","13,980.4","13,531.4","17.58M","1.09%"
"01/03/2018","13,770.9","14,070.2","14,219.9","13,681.0","17.97M","-2.13%"
"28/02/2018","14,070.2","13,920.5","14,190.0","13,711.0","14.28M","1.29%"
"27/02/2018","13,890.6","13,591.2","13,920.5","13,531.4","13.72M","2.43%"
"26/02/2018","13,561.3","13,411.6","13,830.7","13,411.6","33.57M","1.34%"
"23/02/2018","13,381.7","13,232.0","13,471.5","13,142.2","13.81M","1.13%"
"22/02/2018","13,232.0","13,411.6","13,471.5","13,142.2","11.71M","-0.67%"
"21/02/2018","13,321.8","13,082.3","13,561.3","13,082.3","11.03M","1.83%"
"13/02/2018","13,082.3","12,723.1","13,202.1","12,573.4","18.22M","4.05%"
"12/02/2018","12,573.4","12,184.2","12,573.4","12,184.2","7.18M","5.26%"
"09/02/2018","11,944.7","10,926.9","12,034.5","10,926.9","12.90M","1.01%"
"08/02/2018","11,825.0","12,184.2","12,333.9","11,825.0","6.72M","-2.95%"
"07/02/2018","12,184.2","11,705.2","12,543.4","11,705.2","8.77M","4.63%"
"06/02/2018","11,645.3","11,555.5","11,825.0","10,807.1","24.48M","-2.75%"
"05/02/2018","11,974.7","12,453.6","12,603.3","11,944.7","16.93M","-3.61%"
"02/02/2018","12,423.7","12,274.0","12,483.6","12,244.1","12.73M","1.22%"
"01/02/2018","12,274.0","12,483.6","12,543.4","12,184.2","21.49M","-1.68%"
"31/01/2018","12,483.6","12,453.6","12,723.1","12,423.7","21.50M","0.24%"
"30/01/2018","12,453.6","12,543.4","12,543.4","12,333.9","13.12M","-0.95%"
"29/01/2018","12,573.4","12,573.4","12,812.9","12,543.4","16.49M","-0.24%"
"26/01/2018","12,603.3","12,573.4","12,723.1","12,363.8","16.60M","0.72%"
"25/01/2018","12,513.5","12,333.9","12,782.9","12,064.5","28.16M","1.70%"
"24/01/2018","12,304.0","12,483.6","12,663.2","12,304.0","13.83M","-0.72%"
"23/01/2018","12,393.8","12,124.3","12,513.5","12,034.5","26.47M","2.99%"
"22/01/2018","12,034.5","11,825.0","12,124.3","11,825.0","15.18M","1.77%"
"19/01/2018","11,825.0","11,854.9","12,094.4","11,735.2","15.62M","0.00%"
"18/01/2018","11,825.0","11,465.7","11,825.0","11,465.7","12.47M","1.28%"
"17/01/2018","11,675.3","11,615.4","12,034.5","11,585.5","13.63M","0.52%"
"16/01/2018","11,615.4","11,675.3","11,765.1","11,525.6","11.31M","-0.51%"
"15/01/2018","11,675.3","11,705.2","11,765.1","11,465.7","11.25M","-0.26%"
"12/01/2018","11,705.2","11,974.7","12,034.5","11,645.3","25.28M","-2.25%"
"11/01/2018","11,974.7","11,914.8","11,974.7","11,675.3","16.45M","0.50%"
"10/01/2018","11,914.8","12,124.3","12,184.2","11,795.0","15.49M","-1.24%"
"09/01/2018","12,064.5","12,034.5","12,184.2","11,675.3","15.85M","0.50%"
"08/01/2018","12,004.6","11,615.4","12,004.6","11,615.4","12.96M","3.35%"
"05/01/2018","11,615.4","11,675.3","11,825.0","11,495.7","21.56M","0.00%"
"04/01/2018","11,615.4","11,585.5","11,645.3","11,495.7","21.26M","0.26%"
"03/01/2018","11,585.5","11,615.4","11,705.2","11,375.9","16.89M","-0.26%"
"02/01/2018","11,615.4","11,076.6","11,645.3","11,016.7","12.22M","5.15%"
"29/12/2017","11,046.6","11,076.6","11,226.2","10,956.8","14.92M","0.27%"
"28/12/2017","11,016.7","10,956.8","11,106.5","10,956.8","19.02M","0.82%"
"27/12/2017","10,926.9","10,388.0","10,986.7","10,388.0","22.27M","5.19%"
"26/12/2017","10,388.0","10,328.1","10,388.0","10,238.3","16.38M","0.58%"
"25/12/2017","10,328.1","10,358.1","10,477.8","10,268.3","10.83M","-0.29%"
"22/12/2017","10,358.1","10,388.0","10,447.9","10,298.2","6.93M","-0.29%"
"21/12/2017","10,388.0","10,537.7","10,537.7","10,388.0","14.48M","-0.29%"
"20/12/2017","10,417.9","10,417.9","10,597.6","10,388.0","14.05M","0.00%"
"19/12/2017","10,417.9","10,597.6","10,597.6","10,388.0","6.64M","-0.86%"
"18/12/2017","10,507.8","10,328.1","10,537.7","10,328.1","6.25M","2.63%"
"15/12/2017","10,238.3","10,238.3","10,328.1","10,148.5","3.81M","0.00%"
"14/12/2017","10,238.3","10,118.6","10,268.3","10,058.7","6.13M","1.18%"
"13/12/2017","10,118.6","10,358.1","10,417.9","9,879.1","5.37M","-2.31%"
"12/12/2017","10,358.1","10,567.6","10,657.4","9,549.8","22.15M","-2.26%"
"11/12/2017","10,597.6","10,747.3","10,747.3","10,477.8","7.89M","-1.67%"
"08/12/2017","10,777.2","10,837.1","10,837.1","10,687.4","3.40M","-0.55%"
"07/12/2017","10,837.1","10,447.9","10,837.1","10,447.9","8.30M","3.73%"
"06/12/2017","10,447.9","10,447.9","10,627.5","10,328.1","9.81M","-0.29%"
"05/12/2017","10,477.8","10,956.8","10,956.8","10,477.8","8.19M","-4.11%"
"04/12/2017","10,926.9","10,537.7","10,956.8","10,537.7","9.45M","3.69%"
"01/12/2017","10,537.7","10,477.8","10,567.6","10,417.9","7.36M","0.86%"
"30/11/2017","10,447.9","10,417.9","10,627.5","10,358.1","13.19M","1.16%"
"29/11/2017","10,328.1","10,178.5","10,358.1","10,178.5","4.90M","1.47%"
"28/11/2017","10,178.5","10,178.5","10,328.1","10,118.6","4.97M","-0.58%"
"27/11/2017","10,238.3","10,208.4","10,358.1","10,118.6","5.92M","0.29%"
"24/11/2017","10,208.4","10,238.3","10,238.3","10,028.8","5.13M","0.29%"
"23/11/2017","10,178.5","10,148.5","10,417.9","10,088.6","8.42M","0.30%"
"22/11/2017","10,148.5","9,789.3","10,148.5","9,579.7","9.71M","3.35%"
"21/11/2017","9,819.2","9,819.2","10,028.8","9,729.4","6.71M","0.00%"
"20/11/2017","9,819.2","9,909.0","9,939.0","9,699.5","4.76M","-0.91%"
"17/11/2017","9,909.0","9,939.0","9,998.8","9,759.3","7.64M","0.00%"
"16/11/2017","9,909.0","9,759.3","9,939.0","9,729.4","14.03M","1.85%"
"15/11/2017","9,729.4","9,819.2","9,879.1","9,639.6","4.93M","0.93%"
"14/11/2017","9,639.6","9,519.8","9,849.2","9,460.0","6.18M","1.26%"
"13/11/2017","9,519.8","9,609.7","9,669.5","9,489.9","6.22M","-0.63%"
"10/11/2017","9,579.7","9,430.0","9,669.5","9,430.0","7.62M","1.59%"
"09/11/2017","9,430.0","9,400.1","9,489.9","9,340.2","3.91M","0.32%"
"08/11/2017","9,400.1","9,250.4","9,400.1","9,220.5","4.48M","1.95%"
"07/11/2017","9,220.5","9,220.5","9,310.3","9,190.5","4.11M","0.00%"
"06/11/2017","9,220.5","8,981.0","9,250.4","8,981.0","2.67M","1.32%"
"03/11/2017","9,100.7","8,921.1","9,130.7","8,771.4","7.17M","2.01%"
"02/11/2017","8,921.1","9,190.5","9,220.5","8,921.1","10.83M","-2.93%"
"01/11/2017","9,190.5","9,160.6","9,280.4","9,160.6","3.19M","0.33%"
"31/10/2017","9,160.6","9,549.8","9,549.8","9,070.8","7.90M","-2.24%"
"30/10/2017","9,370.2","9,609.7","9,699.5","9,370.2","6.68M","-1.88%"
"27/10/2017","9,549.8","9,430.0","9,549.8","9,340.2","3.04M","1.27%"
"26/10/2017","9,430.0","9,549.8","9,609.7","9,400.1","6.43M","-1.25%"
"25/10/2017","9,549.8","9,340.2","9,609.7","9,280.4","3.68M","2.57%"
"24/10/2017","9,310.3","8,292.4","9,340.2","8,292.4","8.69M","1.30%"
"23/10/2017","9,190.5","9,489.9","9,489.9","9,190.5","8.69M","-3.15%"
"20/10/2017","9,489.9","9,699.5","9,729.4","9,430.0","7.78M","-2.16%"
"19/10/2017","9,699.5","9,849.2","9,879.1","9,639.6","6.49M","-1.52%"
"18/10/2017","9,849.2","9,939.0","10,058.7","9,819.2","7.59M","0.31%"
"17/10/2017","9,819.2","9,789.3","9,819.2","9,759.3","3.19M","0.31%"
"16/10/2017","9,789.3","9,699.5","9,819.2","9,669.5","4.42M","0.93%"
"13/10/2017","9,699.5","9,549.8","9,729.4","9,430.0","5.85M","1.89%"
"12/10/2017","9,519.8","9,579.7","9,609.7","9,489.9","4.63M","-0.63%"
"11/10/2017","9,579.7","9,579.7","9,639.6","9,519.8","6.06M","0.31%"
"10/10/2017","9,549.8","9,280.4","9,669.5","9,280.4","5.57M","0.00%"
"09/10/2017","9,549.8","9,370.2","9,669.5","9,370.2","10.23M","1.92%"
"06/10/2017","9,370.2","9,130.7","9,400.1","9,130.7","9.23M","2.62%"
"05/10/2017","9,130.7","9,250.4","9,400.1","9,130.7","10.19M","-1.29%"
"04/10/2017","9,250.4","9,070.8","9,250.4","9,070.8","6.47M","1.98%"
"03/10/2017","9,070.8","9,040.9","9,130.7","8,951.1","4.57M","-0.33%"
"02/10/2017","9,100.7","9,190.5","9,190.5","9,070.8","2.52M","-0.65%"
"29/09/2017","9,160.6","9,070.8","9,190.5","9,010.9","3.08M","0.99%"
"28/09/2017","9,070.8","9,909.0","9,909.0","8,981.0","4.09M","0.66%"
"27/09/2017","9,010.9","9,130.7","9,130.7","8,981.0","3.85M","-1.63%"
"26/09/2017","9,160.6","9,070.8","9,220.5","9,010.9","9.24M","1.66%"
"25/09/2017","9,010.9","8,741.5","9,100.7","8,681.6","11.30M","3.08%"
"22/09/2017","8,741.5","8,502.0","8,771.4","8,502.0","13.22M","2.82%"
"21/09/2017","8,502.0","8,472.1","8,561.9","8,382.3","4.64M","1.07%"
"20/09/2017","8,412.2","8,472.1","8,502.0","8,412.2","2.95M","0.00%"
"19/09/2017","8,412.2","8,442.1","8,591.8","8,412.2","4.45M","-0.35%"
"18/09/2017","8,442.1","8,412.2","8,561.9","8,412.2","4.09M","0.36%"
"15/09/2017","8,412.2","8,442.1","8,531.9","8,382.3","5.37M","-0.35%"
"14/09/2017","8,442.1","8,472.1","8,531.9","8,412.2","6.66M","-0.70%"
"13/09/2017","8,502.0","8,352.3","8,502.0","8,322.4","2.26M","2.16%"
"12/09/2017","8,322.4","8,232.6","8,412.2","8,202.6","4.13M","1.09%"
"11/09/2017","8,232.6","8,382.3","8,531.9","8,232.6","7.12M","-2.14%"
"08/09/2017","8,412.2","8,561.9","8,591.8","8,382.3","4.46M","-1.75%"
"07/09/2017","8,561.9","8,651.7","8,711.6","8,531.9","3.92M","-1.04%"
"06/09/2017","8,651.7","8,711.6","8,711.6","8,591.8","2.09M","-0.34%"
"05/09/2017","8,681.6","8,561.9","8,741.5","8,561.9","3.31M","1.40%"
"01/09/2017","8,561.9","8,591.8","8,621.8","8,442.1","2.37M","-0.35%"
"31/08/2017","8,591.8","8,561.9","8,831.3","8,561.9","7.74M","0.70%"
"30/08/2017","8,531.9","8,561.9","8,651.7","8,472.1","5.52M","-0.35%"
"29/08/2017","8,561.9","8,531.9","8,831.3","8,412.2","14.26M","0.35%"
"28/08/2017","8,531.9","8,262.5","8,591.8","8,262.5","8.85M","3.26%"
"25/08/2017","8,262.5","8,202.6","8,472.1","8,202.6","6.76M","0.73%"
"24/08/2017","8,202.6","7,903.3","8,262.5","7,903.3","24.23M","3.79%"
"23/08/2017","7,903.3","7,813.5","7,933.2","7,813.5","2.47M","0.76%"
"22/08/2017","7,843.4","7,873.3","7,933.2","7,783.5","3.29M","0.00%"
"21/08/2017","7,843.4","7,693.7","8,023.0","7,693.7","14.74M","1.95%"
"18/08/2017","7,693.7","7,633.8","7,693.7","7,544.0","3.93M","0.39%"
"17/08/2017","7,663.8","7,783.5","7,813.5","7,663.8","1.85M","-1.16%"
"16/08/2017","7,753.6","7,723.7","7,753.6","7,693.7","1.63M","0.39%"
"15/08/2017","7,723.7","7,693.7","7,753.6","7,693.7","2.67M","0.39%"
"14/08/2017","7,693.7","7,574.0","7,693.7","7,574.0","2.20M","1.18%"
"11/08/2017","7,603.9","7,633.8","7,633.8","7,574.0","2.59M","0.00%"
"10/08/2017","7,603.9","7,603.9","7,693.7","7,574.0","3.81M","-0.78%"
"09/08/2017","7,663.8","7,783.5","7,783.5","7,603.9","5.51M","-1.54%"
"08/08/2017","7,783.5","7,903.3","7,933.2","7,753.6","1.28M","0.00%"
"07/08/2017","7,783.5","7,723.7","7,873.3","7,723.7","4.94M","0.77%"
"04/08/2017","7,723.7","7,723.7","7,753.6","7,693.7","4.01M","-0.77%"
"03/08/2017","7,783.5","7,813.5","7,813.5","7,723.7","3.13M","-0.38%"
"02/08/2017","7,813.5","7,753.6","7,813.5","7,693.7","5.27M","0.00%"
"01/08/2017","7,813.5","7,813.5","7,933.2","7,813.5","5.23M","0.39%"
"31/07/2017","7,783.5","7,783.5","7,843.4","7,723.7","5.24M","0.77%"
"28/07/2017","7,723.7","7,633.8","7,753.6","7,633.8","2.40M","1.58%"
"27/07/2017","7,603.9","7,574.0","7,693.7","7,514.1","1.94M","-0.78%"
"26/07/2017","7,663.8","7,514.1","7,693.7","7,514.1","2.18M","1.99%"
"25/07/2017","7,514.1","7,454.2","7,514.1","7,424.3","2.70M","1.62%"
"24/07/2017","7,394.3","7,484.2","7,484.2","7,304.5","3.73M","-1.20%"
"21/07/2017","7,484.2","7,544.0","7,574.0","7,484.2","1.19M","-0.79%"
"20/07/2017","7,544.0","7,514.1","7,544.0","7,454.2","2.44M","0.40%"
"19/07/2017","7,514.1","7,514.1","7,574.0","7,514.1","1.95M","0.00%"
"18/07/2017","7,514.1","7,454.2","7,574.0","7,424.3","7.45M","0.80%"
"17/07/2017","7,454.2","7,723.7","7,723.7","7,454.2","10.56M","-3.49%"
"14/07/2017","7,723.7","7,783.5","7,783.5","7,693.7","1.23M","-0.39%"
"13/07/2017","7,753.6","7,753.6","7,783.5","7,693.7","2.46M","0.00%"
"12/07/2017","7,753.6","7,753.6","7,843.4","7,753.6","3.88M","0.00%"
"11/07/2017","7,753.6","7,753.6","7,783.5","7,693.7","5.22M","0.00%"
"10/07/2017","7,753.6","7,933.2","7,963.1","7,723.7","8.88M","-2.26%"
"07/07/2017","7,933.2","7,933.2","8,053.0","7,873.3","8.88M","0.00%"
"06/07/2017","7,933.2","7,933.2","7,963.1","7,873.3","4.80M","0.00%"
"05/07/2017","7,933.2","7,843.4","7,963.1","7,813.5","4.98M","1.14%"
"04/07/2017","7,843.4","7,903.3","7,963.1","7,813.5","3.05M","-0.76%"
"03/07/2017","7,903.3","7,783.5","7,993.1","7,783.5","9.46M","1.93%"
"30/06/2017","7,753.6","7,813.5","7,843.4","7,753.6","2.22M","-0.38%"
"29/06/2017","7,783.5","7,723.7","7,813.5","7,723.7","3.10M","0.77%"
"28/06/2017","7,723.7","7,723.7","7,783.5","7,663.8","2.88M","-0.39%"
"27/06/2017","7,753.6","7,783.5","7,843.4","7,723.7","2.27M","-0.77%"
"26/06/2017","7,813.5","7,693.7","7,843.4","7,693.7","4.01M","1.56%"
"23/06/2017","7,693.7","7,783.5","7,813.5","7,663.8","9.63M","-1.53%"
"22/06/2017","7,813.5","7,873.3","7,933.2","7,813.5","6.65M","-0.76%"
"21/06/2017","7,873.3","8,023.0","8,053.0","7,813.5","13.05M","-1.87%"
"20/06/2017","8,023.0","7,993.1","8,112.8","7,993.1","6.71M","0.75%"
"19/06/2017","7,963.1","7,963.1","7,993.1","7,903.3","8.38M","0.76%"
"16/06/2017","7,903.3","7,903.3","7,933.2","7,873.3","3.59M","0.00%"
"15/06/2017","7,903.3","7,993.1","8,023.0","7,903.3","6.77M","-1.12%"
"14/06/2017","7,993.1","7,963.1","8,053.0","7,933.2","7.00M","0.76%"
"13/06/2017","7,933.2","7,783.5","8,023.0","7,753.6","8.55M","1.92%"
"12/06/2017","7,783.5","7,843.4","7,903.3","7,753.6","9.06M","-0.76%"
"09/06/2017","7,843.4","7,783.5","7,933.2","7,783.5","5.46M","0.38%"
"08/06/2017","7,813.5","7,903.3","7,963.1","7,753.6","5.99M","-1.14%"
"07/06/2017","7,903.3","7,633.8","7,993.1","7,544.0","32.33M","4.35%"
"06/06/2017","7,574.0","7,544.0","7,574.0","7,454.2","9.31M","2.02%"
"05/06/2017","7,424.3","7,394.3","7,544.0","7,394.3","6.92M","0.41%"
"02/06/2017","7,394.3","7,424.3","7,454.2","7,304.5","7.88M","-0.40%"
"01/06/2017","7,424.3","7,484.2","7,603.9","7,424.3","7.39M","-0.80%"
"31/05/2017","7,484.2","7,454.2","7,603.9","7,454.2","6.04M","0.00%"
"30/05/2017","7,484.2","7,514.1","7,663.8","7,454.2","10.93M","-0.40%"
"29/05/2017","7,514.1","7,424.3","7,633.8","7,424.3","8.13M","0.40%"
"26/05/2017","7,484.2","7,514.1","7,544.0","7,454.2","6.45M","-0.40%"
"25/05/2017","7,514.1","7,574.0","7,723.7","7,514.1","14.97M","-0.40%"
"24/05/2017","7,544.0","7,334.5","7,633.8","7,334.5","9.16M","2.86%"
"23/05/2017","7,334.5","7,544.0","7,603.9","7,334.5","10.54M","-2.39%"
"22/05/2017","7,514.1","7,394.3","7,693.7","7,394.3","27.09M","1.62%"
"19/05/2017","7,394.3","7,334.5","7,514.1","7,274.6","11.29M","0.82%"
"18/05/2017","7,334.5","7,304.5","7,514.1","7,244.7","14.83M","0.41%"
"17/05/2017","7,304.5","7,154.9","7,304.5","7,154.9","8.23M","2.09%"
"16/05/2017","7,154.9","6,975.2","7,274.6","6,975.2","13.58M","1.70%"
"15/05/2017","7,035.1","7,065.0","7,095.0","6,975.2","5.20M","-0.42%"
"12/05/2017","7,065.0","7,065.0","7,095.0","7,005.2","4.71M","0.85%"
"11/05/2017","7,005.2","7,095.0","7,154.9","7,005.2","4.09M","-1.27%"
"10/05/2017","7,095.0","7,154.9","7,184.8","7,065.0","5.75M","0.00%"
"09/05/2017","7,095.0","6,915.4","7,124.9","6,885.4","6.26M","2.60%"
"08/05/2017","6,915.4","7,005.2","7,065.0","6,885.4","4.46M","-1.70%"
"05/05/2017","7,035.1","7,124.9","7,184.8","7,005.2","5.15M","-1.26%"
"04/05/2017","7,124.9","7,154.9","7,184.8","7,065.0","5.05M","0.00%"
"03/05/2017","7,124.9","6,945.3","7,154.9","6,945.3","8.76M","2.59%"
"28/04/2017","6,945.3","6,765.7","7,005.2","6,645.9","10.65M","2.20%"
"27/04/2017","6,795.6","6,795.6","6,885.4","6,765.7","2.90M","0.00%"
"26/04/2017","6,795.6","6,675.9","6,825.6","6,616.0","3.95M","2.71%"
"25/04/2017","6,616.0","6,675.9","6,765.7","6,616.0","6.00M","-1.78%"
"24/04/2017","6,735.7","6,735.7","6,795.6","6,735.7","3.48M","-0.88%"
"21/04/2017","6,795.6","6,795.6","6,825.6","6,735.7","3.90M","0.00%"
"20/04/2017","6,795.6","6,795.6","6,885.4","6,765.7","3.44M","0.00%"
"19/04/2017","6,795.6","6,855.5","6,855.5","6,795.6","3.02M","-0.87%"
"18/04/2017","6,855.5","6,765.7","6,855.5","6,675.9","6.57M","1.78%"
"17/04/2017","6,735.7","6,855.5","6,975.2","6,735.7","5.98M","-1.75%"
"14/04/2017","6,855.5","6,885.4","6,945.3","6,735.7","9.59M","-0.43%"
"13/04/2017","6,885.4","6,915.4","7,035.1","6,885.4","6.49M","-0.43%"
"12/04/2017","6,915.4","7,095.0","7,154.9","6,885.4","13.99M","-2.53%"
"11/04/2017","7,095.0","7,304.5","7,304.5","7,095.0","11.52M","-2.87%"
"10/04/2017","7,304.5","7,424.3","7,484.2","7,244.7","13.94M","-1.61%"
"07/04/2017","7,424.3","7,544.0","7,544.0","7,364.4","8.87M","-1.59%"
"05/04/2017","7,544.0","7,574.0","7,693.7","7,514.1","9.76M","-0.40%"
"04/04/2017","7,574.0","7,514.1","7,693.7","7,454.2","14.31M","1.20%"
"03/04/2017","7,484.2","7,334.5","7,484.2","7,214.7","15.24M","2.04%"
"31/03/2017","7,334.5","7,424.3","7,484.2","7,304.5","7.93M","-0.81%"
"30/03/2017","7,394.3","7,364.4","7,484.2","7,334.5","8.81M","0.41%"
"29/03/2017","7,364.4","7,424.3","7,454.2","7,274.6","15.68M","-0.40%"
"28/03/2017","7,394.3","7,544.0","7,574.0","7,364.4","12.97M","-1.98%"
"27/03/2017","7,544.0","7,633.8","7,753.6","7,454.2","15.53M","-1.18%"
"24/03/2017","7,633.8","7,454.2","7,753.6","7,424.3","24.26M","2.41%"
"23/03/2017","7,454.2","7,484.2","7,514.1","7,364.4","10.31M","-0.40%"
"22/03/2017","7,484.2","7,484.2","7,663.8","7,454.2","15.36M","0.00%"
"21/03/2017","7,484.2","7,214.7","7,514.1","7,184.8","35.47M","4.60%"
"20/03/2017","7,154.9","7,035.1","7,184.8","7,005.2","17.12M","2.14%"
"17/03/2017","7,005.2","7,005.2","7,304.5","6,885.4","17.80M","0.86%"
"16/03/2017","6,945.3","6,945.3","7,005.2","6,915.4","6.18M","0.43%"
"15/03/2017","6,915.4","6,825.6","7,005.2","6,675.9","6.15M","1.32%"
"14/03/2017","6,825.6","6,855.5","6,945.3","6,795.6","3.49M","-0.44%"
"13/03/2017","6,855.5","7,095.0","7,095.0","6,855.5","10.52M","-3.38%"
"10/03/2017","7,095.0","6,975.2","7,184.8","6,975.2","13.35M","1.28%"
"09/03/2017","7,005.2","6,975.2","7,154.9","6,975.2","8.35M","0.43%"
"08/03/2017","6,975.2","6,735.7","7,184.8","6,675.9","11.02M","3.56%"
"07/03/2017","6,735.7","6,825.6","6,825.6","6,705.8","1.15M","-0.44%"
"06/03/2017","6,765.7","6,855.5","6,915.4","6,765.7","2.56M","-0.88%"
"03/03/2017","6,825.6","6,735.7","6,825.6","6,586.1","2.20M","1.33%"
"02/03/2017","6,735.7","6,765.7","6,765.7","6,645.9","1.19M","-0.44%"
"01/03/2017","6,765.7","6,825.6","6,825.6","6,645.9","3.17M","-1.31%"
"28/02/2017","6,855.5","6,885.4","6,915.4","6,795.6","1.65M","0.00%"
"27/02/2017","6,855.5","6,795.6","6,885.4","6,795.6","2.18M","0.88%"
"24/02/2017","6,795.6","6,795.6","7,065.0","6,765.7","6.82M","0.44%"
"23/02/2017","6,765.7","6,765.7","6,765.7","6,675.9","2.00M","0.00%"
"22/02/2017","6,765.7","6,795.6","6,795.6","6,616.0","2.98M","-0.44%"
"21/02/2017","6,795.6","6,795.6","6,855.5","6,765.7","3.31M","0.00%"
"20/02/2017","6,795.6","6,795.6","6,915.4","6,765.7","4.04M","0.00%"
"17/02/2017","6,795.6","6,735.7","6,885.4","6,735.7","2.96M","0.00%"
"16/02/2017","6,795.6","7,005.2","7,035.1","6,795.6","5.54M","-2.57%"
"15/02/2017","6,975.2","7,035.1","7,095.0","6,945.3","5.74M","-0.85%"
"14/02/2017","7,035.1","7,035.1","7,065.0","6,945.3","2.11M","0.00%"
"13/02/2017","7,035.1","7,214.7","7,214.7","6,975.2","3.68M","-1.67%"
"10/02/2017","7,154.9","7,095.0","7,214.7","7,095.0","7.87M","0.84%"
"09/02/2017","7,095.0","7,095.0","7,095.0","7,035.1","1.61M","0.00%"
"08/02/2017","7,095.0","7,095.0","7,154.9","6,975.2","2.09M","0.00%"
"07/02/2017","7,095.0","7,124.9","7,244.7","7,005.2","2.74M","0.42%"
"06/02/2017","7,065.0","7,244.7","7,274.6","7,035.1","5.90M","-2.48%"
"03/02/2017","7,244.7","7,124.9","7,334.5","7,124.9","3.76M","1.68%"
"02/02/2017","7,124.9","7,065.0","7,154.9","6,855.5","2.32M","0.85%"
"25/01/2017","7,065.0","7,005.2","7,065.0","6,915.4","1.46M","0.43%"
"24/01/2017","7,035.1","6,855.5","7,124.9","6,765.7","2.41M","2.62%"
"23/01/2017","6,855.5","6,915.4","6,915.4","6,705.8","2.90M","-0.87%"
"20/01/2017","6,915.4","6,885.4","7,095.0","6,885.4","2.05M","0.44%"
"19/01/2017","6,885.4","6,915.4","7,005.2","6,795.6","1.81M","-0.43%"
"18/01/2017","6,915.4","6,885.4","7,095.0","6,855.5","4.54M","0.44%"
"17/01/2017","6,885.4","6,586.1","6,975.2","6,556.1","4.67M","5.50%"
"16/01/2017","6,526.2","6,436.4","6,526.2","6,376.5","1.92M","1.40%"
"13/01/2017","6,436.4","6,406.4","6,586.1","6,346.6","4.11M","-0.46%"
"12/01/2017","6,466.3","6,436.4","6,645.9","6,376.5","3.87M","0.00%"
"11/01/2017","6,466.3","6,226.8","6,526.2","6,226.8","4.84M","2.86%"
"10/01/2017","6,286.7","6,226.8","6,316.6","6,077.1","3.15M","0.96%"
"09/01/2017","6,226.8","6,017.3","6,256.8","6,017.3","3.24M","3.48%"
"06/01/2017","6,017.3","5,717.9","6,256.8","5,658.0","4.71M","5.24%"
"05/01/2017","5,717.9","5,747.8","5,777.8","5,658.0","1.58M","0.00%"
"04/01/2017","5,717.9","5,688.0","5,837.6","5,688.0","2.47M","0.53%"
"03/01/2017","5,688.0","5,298.8","5,688.0","5,298.8","5.38M","7.96%"
"30/12/2016","5,268.8","5,298.8","5,328.7","5,238.9","442.78K","0.00%"
"29/12/2016","5,268.8","5,209.0","5,328.7","5,179.0","1.33M","0.57%"
"28/12/2016","5,238.9","5,268.8","5,268.8","5,238.9","737.14K","0.57%"
"27/12/2016","5,209.0","5,238.9","5,328.7","5,209.0","1.07M","-2.25%"
"26/12/2016","5,328.7","5,209.0","5,328.7","5,179.0","475.13K","2.89%"
"23/12/2016","5,179.0","5,238.9","5,328.7","5,149.1","1.30M","-2.81%"
"22/12/2016","5,328.7","5,358.7","5,388.6","5,238.9","1.44M","-0.56%"
"21/12/2016","5,358.7","5,119.2","5,448.5","5,119.2","3.14M","5.30%"
"20/12/2016","5,089.2","5,119.2","5,119.2","5,059.3","912.32K","0.00%"
"19/12/2016","5,089.2","5,209.0","5,209.0","5,089.2","777.18K","-1.16%"
"16/12/2016","5,149.1","5,089.2","5,149.1","5,029.4","376.83K","2.99%"
"15/12/2016","4,999.4","5,089.2","5,089.2","4,969.5","474.11K","0.60%"
"14/12/2016","4,969.5","5,029.4","5,089.2","4,969.5","313.27K","0.00%"
"13/12/2016","4,969.5","5,089.2","5,089.2","4,969.5","418.19K","-2.35%"
"12/12/2016","5,089.2","5,119.2","5,119.2","5,059.3","101.81K","-0.59%"
"09/12/2016","5,119.2","5,059.3","5,149.1","5,029.4","344.22K","1.79%"
"08/12/2016","5,029.4","5,149.1","5,149.1","5,029.4","735.03K","0.00%"
"07/12/2016","5,029.4","5,119.2","5,119.2","4,969.5","755.23K","-1.75%"
"06/12/2016","5,119.2","5,298.8","5,328.7","5,119.2","800.96K","-2.28%"
"05/12/2016","5,238.9","5,328.7","5,328.7","5,238.9","163.89K","-1.13%"
"02/12/2016","5,298.8","5,388.6","5,388.6","5,238.9","237.27K","-1.67%"
"01/12/2016","5,388.6","5,268.8","5,418.5","5,268.8","1.28M","3.66%"
"30/11/2016","5,198.1","5,170.9","5,225.3","5,170.9","556.12K","0.00%"
"29/11/2016","5,198.1","5,170.9","5,198.1","5,170.9","863.43K","0.00%"
"28/11/2016","5,198.1","5,279.7","5,306.9","5,198.1","406.22K","-1.55%"
"25/11/2016","5,279.7","5,198.1","5,279.7","5,198.1","660.61K","0.00%"
"24/11/2016","5,279.7","5,252.5","5,279.7","5,225.3","568.39K","0.52%"
"23/11/2016","5,252.5","5,198.1","5,252.5","5,198.1","678.45K","1.05%"
"22/11/2016","5,198.1","5,198.1","5,198.1","5,170.9","1.06M","0.53%"
"21/11/2016","5,170.9","5,198.1","5,225.3","5,170.9","168.81K","0.53%"
"18/11/2016","5,143.7","5,170.9","5,170.9","5,143.7","854.32K","-0.53%"
"17/11/2016","5,170.9","5,170.9","5,198.1","5,170.9","796.32K","0.53%"
"16/11/2016","5,143.7","5,198.1","5,198.1","5,143.7","607.86K","-1.05%"
"15/11/2016","5,198.1","5,225.3","5,225.3","5,170.9","540.32K","0.53%"
"14/11/2016","5,170.9","5,198.1","5,198.1","5,170.9","697.12K","-0.52%"
"11/11/2016","5,198.1","5,198.1","5,225.3","5,170.9","661.56K","0.00%"
"10/11/2016","5,198.1","5,089.2","5,225.3","5,089.2","550.67K","2.14%"
"09/11/2016","5,089.2","5,170.9","5,170.9","4,898.7","1.88M","-1.58%"
"08/11/2016","5,170.9","5,198.1","5,198.1","5,170.9","883.62K","-0.52%"
"07/11/2016","5,198.1","5,170.9","5,198.1","5,143.7","517.97K","0.53%"
"04/11/2016","5,170.9","5,170.9","5,170.9","5,143.7","190.97K","0.00%"
"03/11/2016","5,170.9","5,198.1","5,198.1","5,116.4","968.34K","-0.52%"
"02/11/2016","5,198.1","5,198.1","5,225.3","5,170.9","274.65K","-0.52%"
"01/11/2016","5,225.3","5,170.9","5,252.5","5,170.9","904.71K","1.05%"
"31/10/2016","5,170.9","5,252.5","5,279.7","5,170.9","738.46K","-2.06%"
"28/10/2016","5,279.7","5,198.1","5,279.7","5,170.9","401.19K","1.04%"
"27/10/2016","5,225.3","5,198.1","5,225.3","5,170.9","679.52K","0.52%"
"26/10/2016","5,198.1","5,225.3","5,225.3","5,170.9","453.46K","-0.52%"
"25/10/2016","5,225.3","5,170.9","5,225.3","5,116.4","839.35K","1.05%"
"24/10/2016","5,170.9","5,252.5","5,279.7","5,170.9","1.60M","-2.06%"
"21/10/2016","5,279.7","5,306.9","5,306.9","5,252.5","424.33K","-0.51%"
"20/10/2016","5,306.9","5,334.2","5,361.4","5,252.5","649.76K","-0.51%"
"19/10/2016","5,334.2","5,225.3","5,388.6","5,225.3","3.29M","2.08%"
"18/10/2016","5,225.3","5,198.1","5,225.3","5,170.9","1.41M","0.52%"
"17/10/2016","5,198.1","5,225.3","5,225.3","5,198.1","1.40M","-1.04%"
"14/10/2016","5,252.5","5,279.7","5,306.9","5,252.5","1.47M","-0.52%"
"13/10/2016","5,279.7","5,225.3","5,306.9","5,225.3","1.09M","0.52%"
"12/10/2016","5,252.5","5,198.1","5,388.6","5,170.9","2.73M","1.58%"
"11/10/2016","5,170.9","5,170.9","5,252.5","5,143.7","1.20M","0.00%"
"10/10/2016","5,170.9","5,170.9","5,252.5","5,143.7","2.19M","0.00%"
"07/10/2016","5,170.9","5,252.5","5,279.7","5,089.2","1.74M","-2.56%"
"06/10/2016","5,306.9","5,334.2","5,334.2","5,225.3","1.64M","0.00%"
"05/10/2016","5,306.9","5,198.1","5,361.4","5,198.1","2.39M","2.09%"
"04/10/2016","5,198.1","5,062.0","5,279.7","5,062.0","2.68M","2.69%"
"03/10/2016","5,062.0","5,007.6","5,252.5","4,980.4","2.15M","1.64%"
"30/09/2016","4,980.4","4,980.4","5,007.6","4,925.9","1.04M","0.00%"
"29/09/2016","4,980.4","4,980.4","5,007.6","4,953.2","1.52M","0.55%"
"28/09/2016","4,953.2","4,681.0","4,953.2","4,681.0","3.53M","5.20%"
"27/09/2016","4,708.2","4,653.8","4,735.4","4,653.8","413.32K","0.58%"
"26/09/2016","4,681.0","4,735.4","4,735.4","4,681.0","202.76K","-1.15%"
"23/09/2016","4,735.4","4,681.0","4,735.4","4,681.0","199.58K","0.58%"
"22/09/2016","4,708.2","4,762.6","4,762.6","4,708.2","191.99K","-0.57%"
"21/09/2016","4,735.4","4,653.8","4,817.1","4,653.8","667.02K","1.75%"
"20/09/2016","4,653.8","4,653.8","4,708.2","4,626.6","433.17K","0.00%"
"19/09/2016","4,653.8","4,681.0","4,708.2","4,653.8","145.47K","-1.16%"
"16/09/2016","4,708.2","4,653.8","4,708.2","4,626.6","441.07K","0.00%"
"15/09/2016","4,708.2","4,708.2","4,735.4","4,653.8","590.08K","-0.57%"
"14/09/2016","4,735.4","4,762.6","4,762.6","4,708.2","556.78K","-0.57%"
"13/09/2016","4,762.6","4,762.6","4,789.9","4,735.4","281.81K","-0.57%"
"12/09/2016","4,789.9","4,789.9","4,789.9","4,735.4","504.47K","-0.56%"
"09/09/2016","4,817.1","4,708.2","4,844.3","4,708.2","34.73K","-0.56%"
"08/09/2016","4,844.3","4,817.1","4,844.3","4,789.9","143.02K","0.00%"
"07/09/2016","4,844.3","4,844.3","4,871.5","4,817.1","137.57K","-0.56%"
"06/09/2016","4,871.5","4,844.3","4,871.5","4,844.3","369.67K","0.56%"
"05/09/2016","4,844.3","4,844.3","4,844.3","4,817.1","289.32K","-0.56%"
"01/09/2016","4,871.5","4,898.7","4,898.7","4,871.5","299.09K","-0.56%"
"31/08/2016","4,898.7","4,871.5","4,898.7","4,844.3","708.56K","1.12%"
"30/08/2016","4,844.3","4,844.3","4,844.3","4,844.3","205.26K","0.00%"
"29/08/2016","4,844.3","4,871.5","4,871.5","4,844.3","491.69K","-0.56%"
"26/08/2016","4,871.5","4,762.6","4,871.5","4,762.6","274.66K","0.56%"
"25/08/2016","4,844.3","4,789.9","4,844.3","4,762.6","316.21K","1.72%"
"24/08/2016","4,762.6","4,789.9","4,817.1","4,762.6","196.56K","-0.57%"
"23/08/2016","4,789.9","4,762.6","4,789.9","4,735.4","369.36K","0.57%"
"22/08/2016","4,762.6","4,762.6","4,789.9","4,762.6","238.80K","-0.57%"
"19/08/2016","4,789.9","4,789.9","4,789.9","4,762.6","464.14K","0.00%"
"18/08/2016","4,789.9","4,817.1","4,898.7","4,789.9","418.21K","-0.56%"
"17/08/2016","4,817.1","4,844.3","4,844.3","4,789.9","430.94K","-0.56%"
"16/08/2016","4,844.3","4,762.6","4,898.7","4,762.6","391.47K","1.72%"
"15/08/2016","4,762.6","4,789.9","4,817.1","4,762.6","146.73K","-1.13%"
"12/08/2016","4,817.1","4,844.3","4,871.5","4,789.9","178.21K","0.00%"
"11/08/2016","4,817.1","4,817.1","4,817.1","4,789.9","58.93K","0.00%"
"10/08/2016","4,817.1","4,817.1","4,817.1","4,762.6","500.76K","0.57%"
"09/08/2016","4,789.9","4,789.9","4,817.1","4,762.6","119.37K","0.00%"
"08/08/2016","4,789.9","4,789.9","4,789.9","4,735.4","255.53K","0.00%"
"05/08/2016","4,789.9","4,762.6","4,817.1","4,735.4","258.38K","0.57%"
"04/08/2016","4,762.6","4,762.6","4,817.1","4,735.4","405.15K","1.16%"
"03/08/2016","4,708.2","4,762.6","4,762.6","4,708.2","276.86K","-1.14%"
"02/08/2016","4,762.6","4,844.3","4,844.3","4,762.6","282.01K","-1.69%"
"01/08/2016","4,844.3","4,898.7","4,925.9","4,844.3","143.51K","-1.66%"
"29/07/2016","4,925.9","4,871.5","4,925.9","4,844.3","507.65K","1.12%"
"28/07/2016","4,871.5","4,898.7","4,898.7","4,844.3","122.73K","0.00%"
"27/07/2016","4,871.5","4,871.5","4,925.9","4,871.5","217.86K","0.00%"
"26/07/2016","4,871.5","4,925.9","4,953.2","4,871.5","526.71K","-1.10%"
"25/07/2016","4,925.9","4,925.9","4,980.4","4,898.7","270.44K","0.00%"
"22/07/2016","4,925.9","4,980.4","4,980.4","4,925.9","259.48K","-1.09%"
"21/07/2016","4,980.4","5,062.0","5,089.2","4,980.4","423.32K","-1.08%"
"20/07/2016","5,034.8","5,034.8","5,034.8","4,980.4","400.93K","0.00%"
"19/07/2016","5,034.8","5,143.7","5,143.7","4,925.9","1.71M","-2.12%"
"18/07/2016","5,143.7","5,116.4","5,143.7","5,034.8","217.29K","-0.53%"
"15/07/2016","5,170.9","5,252.5","5,252.5","5,143.7","804.33K","0.00%"
"14/07/2016","5,170.9","5,170.9","5,306.9","5,170.9","3.14M","0.00%"
"13/07/2016","5,170.9","5,034.8","5,279.7","5,034.8","1.61M","2.70%"
"12/07/2016","5,034.8","5,034.8","5,034.8","4,980.4","98.37K","0.00%"
"11/07/2016","5,034.8","5,062.0","5,089.2","5,034.8","941.32K","-1.07%"
"08/07/2016","5,089.2","5,089.2","5,089.2","5,034.8","783.82K","0.00%"
"07/07/2016","5,089.2","5,034.8","5,143.7","5,034.8","169.48K","1.08%"
"06/07/2016","5,034.8","5,034.8","5,034.8","4,980.4","440.49K","0.00%"
"05/07/2016","5,034.8","5,034.8","5,089.2","4,980.4","825.04K","0.00%"
"04/07/2016","5,034.8","5,089.2","5,089.2","5,007.6","1.06M","-2.63%"
"01/07/2016","5,170.9","5,089.2","5,170.9","5,062.0","590.60K","0.00%"
"30/06/2016","5,170.9","5,170.9","5,170.9","5,116.4","76.05K","0.00%"
"29/06/2016","5,170.9","5,089.2","5,170.9","5,089.2","241.31K","0.00%"
"28/06/2016","5,170.9","5,062.0","5,170.9","5,062.0","68.51K","-0.52%"
"27/06/2016","5,198.1","5,007.6","5,198.1","5,007.6","376.64K","-0.52%"
"24/06/2016","5,225.3","5,170.9","5,225.3","4,898.7","564.77K","0.00%"
"23/06/2016","5,225.3","5,170.9","5,225.3","5,170.9","229.69K","0.00%"
"22/06/2016","5,225.3","5,170.9","5,225.3","5,170.9","400.09K","0.00%"
"21/06/2016","5,225.3","5,198.1","5,225.3","5,170.9","480.16K","0.00%"
"20/06/2016","5,225.3","5,170.9","5,225.3","5,170.9","182.68K","0.52%"
"17/06/2016","5,198.1","5,170.9","5,198.1","5,170.9","436.77K","0.00%"
"16/06/2016","5,198.1","5,198.1","5,225.3","5,170.9","498.75K","0.00%"
"15/06/2016","5,198.1","5,198.1","5,198.1","5,170.9","188.98K","0.00%"
"14/06/2016","5,198.1","5,170.9","5,225.3","5,143.7","416.14K","0.53%"
"13/06/2016","5,170.9","5,143.7","5,225.3","5,116.4","509.45K","0.00%"
"10/06/2016","5,170.9","5,116.4","5,198.1","5,116.4","302.61K","0.53%"
"09/06/2016","5,143.7","5,116.4","5,143.7","5,089.2","307.35K","0.53%"
"08/06/2016","5,116.4","5,089.2","5,143.7","5,062.0","156.92K","0.53%"
"07/06/2016","5,089.2","5,089.2","5,089.2","5,062.0","102.98K","0.00%"
"06/06/2016","5,089.2","5,034.8","5,170.9","5,034.8","524.83K","1.08%"
"03/06/2016","5,034.8","5,034.8","5,089.2","5,007.6","348.12K","0.00%"
"02/06/2016","5,034.8","5,007.6","5,062.0","5,007.6","182.25K","0.00%"
"01/06/2016","5,034.8","5,089.2","5,089.2","5,007.6","265.99K","0.54%"
"31/05/2016","5,007.6","5,116.4","5,116.4","5,007.6","698.81K","-0.54%"
"30/05/2016","5,034.8","5,062.0","5,062.0","5,007.6","331.07K","0.00%"
"27/05/2016","5,034.8","4,980.4","5,034.8","4,980.4","625.78K","1.09%"
"26/05/2016","4,980.4","5,034.8","5,062.0","4,953.2","1.37M","-0.54%"
"25/05/2016","5,007.6","5,034.8","5,089.2","5,007.6","642.04K","-0.54%"
"24/05/2016","5,034.8","5,034.8","5,089.2","5,034.8","752.88K","0.00%"
"23/05/2016","5,034.8","5,143.7","5,143.7","5,034.8","530.39K","-3.14%"
"20/05/2016","5,198.1","5,170.9","5,279.7","5,143.7","185.00K","-1.55%"
"19/05/2016","5,279.7","5,252.5","5,279.7","5,170.9","377.93K","0.52%"
"18/05/2016","5,252.5","5,143.7","5,388.6","5,089.2","1.91M","1.58%"
"17/05/2016","5,170.9","5,170.9","5,225.3","5,116.4","981.02K","0.00%"
"16/05/2016","5,170.9","5,062.0","5,170.9","5,062.0","710.86K","1.61%"
"13/05/2016","5,089.2","5,116.4","5,225.3","5,062.0","1.12M","-0.53%"
"12/05/2016","5,116.4","4,898.7","5,198.1","4,898.7","2.09M","5.03%"
"11/05/2016","4,871.5","4,871.5","4,898.7","4,817.1","1.33M","0.00%"
"10/05/2016","4,871.5","4,925.9","4,925.9","4,817.1","340.65K","-0.56%"
"09/05/2016","4,898.7","4,844.3","4,898.7","4,817.1","859.25K","1.12%"
"06/05/2016","4,844.3","4,871.5","4,871.5","4,817.1","407.96K","0.00%"
"05/05/2016","4,844.3","4,817.1","4,871.5","4,789.9","557.41K","-0.56%"
"04/05/2016","4,871.5","4,817.1","4,898.7","4,789.9","176.58K","0.00%"
"29/04/2016","4,871.5","4,817.1","4,871.5","4,789.9","277.32K","1.13%"
"28/04/2016","4,817.1","4,898.7","4,898.7","4,817.1","144.84K","-0.56%"
"27/04/2016","4,844.3","4,925.9","4,925.9","4,844.3","885.56K","-1.11%"
"26/04/2016","4,898.7","4,898.7","4,925.9","4,871.5","432.52K","0.00%"
"25/04/2016","4,898.7","4,898.7","4,980.4","4,871.5","70.66K","-1.10%"
"22/04/2016","4,953.2","4,762.6","4,953.2","4,762.6","464.57K","2.83%"
"21/04/2016","4,817.1","4,817.1","4,817.1","4,762.6","281.40K","0.00%"
"20/04/2016","4,817.1","4,898.7","4,898.7","4,817.1","268.97K","-0.56%"
"19/04/2016","4,844.3","4,953.2","4,953.2","4,817.1","102.05K","-0.56%"
"15/04/2016","4,871.5","4,980.4","4,980.4","4,844.3","244.64K","0.56%"
"14/04/2016","4,844.3","4,898.7","4,953.2","4,844.3","329.74K","-1.66%"
"13/04/2016","4,925.9","4,980.4","4,980.4","4,898.7","348.23K","-1.09%"
"12/04/2016","4,980.4","5,007.6","5,007.6","4,980.4","262.78K","-0.54%"
"11/04/2016","5,007.6","5,007.6","5,007.6","4,980.4","180.05K","-0.54%"
"08/04/2016","5,034.8","4,980.4","5,034.8","4,953.2","189.63K","1.65%"
"07/04/2016","4,953.2","4,898.7","4,980.4","4,898.7","120.29K","1.68%"
"06/04/2016","4,871.5","4,898.7","4,898.7","4,844.3","606.14K","-0.56%"
"05/04/2016","4,898.7","4,953.2","4,953.2","4,898.7","217.00K","-1.64%"
"04/04/2016","4,980.4","5,034.8","5,034.8","4,898.7","254.65K","0.00%"
"01/04/2016","4,980.4","5,034.8","5,089.2","4,980.4","461.96K","0.00%"
"31/03/2016","4,980.4","5,007.6","5,007.6","4,898.7","382.74K","3.39%"
"30/03/2016","4,817.1","5,089.2","5,089.2","4,789.9","791.52K","-4.32%"
"29/03/2016","5,034.8","5,034.8","5,062.0","5,034.8","267.90K","-0.54%"
"28/03/2016","5,062.0","5,116.4","5,116.4","5,034.8","104.03K","0.00%"
"25/03/2016","5,062.0","5,170.9","5,170.9","5,062.0","103.91K","-0.53%"
"24/03/2016","5,089.2","5,143.7","5,143.7","5,089.2","220.84K","-0.53%"
"23/03/2016","5,116.4","5,116.4","5,143.7","5,062.0","1.28M","-0.53%"
"22/03/2016","5,143.7","5,116.4","5,170.9","5,089.2","527.03K","-0.53%"
"21/03/2016","5,170.9","5,143.7","5,252.5","4,953.2","179.82K","-0.52%"
"18/03/2016","5,198.1","5,170.9","5,225.3","5,170.9","180.84K","0.00%"
"17/03/2016","5,198.1","5,252.5","5,252.5","5,170.9","190.85K","-0.52%"
"16/03/2016","5,225.3","5,252.5","5,252.5","5,198.1","314.31K","0.00%"
"15/03/2016","5,225.3","5,334.2","5,334.2","5,198.1","276.94K","0.52%"
"14/03/2016","5,198.1","5,225.3","5,279.7","5,198.1","477.93K","-1.55%"
"11/03/2016","5,279.7","5,225.3","5,306.9","5,225.3","142.12K","0.52%"
"10/03/2016","5,252.5","5,252.5","5,279.7","5,225.3","469.81K","-0.52%"
"09/03/2016","5,279.7","5,279.7","5,279.7","5,198.1","267.68K","2.10%"
"08/03/2016","5,170.9","5,361.4","5,361.4","5,170.9","1.29M","-4.04%"
"07/03/2016","5,388.6","5,306.9","5,388.6","5,306.9","619.85K","0.51%"
"04/03/2016","5,361.4","5,279.7","5,361.4","5,252.5","390.06K","1.03%"
"03/03/2016","5,306.9","5,334.2","5,334.2","5,252.5","770.88K","0.00%"
"02/03/2016","5,306.9","5,334.2","5,334.2","5,279.7","688.01K","-0.51%"
"01/03/2016","5,334.2","5,361.4","5,388.6","5,334.2","516.30K","-0.51%"
"29/02/2016","5,361.4","5,415.8","5,415.8","5,306.9","707.42K","-1.00%"
"26/02/2016","5,415.8","5,388.6","5,415.8","5,361.4","200.97K","0.50%"
"25/02/2016","5,388.6","5,633.5","5,878.5","5,361.4","625.79K","-1.00%"
"24/02/2016","5,443.0","4,953.2","5,497.5","4,953.2","2.26M","4.17%"
"23/02/2016","5,225.3","5,252.5","5,306.9","5,225.3","985.97K","0.00%"
"22/02/2016","5,225.3","5,170.9","5,306.9","5,170.9","344.44K","0.00%"
"19/02/2016","5,225.3","5,279.7","5,279.7","5,198.1","595.33K","0.00%"
"18/02/2016","5,225.3","5,198.1","5,306.9","5,198.1","240.00K","0.00%"
"17/02/2016","5,225.3","5,279.7","5,279.7","5,170.9","519.90K","-1.03%"
"16/02/2016","5,279.7","5,170.9","5,306.9","5,170.9","419.59K","2.10%"
"15/02/2016","5,170.9","5,170.9","5,225.3","5,116.4","92.45K","-0.52%"
"05/02/2016","5,198.1","5,143.7","5,252.5","5,143.7","219.60K","0.53%"
"04/02/2016","5,170.9","5,170.9","5,170.9","5,143.7","441.05K","0.00%"
"03/02/2016","5,170.9","5,170.9","5,170.9","5,143.7","293.95K","0.00%"
"02/02/2016","5,170.9","5,116.4","5,170.9","5,089.2","416.79K","0.53%"
"01/02/2016","5,143.7","5,143.7","5,170.9","5,089.2","583.09K","-0.53%"
"29/01/2016","5,170.9","5,143.7","5,170.9","5,116.4","315.92K","0.00%"
"28/01/2016","5,170.9","5,688.0","5,688.0","5,089.2","107.52K","0.00%"
"27/01/2016","5,170.9","5,198.1","5,198.1","5,116.4","567.49K","0.00%"
"26/01/2016","5,170.9","5,198.1","5,198.1","5,089.2","161.01K","-0.52%"
"25/01/2016","5,198.1","5,089.2","5,252.5","5,089.2","525.50K","2.69%"
"22/01/2016","5,062.0","5,089.2","5,116.4","5,034.8","108.08K","-1.59%"
"21/01/2016","5,143.7","5,143.7","5,143.7","5,034.8","335.00K","0.00%"
"20/01/2016","5,143.7","5,143.7","5,143.7","5,089.2","717.77K","0.00%"
"19/01/2016","5,143.7","5,116.4","5,143.7","5,089.2","264.32K","1.61%"
"18/01/2016","5,062.0","5,034.8","5,143.7","5,034.8","1.20M","-2.62%"
"15/01/2016","5,198.1","5,170.9","5,225.3","5,170.9","957.51K","0.53%"
"14/01/2016","5,170.9","5,225.3","5,225.3","5,143.7","1.16M","0.00%"
"13/01/2016","5,170.9","5,252.5","5,252.5","5,170.9","298.94K","0.00%"
"12/01/2016","5,170.9","5,170.9","5,252.5","5,170.9","176.94K","0.00%"
"11/01/2016","5,170.9","5,170.9","5,198.1","5,143.7","137.44K","-0.52%"
"08/01/2016","5,198.1","5,170.9","5,198.1","5,170.9","311.62K","0.00%"
"07/01/2016","5,198.1","5,252.5","5,279.7","5,170.9","345.50K","-2.05%"
"06/01/2016","5,306.9","5,279.7","5,306.9","5,252.5","149.14K","0.52%"
"05/01/2016","5,279.7","5,334.2","5,334.2","5,252.5","175.18K","-1.52%"
"04/01/2016","5,361.4","5,388.6","5,388.6","5,334.2","133.89K","-0.50%"
"31/12/2015","5,388.6","5,306.9","5,388.6","5,306.9","181.03K","1.54%"
"30/12/2015","5,306.9","5,279.7","5,306.9","5,225.3","85.35K","0.52%"
"29/12/2015","5,279.7","5,225.3","5,306.9","5,170.9","244.95K","0.52%"
"28/12/2015","5,252.5","5,225.3","5,279.7","5,198.1","115.12K","0.52%"
"25/12/2015","5,225.3","5,198.1","5,252.5","5,198.1","156.70K","0.00%"
"24/12/2015","5,225.3","5,198.1","5,252.5","5,198.1","170.26K","0.00%"
"23/12/2015","5,225.3","5,225.3","5,279.7","5,198.1","366.41K","-0.52%"
"22/12/2015","5,252.5","5,279.7","5,279.7","5,252.5","14.66K","-0.52%"
"21/12/2015","5,279.7","5,170.9","5,306.9","5,170.9","237.00K","1.04%"
"18/12/2015","5,225.3","5,306.9","5,306.9","5,225.3","224.91K","-1.54%"
"17/12/2015","5,306.9","5,252.5","5,306.9","5,252.5","241.34K","1.04%"
"16/12/2015","5,252.5","5,279.7","5,334.2","5,198.1","849.85K","0.00%"
"15/12/2015","5,252.5","5,279.7","5,279.7","5,252.5","681.18K","-0.52%"
"14/12/2015","5,279.7","5,225.3","5,279.7","5,170.9","38.02K","0.00%"
"11/12/2015","5,279.7","5,306.9","5,306.9","5,225.3","156.61K","0.52%"
"10/12/2015","5,252.5","5,306.9","5,306.9","5,225.3","198.31K","-1.53%"
"09/12/2015","5,334.2","5,279.7","5,334.2","5,279.7","71.71K","0.00%"
"08/12/2015","5,334.2","5,279.7","5,334.2","5,225.3","729.80K","1.03%"
"07/12/2015","5,279.7","5,279.7","5,306.9","5,279.7","390.50K","0.00%"
"04/12/2015","5,279.7","5,279.7","5,306.9","5,225.3","343.60K","0.00%"
"03/12/2015","5,279.7","5,279.7","5,334.2","5,279.7","442.40K","-0.51%"
"02/12/2015","5,306.9","5,306.9","5,306.9","5,252.5","645.96K","0.52%"
"01/12/2015","5,279.7","5,306.9","5,306.9","5,198.1","259.99K","0.00%"
"30/11/2015","5,279.7","5,361.4","5,361.4","5,170.9","240.91K","0.00%"
"27/11/2015","5,279.7","5,361.4","5,388.6","5,279.7","585.94K","-1.02%"
"26/11/2015","5,334.2","5,306.9","5,388.6","5,306.9","459.58K","0.00%"
"25/11/2015","5,334.2","5,279.7","5,415.8","5,252.5","323.27K","0.00%"
"24/11/2015","5,334.2","4,898.7","5,470.2","4,898.7","384.29K","-1.51%"
"23/11/2015","5,415.8","5,443.0","5,443.0","5,388.6","506.97K","-0.50%"
"20/11/2015","5,443.0","5,470.2","5,470.2","5,443.0","194.33K","-0.50%"
"19/11/2015","5,470.2","5,470.2","5,497.5","5,443.0","549.30K","-0.50%"
"18/11/2015","5,497.5","5,470.2","5,497.5","5,443.0","389.94K","0.50%"
"17/11/2015","5,470.2","5,443.0","5,524.7","5,443.0","384.59K","-0.50%"
"16/11/2015","5,497.5","5,470.2","5,551.9","5,443.0","671.71K","-1.46%"
"13/11/2015","5,579.1","5,524.7","5,579.1","5,497.5","328.30K","0.98%"
"12/11/2015","5,524.7","5,443.0","5,524.7","5,415.8","706.09K","2.01%"
"11/11/2015","5,415.8","5,524.7","5,524.7","5,415.8","232.78K","-1.49%"
"10/11/2015","5,497.5","5,851.3","5,851.3","5,497.5","219.31K","-0.98%"
"09/11/2015","5,551.9","5,633.5","5,633.5","5,551.9","230.78K","-0.97%"
"06/11/2015","5,606.3","5,606.3","5,633.5","5,497.5","221.95K","0.49%"
"05/11/2015","5,579.1","5,551.9","5,606.3","5,551.9","480.27K","0.49%"
"04/11/2015","5,551.9","5,633.5","5,633.5","5,551.9","419.85K","-0.97%"
"03/11/2015","5,606.3","5,551.9","5,633.5","5,551.9","465.74K","0.00%"
"02/11/2015","5,606.3","5,660.7","5,660.7","5,551.9","180.97K","-0.96%"
"30/10/2015","5,660.7","5,633.5","5,715.2","5,633.5","616.21K","0.00%"
"29/10/2015","5,660.7","5,633.5","5,660.7","5,606.3","753.08K","0.97%"
"28/10/2015","5,606.3","5,606.3","5,660.7","5,606.3","287.32K","-1.44%"
"27/10/2015","5,688.0","5,633.5","5,688.0","5,606.3","266.12K","0.00%"
"26/10/2015","5,688.0","5,660.7","5,715.2","5,660.7","907.50K","0.48%"
"23/10/2015","5,660.7","5,660.7","5,688.0","5,633.5","644.54K","0.00%"
"22/10/2015","5,660.7","5,551.9","5,660.7","5,551.9","647.45K","1.46%"
"21/10/2015","5,579.1","5,606.3","5,660.7","5,579.1","1.04M","-0.49%"
"20/10/2015","5,606.3","5,633.5","5,660.7","5,551.9","550.82K","-0.48%"
"19/10/2015","5,633.5","5,524.7","5,688.0","5,524.7","656.93K","0.00%"
"16/10/2015","5,633.5","5,688.0","5,715.2","5,633.5","1.59M","-0.48%"
"15/10/2015","5,660.7","5,606.3","5,688.0","5,579.1","1.36M","0.00%"
"14/10/2015","5,660.7","5,633.5","5,660.7","5,579.1","1.09M","0.00%"
"13/10/2015","5,660.7","5,633.5","5,660.7","5,606.3","847.56K","-0.48%"
"12/10/2015","5,688.0","5,633.5","5,688.0","5,579.1","1.76M","1.46%"
"09/10/2015","5,606.3","5,579.1","5,633.5","5,551.9","2.05M","1.98%"
"08/10/2015","5,497.5","5,388.6","5,633.5","5,388.6","1.99M","1.51%"
"07/10/2015","5,415.8","5,551.9","5,551.9","5,415.8","691.08K","-1.49%"
"06/10/2015","5,497.5","5,361.4","5,551.9","5,361.4","3.29M","3.06%"
"05/10/2015","5,334.2","5,306.9","5,334.2","5,252.5","809.12K","0.51%"
"02/10/2015","5,306.9","5,279.7","5,306.9","5,279.7","583.11K","0.52%"
"01/10/2015","5,279.7","5,252.5","5,306.9","4,762.6","835.45K","0.00%"
"30/09/2015","5,279.7","5,306.9","5,334.2","5,279.7","454.14K","0.00%"
"29/09/2015","5,279.7","5,225.3","5,306.9","5,116.4","1.10M","0.52%"
"28/09/2015","5,252.5","5,361.4","5,415.8","5,252.5","974.24K","-2.03%"
"25/09/2015","5,361.4","5,306.9","5,361.4","5,279.7","1.18M","1.03%"
"24/09/2015","5,306.9","5,252.5","5,551.9","5,225.3","3.64M","1.04%"
"23/09/2015","5,252.5","5,279.7","5,279.7","5,170.9","763.30K","0.52%"
"22/09/2015","5,225.3","5,252.5","5,306.9","5,225.3","1.11M","-0.52%"
"21/09/2015","5,252.5","5,252.5","5,279.7","5,225.3","511.71K","0.00%"
"18/09/2015","5,252.5","5,252.5","5,306.9","5,198.1","1.07M","1.05%"
"17/09/2015","5,198.1","5,143.7","5,279.7","5,116.4","2.38M","2.14%"
"16/09/2015","5,089.2","5,034.8","5,116.4","5,034.8","351.98K","0.00%"
"15/09/2015","5,089.2","5,170.9","5,170.9","5,034.8","563.95K","-1.06%"
"14/09/2015","5,143.7","5,198.1","5,279.7","5,089.2","440.21K","-0.53%"
"11/09/2015","5,170.9","5,225.3","5,252.5","5,143.7","593.18K","-1.04%"
"10/09/2015","5,225.3","5,225.3","5,306.9","5,116.4","955.30K","-1.54%"
"09/09/2015","5,306.9","5,198.1","5,306.9","5,198.1","2.58M","2.63%"
"08/09/2015","5,170.9","4,925.9","5,170.9","4,898.7","1.11M","4.97%"
"07/09/2015","4,925.9","4,871.5","4,980.4","4,871.5","516.99K","1.12%"
"04/09/2015","4,871.5","4,844.3","4,953.2","4,844.3","477.16K","-1.10%"
"03/09/2015","4,925.9","4,953.2","5,007.6","4,898.7","482.06K","-0.55%"
"01/09/2015","4,953.2","5,007.6","5,007.6","4,898.7","805.56K","-0.55%"
"31/08/2015","4,980.4","5,116.4","5,143.7","4,980.4","685.61K","-2.66%"
"28/08/2015","5,116.4","5,062.0","5,116.4","5,034.8","2.06M","1.07%"
"27/08/2015","5,062.0","5,034.8","5,143.7","4,953.2","984.60K","1.09%"
"26/08/2015","5,007.6","4,898.7","5,034.8","4,844.3","2.08M","3.37%"
"25/08/2015","4,844.3","4,681.0","4,898.7","4,517.7","2.68M","4.09%"
"24/08/2015","4,653.8","5,279.7","5,633.5","4,653.8","6.11M","-9.52%"
"21/08/2015","5,143.7","5,116.4","5,143.7","4,980.4","3.13M","0.00%"
"20/08/2015","5,143.7","5,279.7","5,279.7","5,143.7","669.65K","-1.56%"
"19/08/2015","5,225.3","5,170.9","5,306.9","5,089.2","1.33M","1.05%"
"18/08/2015","5,170.9","5,062.0","5,198.1","4,953.2","1.92M","1.61%"
"17/08/2015","5,089.2","5,388.6","5,388.6","5,062.0","4.14M","-5.56%"
"14/08/2015","5,388.6","5,470.2","5,470.2","5,361.4","2.84M","-1.49%"
"13/08/2015","5,470.2","5,551.9","5,579.1","5,443.0","2.03M","-1.95%"
"12/08/2015","5,579.1","5,688.0","5,769.6","5,551.9","1.81M","-1.91%"
"11/08/2015","5,688.0","5,796.8","5,878.5","5,688.0","1.14M","-1.41%"
"10/08/2015","5,769.6","5,579.1","5,769.6","5,524.7","1.06M","3.41%"
"07/08/2015","5,579.1","5,579.1","5,660.7","5,551.9","810.82K","0.00%"
"06/08/2015","5,579.1","5,715.2","5,715.2","5,579.1","725.12K","-1.91%"
"05/08/2015","5,688.0","5,606.3","5,688.0","5,606.3","1.06M","1.46%"
"04/08/2015","5,606.3","5,715.2","5,715.2","5,606.3","1.60M","-0.96%"
"03/08/2015","5,660.7","5,878.5","5,878.5","5,579.1","2.74M","-3.71%"
"31/07/2015","5,878.5","5,932.9","5,932.9","5,878.5","1.26M","-0.46%"
"30/07/2015","5,905.7","5,878.5","5,987.3","5,851.3","1.24M","0.00%"
"29/07/2015","5,905.7","5,905.7","5,987.3","5,905.7","1.23M","-0.91%"
"28/07/2015","5,960.1","6,123.4","6,586.1","5,878.5","2.19M","-0.45%"
"27/07/2015","5,987.3","6,069.0","6,069.0","5,960.1","1.98M","0.46%"
"24/07/2015","5,960.1","5,932.9","6,069.0","5,905.7","888.76K","0.46%"
"23/07/2015","5,932.9","6,177.8","6,177.8","5,932.9","3.28M","-3.11%"
"22/07/2015","6,123.4","6,341.1","6,341.1","5,715.2","1.93M","6.13%"
"21/07/2015","5,769.6","5,851.3","5,960.1","5,742.4","2.48M","-2.75%"
"20/07/2015","5,932.9","5,960.1","5,960.1","5,769.6","4.37M","-0.91%"
"17/07/2015","5,987.3","6,096.2","6,123.4","5,987.3","2.73M","-2.22%"
"16/07/2015","6,123.4","6,123.4","6,150.6","6,014.5","2.74M","-0.44%"
"15/07/2015","6,150.6","6,368.3","6,368.3","6,150.6","4.26M","-2.59%"
"14/07/2015","6,313.9","6,232.3","6,422.8","6,232.3","8.45M","1.76%"
"13/07/2015","6,205.0","6,177.8","6,286.7","6,150.6","2.24M","0.44%"
"10/07/2015","6,177.8","6,177.8","6,341.1","6,177.8","2.51M","0.00%"
"09/07/2015","6,177.8","6,150.6","6,232.3","6,096.2","4.23M","-0.87%"
"08/07/2015","6,232.3","6,313.9","6,477.2","6,123.4","5.32M","-2.97%"
"07/07/2015","6,422.8","6,368.3","6,586.1","6,205.0","6.45M","0.86%"
"06/07/2015","6,368.3","6,123.4","6,368.3","6,096.2","9.26M","4.93%"
"03/07/2015","6,069.0","5,932.9","6,177.8","5,932.9","6.47M","2.77%"
"02/07/2015","5,905.7","5,497.5","5,960.1","5,497.5","4.96M","4.83%"
"01/07/2015","5,633.5","5,606.3","5,688.0","5,579.1","1.87M","0.98%"
"30/06/2015","5,579.1","5,660.7","5,851.3","5,579.1","3.36M","-1.44%"
"29/06/2015","5,660.7","5,688.0","5,715.2","5,579.1","3.15M","-0.95%"
"26/06/2015","5,715.2","5,851.3","5,932.9","5,715.2","3.71M","-2.78%"
"25/06/2015","5,878.5","6,259.5","6,395.6","5,824.0","2.19M","0.94%"
"24/06/2015","5,824.0","5,987.3","5,987.3","5,824.0","2.36M","-1.84%"
"23/06/2015","5,932.9","5,960.1","6,041.8","5,932.9","2.67M","-0.46%"
"22/06/2015","5,960.1","5,851.3","6,041.8","5,851.3","3.07M","0.92%"
"19/06/2015","5,905.7","5,878.5","5,987.3","5,851.3","1.42M","0.93%"
"18/06/2015","5,851.3","5,769.6","5,960.1","5,769.6","2.29M","1.42%"
"17/06/2015","5,769.6","5,769.6","5,851.3","5,688.0","1.67M","-0.93%"
"16/06/2015","5,824.0","5,987.3","6,123.4","5,824.0","3.16M","-1.84%"
"15/06/2015","5,932.9","5,796.8","5,960.1","5,796.8","3.60M","2.35%"
"12/06/2015","5,796.8","5,878.5","5,960.1","5,742.4","2.26M","-0.93%"
"11/06/2015","5,851.3","5,932.9","6,150.6","5,851.3","2.97M","-1.83%"
"10/06/2015","5,960.1","5,878.5","5,960.1","5,742.4","3.59M","0.00%"
"09/06/2015","5,960.1","6,014.5","6,096.2","5,769.6","3.97M","0.00%"
"08/06/2015","5,960.1","5,878.5","6,232.3","5,878.5","4.28M","1.39%"
"05/06/2015","5,878.5","5,579.1","5,905.7","5,579.1","4.41M","5.37%"
"04/06/2015","5,579.1","5,361.4","5,769.6","5,334.2","4.14M","4.06%"
"03/06/2015","5,361.4","5,306.9","5,388.6","5,279.7","2.81M","1.03%"
"02/06/2015","5,306.9","5,470.2","5,524.7","5,279.7","4.48M","-2.99%"
"01/06/2015","5,470.2","5,170.9","5,606.3","5,170.9","3.70M","4.14%"
"29/05/2015","5,252.5","5,170.9","5,306.9","5,170.9","2.96M","1.05%"
"28/05/2015","5,198.1","4,898.7","5,361.4","4,844.3","5.83M","6.11%"
"27/05/2015","4,898.7","4,762.6","4,925.9","4,681.0","3.06M","2.86%"
"26/05/2015","4,762.6","4,517.7","4,762.6","4,490.5","5.93M","5.42%"
"25/05/2015","4,517.7","4,463.3","4,517.7","4,436.1","1.47M","3.11%"
"22/05/2015","4,381.6","4,436.1","4,463.3","4,381.6","513.61K","-1.23%"
"21/05/2015","4,436.1","4,436.1","4,463.3","4,381.6","170.61K","1.24%"
"20/05/2015","4,381.6","4,327.2","4,463.3","4,327.2","353.01K","0.62%"
"19/05/2015","4,354.4","4,381.6","4,408.8","4,327.2","137.25K","0.63%"
"18/05/2015","4,327.2","4,381.6","4,381.6","4,300.0","817.80K","-1.24%"
"15/05/2015","4,381.6","4,408.8","4,408.8","4,327.2","253.38K","0.62%"
"14/05/2015","4,354.4","4,276.2","4,380.5","4,276.2","361.76K","1.21%"
"13/05/2015","4,302.3","4,302.3","4,354.4","4,250.1","1.20M","-0.60%"
"12/05/2015","4,328.3","4,302.3","4,328.3","4,250.1","219.34K","0.00%"
"11/05/2015","4,328.3","4,328.3","4,354.4","4,302.3","495.85K","0.60%"
"08/05/2015","4,302.3","4,354.4","4,354.4","4,302.3","629.40K","-0.60%"
"07/05/2015","4,328.3","4,302.3","4,354.4","4,276.2","446.21K","0.00%"
"06/05/2015","4,328.3","4,328.3","4,380.5","4,276.2","532.76K","0.00%"
"05/05/2015","4,328.3","4,250.1","4,328.3","4,198.0","178.26K","1.22%"
"04/05/2015","4,276.2","4,406.6","4,406.6","4,276.2","61.79K","-2.38%"
"27/04/2015","4,380.5","4,354.4","4,406.6","4,354.4","635.51K","3.07%"
"24/04/2015","4,250.1","4,276.2","4,328.3","4,250.1","113.00K","-1.21%"
"23/04/2015","4,302.3","4,302.3","4,328.3","4,250.1","143.32K","0.00%"
"22/04/2015","4,302.3","4,250.1","4,328.3","4,250.1","387.58K","1.23%"
"21/04/2015","4,250.1","4,302.3","4,302.3","4,250.1","192.37K","-1.21%"
"20/04/2015","4,302.3","4,302.3","4,328.3","4,276.2","165.26K","-0.60%"
"17/04/2015","4,328.3","4,302.3","4,328.3","4,276.2","135.71K","0.60%"
"16/04/2015","4,302.3","4,302.3","4,328.3","4,250.1","303.22K","0.00%"
"15/04/2015","4,302.3","4,302.3","4,328.3","4,276.2","154.70K","-0.60%"
"14/04/2015","4,328.3","4,302.3","4,328.3","4,276.2","212.08K","0.00%"
"13/04/2015","4,328.3","4,354.4","4,354.4","4,328.3","135.73K","0.00%"
"10/04/2015","4,328.3","4,302.3","4,354.4","4,302.3","97.76K","0.60%"
"09/04/2015","4,302.3","4,328.3","4,328.3","4,276.2","563.98K","-0.60%"
"08/04/2015","4,328.3","4,328.3","4,354.4","4,328.3","223.32K","-0.60%"
"07/04/2015","4,354.4","4,380.5","4,380.5","4,328.3","171.94K","-0.60%"
"06/04/2015","4,380.5","4,380.5","4,380.5","4,354.4","18.20K","0.00%"
"03/04/2015","4,380.5","4,328.3","4,380.5","4,302.3","188.19K","1.21%"
"02/04/2015","4,328.3","4,302.3","4,380.5","4,302.3","584.25K","0.60%"
"01/04/2015","4,302.3","4,354.4","4,380.5","4,302.3","928.39K","-1.20%"
"31/03/2015","4,354.4","4,380.5","4,406.6","4,354.4","211.79K","-0.60%"
"30/03/2015","4,380.5","4,354.4","4,406.6","4,354.4","687.74K","0.00%"
"27/03/2015","4,380.5","4,432.6","4,432.6","4,380.5","553.89K","-1.18%"
"26/03/2015","4,432.6","4,432.6","4,458.7","4,406.6","609.19K","0.00%"
"25/03/2015","4,432.6","4,380.5","4,432.6","4,380.5","450.98K","1.19%"
"24/03/2015","4,380.5","4,406.6","4,406.6","4,354.4","818.24K","-0.59%"
"23/03/2015","4,406.6","4,432.6","4,432.6","4,406.6","211.03K","-1.17%"
"20/03/2015","4,458.7","4,406.6","4,458.7","4,406.6","427.51K","1.18%"
"19/03/2015","4,406.6","4,432.6","4,693.4","4,406.6","474.27K","0.00%"
"18/03/2015","4,406.6","3,989.4","4,432.6","3,989.4","952.97K","0.00%"
"17/03/2015","4,406.6","4,406.6","4,432.6","4,406.6","435.74K","0.00%"
"16/03/2015","4,406.6","4,432.6","4,432.6","4,380.5","1.25M","0.00%"
"13/03/2015","4,406.6","4,432.6","4,458.7","4,406.6","598.54K","-0.59%"
"12/03/2015","4,432.6","4,406.6","4,458.7","4,328.3","176.03K","-0.59%"
"11/03/2015","4,458.7","4,432.6","4,510.9","4,432.6","2.06M","0.59%"
"10/03/2015","4,432.6","4,406.6","4,432.6","4,380.5","355.31K","0.59%"
"09/03/2015","4,406.6","4,432.6","4,458.7","4,380.5","587.25K","-0.59%"
"06/03/2015","4,432.6","4,380.5","4,458.7","4,354.4","1.18M","1.19%"
"05/03/2015","4,380.5","4,406.6","4,432.6","4,380.5","584.79K","-0.59%"
"04/03/2015","4,406.6","4,432.6","4,432.6","4,380.5","1.52M","0.00%"
"03/03/2015","4,406.6","4,484.8","4,484.8","4,406.6","2.22M","-0.59%"
"02/03/2015","4,432.6","4,484.8","4,484.8","4,406.6","370.52K","0.00%"
"27/02/2015","4,432.6","4,536.9","4,536.9","4,432.6","236.54K","-1.74%"
"26/02/2015","4,510.9","4,510.9","4,536.9","4,432.6","412.74K","0.00%"
"25/02/2015","4,510.9","4,484.8","4,615.2","4,458.7","2.47M","1.17%"
"24/02/2015","4,458.7","4,406.6","4,510.9","4,406.6","517.62K","1.79%"
"13/02/2015","4,380.5","4,302.3","4,458.7","4,302.3","2.39M","2.44%"
"12/02/2015","4,276.2","4,276.2","4,302.3","4,250.1","323.02K","0.00%"
"11/02/2015","4,276.2","4,224.0","4,302.3","4,224.0","334.06K","1.24%"
"10/02/2015","4,224.0","4,171.9","4,276.2","4,171.9","388.31K","0.62%"
"09/02/2015","4,198.0","4,276.2","4,328.3","4,198.0","268.14K","-1.83%"
"06/02/2015","4,276.2","4,198.0","4,276.2","3,885.1","901.27K","1.86%"
"05/02/2015","4,198.0","4,198.0","4,276.2","4,198.0","273.60K","0.00%"
"04/02/2015","4,198.0","4,119.8","4,198.0","4,067.6","993.93K","1.26%"
"03/02/2015","4,145.8","4,380.5","4,406.6","4,145.8","3.04M","-5.36%"
"02/02/2015","4,380.5","4,458.7","4,510.9","4,380.5","974.99K","-2.33%"
"30/01/2015","4,484.8","4,589.1","4,589.1","4,406.6","1.76M","-2.83%"
"29/01/2015","4,615.2","4,693.4","4,719.5","4,615.2","1.58M","-1.67%"
"28/01/2015","4,693.4","4,458.7","4,745.5","4,406.6","3.53M","4.65%"
"27/01/2015","4,484.8","4,510.9","4,536.9","4,302.3","1.16M","0.00%"
"26/01/2015","4,484.8","4,458.7","4,510.9","4,458.7","1.13M","0.59%"
"23/01/2015","4,458.7","4,224.0","4,484.8","4,224.0","5.30M","4.91%"
"22/01/2015","4,250.1","4,145.8","4,250.1","4,119.8","1.11M","2.52%"
"21/01/2015","4,145.8","4,171.9","4,198.0","4,119.8","754.62K","-0.63%"
"20/01/2015","4,171.9","4,171.9","4,198.0","4,119.8","276.21K","-0.62%"
"19/01/2015","4,198.0","4,198.0","4,224.0","4,171.9","846.28K","1.26%"
"16/01/2015","4,145.8","4,171.9","4,198.0","4,093.7","1.37M","0.00%"
"15/01/2015","4,145.8","4,198.0","4,224.0","4,145.8","900.10K","-1.85%"
"14/01/2015","4,224.0","4,302.3","4,302.3","4,198.0","1.10M","-1.82%"
"13/01/2015","4,302.3","4,198.0","4,354.4","4,198.0","1.53M","2.48%"
"12/01/2015","4,198.0","4,171.9","4,276.2","4,145.8","1.35M","1.26%"
"09/01/2015","4,145.8","4,119.8","4,250.1","4,067.6","2.55M","0.63%"
"08/01/2015","4,119.8","4,093.7","4,119.8","4,067.6","54.68K","0.64%"
"07/01/2015","4,093.7","4,041.5","4,171.9","4,041.5","855.63K","1.29%"
"06/01/2015","4,041.5","3,963.3","4,041.5","3,937.2","329.97K","1.31%"
"05/01/2015","3,989.4","4,015.5","4,015.5","3,963.3","205.36K","-0.65%"
"31/12/2014","4,015.5","3,989.4","4,015.5","3,989.4","144.60K","0.65%"
"30/12/2014","3,989.4","3,989.4","4,015.5","3,937.2","654.16K","0.00%"
"29/12/2014","3,989.4","4,015.5","4,015.5","3,989.4","389.21K","-0.65%"
"26/12/2014","4,015.5","3,989.4","4,015.5","3,989.4","174.60K","0.00%"
"25/12/2014","4,015.5","4,041.5","4,041.5","4,015.5","252.88K","-0.64%"
"24/12/2014","4,041.5","4,041.5","4,067.6","4,015.5","666.21K","0.00%"
"23/12/2014","4,041.5","3,989.4","4,041.5","3,989.4","339.98K","1.31%"
"22/12/2014","3,989.4","4,015.5","4,015.5","3,989.4","160.21K","-0.65%"
"19/12/2014","4,015.5","4,015.5","4,041.5","3,989.4","514.79K","0.00%"
"18/12/2014","4,015.5","3,989.4","4,015.5","3,989.4","235.14K","0.65%"
"17/12/2014","3,989.4","3,989.4","4,015.5","3,937.2","1.01M","-0.65%"
"16/12/2014","4,015.5","3,989.4","4,041.5","3,989.4","1.46M","-0.64%"
"15/12/2014","4,041.5","4,041.5","4,067.6","4,041.5","398.06K","0.00%"
"12/12/2014","4,041.5","4,041.5","4,067.6","4,041.5","184.65K","0.00%"
"11/12/2014","4,041.5","3,989.4","4,067.6","3,989.4","239.32K","0.65%"
"10/12/2014","4,015.5","3,989.4","4,015.5","3,989.4","474.79K","0.65%"
"09/12/2014","3,989.4","4,041.5","4,067.6","3,989.4","440.23K","-1.92%"
"08/12/2014","4,067.6","4,067.6","4,067.6","3,989.4","221.20K","0.00%"
"05/12/2014","4,067.6","4,067.6","4,119.8","4,041.5","779.12K","0.00%"
"04/12/2014","4,067.6","3,963.3","4,119.8","3,937.2","744.32K","2.63%"
"03/12/2014","3,963.3","3,989.4","4,067.6","3,963.3","630.69K","0.66%"
"02/12/2014","3,937.2","3,937.2","3,963.3","3,937.2","288.34K","-0.66%"
"01/12/2014","3,963.3","4,015.5","4,015.5","3,963.3","901.34K","0.00%"
"28/11/2014","3,963.3","4,041.5","4,041.5","3,963.3","397.10K","-1.30%"
"27/11/2014","4,015.5","4,015.5","4,041.5","3,989.4","86.60K","1.32%"
"26/11/2014","3,963.3","4,041.5","4,041.5","3,963.3","252.78K","-1.30%"
"25/11/2014","4,015.5","4,041.5","4,067.6","3,989.4","471.37K","0.65%"
"24/11/2014","3,989.4","4,015.5","4,015.5","3,989.4","645.87K","-0.65%"
"21/11/2014","4,015.5","4,093.7","4,093.7","4,015.5","83.19K","-1.28%"
"20/11/2014","4,067.6","4,093.7","4,093.7","4,041.5","123.77K","0.00%"
"19/11/2014","4,067.6","4,093.7","4,119.8","4,067.6","526.38K","-0.64%"
"18/11/2014","4,093.7","4,119.8","4,145.8","4,067.6","534.38K","-0.63%"
"17/11/2014","4,119.8","4,093.7","4,119.8","4,067.6","1.39M","0.64%"
"14/11/2014","4,093.7","4,119.8","4,145.8","4,093.7","235.86K","-1.87%"
"13/11/2014","4,171.9","4,171.9","4,198.0","4,119.8","523.03K","0.00%"
"12/11/2014","4,171.9","4,093.7","4,302.3","4,041.5","1.26M","1.91%"
"11/11/2014","4,093.7","4,015.5","4,171.9","4,015.5","506.30K","1.95%"
"10/11/2014","4,015.5","4,067.6","4,093.7","4,015.5","84.70K","-1.28%"
"07/11/2014","4,067.6","4,093.7","4,093.7","4,041.5","400.19K","0.00%"
"06/11/2014","4,067.6","3,963.3","4,067.6","3,963.3","2.23M","3.31%"
"05/11/2014","3,937.2","3,963.3","3,989.4","3,937.2","776.45K","-1.31%"
"04/11/2014","3,989.4","3,963.3","3,989.4","3,937.2","171.94K","0.00%"
"03/11/2014","3,989.4","3,989.4","3,989.4","3,963.3","368.74K","0.00%"
"31/10/2014","3,989.4","3,937.2","3,989.4","3,937.2","88.33K","0.00%"
"30/10/2014","3,989.4","3,963.3","3,989.4","3,937.2","228.07K","0.66%"
"29/10/2014","3,963.3","3,911.2","3,963.3","3,911.2","391.29K","0.66%"
"28/10/2014","3,937.2","3,859.0","3,937.2","3,859.0","922.88K","0.00%"
"27/10/2014","3,937.2","3,937.2","3,963.3","3,911.2","797.59K","0.00%"
"24/10/2014","3,937.2","3,937.2","3,963.3","3,937.2","191.67K","-0.66%"
"23/10/2014","3,963.3","3,963.3","3,989.4","3,937.2","593.61K","0.66%"
"22/10/2014","3,937.2","3,937.2","3,963.3","3,937.2","116.83K","0.00%"
"21/10/2014","3,937.2","3,911.2","3,963.3","3,911.2","1.06M","0.00%"
"20/10/2014","3,937.2","3,963.3","3,963.3","3,937.2","398.56K","-0.66%"
"17/10/2014","3,963.3","3,911.2","3,963.3","3,911.2","772.69K","0.66%"
"16/10/2014","3,937.2","3,911.2","3,963.3","3,885.1","1.30M","0.00%"
"15/10/2014","3,937.2","3,937.2","3,937.2","3,911.2","1.54M","0.00%"
"14/10/2014","3,937.2","3,911.2","3,963.3","3,911.2","851.00K","0.00%"
"13/10/2014","3,937.2","3,911.2","3,963.3","3,885.1","1.15M","0.00%"
"10/10/2014","3,937.2","3,937.2","3,963.3","3,911.2","2.85M","0.00%"
"09/10/2014","3,937.2","3,963.3","3,963.3","3,911.2","627.59K","0.00%"
"08/10/2014","3,937.2","3,937.2","3,937.2","3,911.2","692.23K","0.00%"
"07/10/2014","3,937.2","3,911.2","3,937.2","3,911.2","405.98K","0.00%"
"06/10/2014","3,937.2","3,963.3","3,963.3","3,937.2","1.82M","0.00%"
"03/10/2014","3,937.2","3,963.3","3,963.3","3,937.2","1.17M","-0.66%"
"02/10/2014","3,963.3","3,963.3","3,989.4","3,937.2","866.15K","0.00%"
"01/10/2014","3,963.3","3,963.3","3,963.3","3,937.2","1.26M","0.00%"
"30/09/2014","3,963.3","3,963.3","3,989.4","3,937.2","293.70K","0.00%"
"29/09/2014","3,963.3","3,963.3","3,989.4","3,937.2","1.08M","0.00%"
"26/09/2014","3,963.3","3,989.4","3,989.4","3,963.3","709.83K","0.00%"
"25/09/2014","3,963.3","3,963.3","3,989.4","3,937.2","1.37M","0.00%"
"24/09/2014","3,963.3","3,963.3","3,963.3","3,937.2","872.01K","0.00%"
"23/09/2014","3,963.3","3,963.3","3,989.4","3,937.2","571.94K","0.00%"
"22/09/2014","3,963.3","3,989.4","3,989.4","3,937.2","2.48M","0.00%"
"19/09/2014","3,963.3","3,963.3","3,989.4","3,963.3","2.23M","0.00%"
"18/09/2014","3,963.3","4,015.5","4,041.5","3,963.3","308.51K","-1.30%"
"17/09/2014","4,015.5","3,989.4","4,041.5","3,963.3","1.09M","0.65%"
"16/09/2014","3,989.4","3,989.4","3,989.4","3,963.3","392.52K","0.66%"
"15/09/2014","3,963.3","3,989.4","3,989.4","3,963.3","357.99K","0.00%"
"12/09/2014","3,963.3","4,015.5","4,015.5","3,963.3","407.67K","-0.65%"
"11/09/2014","3,989.4","3,989.4","4,015.5","3,963.3","256.25K","0.00%"
"10/09/2014","3,989.4","3,963.3","4,015.5","3,963.3","326.51K","0.66%"
"09/09/2014","3,963.3","3,989.4","3,989.4","3,963.3","977.78K","-0.65%"
"08/09/2014","3,989.4","4,015.5","4,041.5","3,963.3","916.15K","-0.65%"
"05/09/2014","4,015.5","4,041.5","4,041.5","3,989.4","373.31K","0.00%"
"04/09/2014","4,015.5","4,015.5","4,015.5","3,963.3","247.19K","0.00%"
"03/09/2014","4,015.5","4,041.5","4,067.6","4,015.5","352.79K","-0.64%"
"29/08/2014","4,041.5","3,989.4","4,041.5","3,989.4","405.43K","1.31%"
"28/08/2014","3,989.4","3,989.4","4,015.5","3,989.4","164.06K","0.00%"
"27/08/2014","3,989.4","4,015.5","4,015.5","3,989.4","400.51K","-0.65%"
"26/08/2014","4,015.5","4,015.5","4,041.5","4,015.5","523.14K","0.00%"
"25/08/2014","4,015.5","3,989.4","4,041.5","3,989.4","502.87K","0.65%"
"22/08/2014","3,989.4","3,989.4","4,015.5","3,963.3","69.96K","0.00%"
"21/08/2014","3,989.4","3,989.4","4,015.5","3,989.4","329.67K","0.00%"
"20/08/2014","3,989.4","3,989.4","4,015.5","3,989.4","252.84K","0.00%"
"19/08/2014","3,989.4","3,989.4","4,015.5","3,963.3","17.27K","-0.65%"
"18/08/2014","4,015.5","3,963.3","4,015.5","3,963.3","302.76K","0.65%"
"15/08/2014","3,989.4","3,989.4","4,015.5","3,989.4","373.45K","0.66%"
"14/08/2014","3,963.3","3,989.4","3,989.4","3,963.3","721.90K","-0.65%"
"13/08/2014","3,989.4","3,963.3","4,015.5","3,963.3","702.80K","0.00%"
"12/08/2014","3,989.4","3,989.4","4,041.5","3,963.3","321.84K","0.00%"
"11/08/2014","3,989.4","4,015.5","4,015.5","3,989.4","68.93K","-0.65%"
"08/08/2014","4,015.5","3,989.4","4,015.5","3,989.4","723.57K","0.00%"
"07/08/2014","4,015.5","4,015.5","4,015.5","3,989.4","87.50K","0.00%"
"06/08/2014","4,015.5","3,989.4","4,015.5","3,989.4","59.85K","0.00%"
"05/08/2014","4,015.5","4,015.5","4,015.5","3,989.4","211.06K","0.00%"
"04/08/2014","4,015.5","3,989.4","4,015.5","3,989.4","212.90K","0.00%"
"01/08/2014","4,015.5","4,041.5","4,041.5","3,989.4","115.16K","0.00%"
"31/07/2014","4,015.5","3,989.4","4,015.5","3,989.4","406.01K","0.00%"
"30/07/2014","4,015.5","4,015.5","4,015.5","3,989.4","33.80K","0.00%"
"29/07/2014","4,015.5","4,015.5","4,015.5","3,989.4","346.93K","0.65%"
"28/07/2014","3,989.4","4,015.5","4,041.5","3,989.4","406.30K","0.00%"
"25/07/2014","3,989.4","4,015.5","4,041.5","3,989.4","379.48K","-0.65%"
"24/07/2014","4,015.5","4,015.5","4,041.5","4,015.5","211.74K","0.00%"
"23/07/2014","4,015.5","4,015.5","4,041.5","4,015.5","171.74K","0.00%"
"22/07/2014","4,015.5","4,015.5","4,041.5","3,989.4","813.15K","0.00%"
"21/07/2014","4,015.5","4,041.5","4,041.5","4,015.5","219.97K","-0.64%"
"18/07/2014","4,041.5","4,041.5","4,041.5","4,015.5","389.32K","0.00%"
"17/07/2014","4,041.5","4,041.5","4,041.5","4,015.5","35.81K","0.00%"
"16/07/2014","4,041.5","4,041.5","4,041.5","4,015.5","444.65K","0.00%"
"15/07/2014","4,041.5","4,015.5","4,041.5","4,015.5","260.56K","0.65%"
"14/07/2014","4,015.5","4,041.5","4,041.5","4,015.5","563.69K","0.00%"
"11/07/2014","4,015.5","4,015.5","4,041.5","3,989.4","254.80K","0.00%"
"10/07/2014","4,015.5","4,041.5","4,041.5","4,015.5","365.32K","-0.64%"
"09/07/2014","4,041.5","4,041.5","4,067.6","4,015.5","231.34K","0.00%"
"08/07/2014","4,041.5","4,041.5","4,067.6","4,015.5","748.30K","0.00%"
"07/07/2014","4,041.5","4,067.6","4,067.6","3,650.4","649.87K","0.00%"
"04/07/2014","4,041.5","4,067.6","4,067.6","4,041.5","432.64K","-0.64%"
"03/07/2014","4,067.6","4,041.5","4,067.6","4,015.5","1.14M","0.65%"
"02/07/2014","4,041.5","4,041.5","4,041.5","4,015.5","421.86K","0.00%"
"01/07/2014","4,041.5","4,041.5","4,041.5","4,015.5","746.98K","0.65%"
"30/06/2014","4,015.5","4,015.5","4,041.5","3,989.4","1.00M","-0.64%"
"27/06/2014","4,041.5","4,015.5","4,041.5","4,015.5","175.89K","0.65%"
"26/06/2014","4,015.5","4,041.5","4,041.5","4,015.5","921.99K","-1.28%"
"25/06/2014","4,067.6","4,015.5","4,067.6","4,015.5","331.37K","1.30%"
"24/06/2014","4,015.5","4,015.5","4,015.5","3,989.4","684.95K","0.00%"
"23/06/2014","4,015.5","4,041.5","4,041.5","4,015.5","604.27K","-0.64%"
"20/06/2014","4,041.5","4,015.5","4,067.6","4,015.5","360.10K","0.00%"
"19/06/2014","4,041.5","4,015.5","4,041.5","3,989.4","953.88K","0.65%"
"18/06/2014","4,015.5","4,015.5","4,015.5","3,989.4","512.85K","-0.64%"
"17/06/2014","4,041.5","4,015.5","4,041.5","4,015.5","317.15K","0.00%"
"16/06/2014","4,041.5","4,041.5","4,041.5","4,015.5","183.93K","0.00%"
"13/06/2014","4,041.5","4,015.5","4,067.6","4,015.5","208.24K","-0.64%"
"12/06/2014","4,067.6","4,067.6","4,067.6","4,015.5","555.36K","-0.64%"
"11/06/2014","4,093.7","4,015.5","4,093.7","4,015.5","240.03K","1.29%"
"10/06/2014","4,041.5","4,041.5","4,093.7","3,989.4","121.98K","-0.64%"
"09/06/2014","4,067.6","4,093.7","4,093.7","4,041.5","236.43K","0.00%"
"06/06/2014","4,067.6","4,041.5","4,067.6","4,041.5","289.39K","0.65%"
"05/06/2014","4,041.5","4,041.5","4,041.5","3,989.4","185.04K","0.00%"
"04/06/2014","4,041.5","3,989.4","4,067.6","3,989.4","157.46K","1.31%"
"03/06/2014","3,989.4","4,067.6","4,145.8","3,780.8","330.11K","-1.29%"
"02/06/2014","4,041.5","4,067.6","4,093.7","4,041.5","134.08K","-1.28%"
"30/05/2014","4,093.7","4,067.6","4,145.8","4,067.6","576.53K","0.00%"
"29/05/2014","4,093.7","4,067.6","4,119.8","4,067.6","135.03K","-0.63%"
"28/05/2014","4,119.8","4,093.7","4,119.8","4,041.5","162.63K","0.64%"
"27/05/2014","4,093.7","4,015.5","4,093.7","3,650.4","178.75K","1.29%"
"26/05/2014","4,041.5","4,015.5","4,041.5","4,015.5","31.97K","0.00%"
"23/05/2014","4,041.5","3,989.4","4,067.6","3,989.4","52.86K","-0.64%"
"22/05/2014","4,067.6","4,093.7","4,119.8","4,041.5","270.70K","-0.64%"
"21/05/2014","4,093.7","4,041.5","4,093.7","3,989.4","491.95K","1.95%"
"20/05/2014","4,015.5","4,015.5","4,041.5","3,963.3","43.15K","0.00%"
"19/05/2014","4,015.5","3,989.4","4,041.5","3,963.3","204.59K","0.00%"
"16/05/2014","4,015.5","4,041.5","4,041.5","3,989.4","559.98K","0.00%"
"15/05/2014","4,015.5","3,963.3","4,041.5","3,963.3","298.18K","0.65%"
"14/05/2014","3,989.4","3,937.2","4,041.5","3,911.2","397.87K","2.00%"
"13/05/2014","3,911.2","3,911.2","3,963.3","3,911.2","435.80K","0.67%"
"12/05/2014","3,885.1","3,934.9","3,959.8","3,885.1","590.64K","-3.11%"
"09/05/2014","4,009.6","3,934.9","4,009.6","3,885.1","926.80K","1.90%"
"08/05/2014","3,934.9","4,059.4","4,059.4","3,835.3","729.20K","-3.66%"
"07/05/2014","4,084.3","4,084.3","4,084.3","4,009.6","373.76K","0.61%"
"06/05/2014","4,059.4","4,084.3","4,109.2","4,034.5","851.58K","-0.61%"
"05/05/2014","4,084.3","4,084.3","4,109.2","4,059.4","905.42K","0.00%"
"29/04/2014","4,084.3","4,109.2","4,109.2","4,084.3","164.14K","0.00%"
"28/04/2014","4,084.3","4,134.1","4,134.1","4,084.3","345.77K","-0.61%"
"25/04/2014","4,109.2","4,034.5","4,159.0","4,034.5","458.20K","1.85%"
"24/04/2014","4,034.5","4,109.2","4,109.2","4,034.5","457.37K","-1.82%"
"23/04/2014","4,109.2","4,109.2","4,159.0","4,109.2","257.35K","-1.20%"
"22/04/2014","4,159.0","4,134.1","4,159.0","4,134.1","464.94K","0.60%"
"21/04/2014","4,134.1","4,134.1","4,159.0","4,109.2","386.29K","-0.60%"
"18/04/2014","4,159.0","4,159.0","4,183.9","4,134.1","1.81M","0.00%"
"17/04/2014","4,159.0","4,183.9","4,183.9","4,134.1","816.41K","-0.60%"
"16/04/2014","4,183.9","4,159.0","4,233.7","4,134.1","1.29M","0.60%"
"15/04/2014","4,159.0","4,258.6","4,258.6","4,159.0","1.14M","-2.34%"
"14/04/2014","4,258.6","4,233.7","4,258.6","4,183.9","829.52K","1.18%"
"11/04/2014","4,208.8","4,208.8","4,233.7","4,183.9","1.60M","0.00%"
"10/04/2014","4,208.8","4,183.9","4,233.7","4,183.9","246.85K","0.60%"
"08/04/2014","4,183.9","4,233.7","4,233.7","3,810.4","187.49K","-0.59%"
"07/04/2014","4,208.8","4,159.0","4,258.6","4,134.1","175.38K","-1.17%"
"04/04/2014","4,258.6","4,233.7","4,283.6","4,233.7","555.14K","-0.58%"
"03/04/2014","4,283.6","4,208.8","4,283.6","4,183.9","959.20K","2.38%"
"02/04/2014","4,183.9","4,183.9","4,208.8","4,159.0","1.25M","-0.59%"
"01/04/2014","4,208.8","4,233.7","4,258.6","4,208.8","1.92M","-1.17%"
"31/03/2014","4,258.6","4,258.6","4,258.6","4,233.7","734.07K","0.00%"
"28/03/2014","4,258.6","4,258.6","4,258.6","4,208.8","422.77K","0.59%"
"27/03/2014","4,233.7","4,159.0","4,258.6","4,159.0","1.09M","0.00%"
"26/03/2014","4,233.7","4,308.5","4,308.5","4,233.7","2.15M","-1.74%"
"25/03/2014","4,308.5","4,358.3","4,358.3","4,283.6","1.85M","-1.14%"
"24/03/2014","4,358.3","4,333.4","4,358.3","4,258.6","2.08M","1.16%"
"21/03/2014","4,308.5","4,283.6","4,358.3","4,134.1","1.49M","-0.57%"
"20/03/2014","4,333.4","4,283.6","4,358.3","4,283.6","1.66M","-0.57%"
"19/03/2014","4,358.3","4,283.6","4,358.3","4,183.9","2.25M","2.34%"
"18/03/2014","4,258.6","4,134.1","4,283.6","4,134.1","2.40M","3.01%"
"17/03/2014","4,134.1","4,109.2","4,134.1","4,084.3","2.68M","0.61%"
"14/03/2014","4,109.2","4,109.2","4,109.2","4,084.3","1.82M","0.00%"
"13/03/2014","4,109.2","4,084.3","4,109.2","4,084.3","1.14M","0.61%"
"12/03/2014","4,084.3","4,109.2","4,134.1","4,084.3","779.28K","-0.61%"
"11/03/2014","4,109.2","4,109.2","4,134.1","4,084.3","1.18M","0.00%"
"10/03/2014","4,109.2","4,109.2","4,159.0","4,109.2","785.66K","-0.60%"
"07/03/2014","4,134.1","4,134.1","4,233.7","4,109.2","789.21K","0.00%"
"06/03/2014","4,134.1","4,408.1","4,433.0","4,109.2","1.77M","0.00%"
"05/03/2014","4,134.1","4,134.1","4,183.9","4,109.2","769.09K","0.00%"
"04/03/2014","4,134.1","4,109.2","4,159.0","4,059.4","989.21K","-0.60%"
"03/03/2014","4,159.0","4,258.6","4,258.6","4,159.0","1.12M","-2.34%"
"28/02/2014","4,258.6","4,308.5","4,383.2","4,208.8","1.39M","-1.16%"
"27/02/2014","4,308.5","4,059.4","4,457.9","4,034.5","5.57M","6.14%"
"26/02/2014","4,059.4","3,984.7","4,059.4","3,984.7","2.40M","1.24%"
"25/02/2014","4,009.6","4,009.6","4,034.5","3,984.7","873.31K","0.00%"
"24/02/2014","4,009.6","3,984.7","4,009.6","3,611.1","520.59K","0.00%"
"21/02/2014","4,009.6","4,009.6","4,009.6","3,984.7","507.22K","0.62%"
"20/02/2014","3,984.7","4,009.6","4,059.4","3,984.7","1.07M","-0.62%"
"19/02/2014","4,009.6","4,009.6","4,034.5","3,984.7","1.63M","0.00%"
"18/02/2014","4,009.6","4,009.6","4,034.5","3,984.7","2.12M","0.00%"
"17/02/2014","4,009.6","4,084.3","4,084.3","3,984.7","1.96M","-2.42%"
"14/02/2014","4,109.2","4,109.2","4,134.1","4,034.5","654.26K","0.00%"
"13/02/2014","4,109.2","4,109.2","4,134.1","4,034.5","584.40K","0.61%"
"12/02/2014","4,084.3","4,034.5","4,109.2","4,034.5","549.34K","0.61%"
"11/02/2014","4,059.4","4,034.5","4,059.4","4,009.6","1.74M","0.62%"
"10/02/2014","4,034.5","4,034.5","4,059.4","4,009.6","2.03M","0.00%"
"07/02/2014","4,034.5","4,034.5","4,059.4","4,009.6","296.68K","0.00%"
"06/02/2014","4,034.5","4,034.5","4,034.5","4,009.6","143.78K","0.00%"
"27/01/2014","4,034.5","4,034.5","4,034.5","4,009.6","224.54K","0.00%"
"24/01/2014","4,034.5","4,009.6","4,059.4","4,009.6","292.89K","0.62%"
"23/01/2014","4,009.6","4,034.5","4,059.4","4,009.6","167.09K","0.00%"
"22/01/2014","4,009.6","4,009.6","4,034.5","4,009.6","638.84K","0.00%"
"21/01/2014","4,009.6","4,059.4","4,084.3","4,009.6","531.58K","-1.83%"
"20/01/2014","4,084.3","4,109.2","4,134.1","4,059.4","950.29K","-0.61%"
"17/01/2014","4,109.2","4,009.6","4,134.1","3,984.7","1.25M","2.48%"
"16/01/2014","4,009.6","4,034.5","4,059.4","3,984.7","377.60K","-0.62%"
"15/01/2014","4,034.5","3,934.9","4,059.4","3,934.9","514.85K","0.00%"
"14/01/2014","4,034.5","3,959.8","4,034.5","3,934.9","728.38K","1.89%"
"13/01/2014","3,959.8","3,959.8","4,009.6","3,934.9","100.10K","-0.62%"
"10/01/2014","3,984.7","3,959.8","4,034.5","3,934.9","589.03K","0.63%"
"09/01/2014","3,959.8","3,910.0","3,959.8","3,910.0","266.15K","0.63%"
"08/01/2014","3,934.9","3,959.8","3,959.8","3,586.2","216.25K","-0.63%"
"07/01/2014","3,959.8","3,934.9","4,009.6","3,910.0","561.84K","1.27%"
"06/01/2014","3,910.0","3,885.1","3,934.9","3,885.1","698.17K","-0.63%"
"03/01/2014","3,934.9","3,910.0","3,934.9","3,885.1","362.50K","0.64%"
"02/01/2014","3,910.0","3,910.0","3,910.0","3,885.1","540.07K","0.64%"
"31/12/2013","3,885.1","3,885.1","3,910.0","3,885.1","608.23K","-0.64%"
"30/12/2013","3,910.0","3,910.0","3,910.0","3,885.1","1.26M","0.00%"
"27/12/2013","3,910.0","3,885.1","3,910.0","3,885.1","561.24K","0.64%"
"26/12/2013","3,885.1","3,885.1","3,910.0","3,885.1","370.75K","0.00%"
"25/12/2013","3,885.1","3,910.0","3,910.0","3,885.1","163.32K","-0.64%"
"24/12/2013","3,910.0","3,910.0","3,910.0","3,885.1","211.81K","0.00%"
"23/12/2013","3,910.0","3,885.1","3,910.0","3,885.1","434.08K","0.64%"
"20/12/2013","3,885.1","3,885.1","3,910.0","3,885.1","94.93K","-0.64%"
"19/12/2013","3,910.0","3,885.1","4,109.2","3,885.1","589.26K","0.64%"
"18/12/2013","3,885.1","3,885.1","4,009.6","3,860.2","709.31K","0.00%"
"17/12/2013","3,885.1","3,860.2","3,910.0","3,860.2","938.06K","0.00%"
"16/12/2013","3,885.1","3,885.1","4,034.5","3,860.2","564.09K","0.00%"
"13/12/2013","3,885.1","3,885.1","3,910.0","3,860.2","781.55K","0.00%"
"12/12/2013","3,885.1","3,860.2","3,910.0","3,860.2","824.87K","0.65%"
"11/12/2013","3,860.2","3,860.2","3,885.1","3,835.3","1.08M","-0.64%"
"10/12/2013","3,885.1","3,860.2","3,910.0","3,835.3","1.01M","0.00%"
"09/12/2013","3,885.1","3,885.1","3,910.0","3,860.2","256.48K","0.00%"
"06/12/2013","3,885.1","3,885.1","3,910.0","3,885.1","404.97K","-0.64%"
"05/12/2013","3,910.0","3,910.0","3,910.0","3,885.1","426.00K","0.00%"
"04/12/2013","3,910.0","3,885.1","3,910.0","3,860.2","557.08K","0.64%"
"03/12/2013","3,885.1","3,910.0","3,910.0","3,885.1","736.65K","0.00%"
"02/12/2013","3,885.1","3,885.1","3,910.0","3,860.2","249.96K","0.00%"
"29/11/2013","3,885.1","3,885.1","3,910.0","3,885.1","288.24K","0.65%"
"28/11/2013","3,860.2","3,910.0","3,910.0","3,860.2","307.89K","-1.27%"
"27/11/2013","3,910.0","3,910.0","3,934.9","3,885.1","620.85K","0.00%"
"26/11/2013","3,910.0","3,910.0","3,910.0","3,536.4","130.18K","0.00%"
"25/11/2013","3,910.0","3,885.1","3,910.0","3,885.1","472.45K","0.00%"
"22/11/2013","3,910.0","3,910.0","3,910.0","3,885.1","343.31K","0.00%"
"21/11/2013","3,910.0","3,910.0","3,910.0","3,885.1","574.68K","0.00%"
"20/11/2013","3,910.0","3,885.1","3,910.0","3,885.1","259.49K","0.00%"
"19/11/2013","3,910.0","3,885.1","3,910.0","3,885.1","68.17K","0.64%"
"18/11/2013","3,885.1","3,910.0","3,910.0","3,885.1","1.20M","0.00%"
"15/11/2013","3,885.1","3,885.1","3,910.0","3,885.1","178.18K","0.00%"
"14/11/2013","3,885.1","3,910.0","3,910.0","3,885.1","164.31K","0.00%"
"13/11/2013","3,885.1","3,885.1","3,910.0","3,860.2","326.05K","0.00%"
"12/11/2013","3,885.1","3,885.1","3,885.1","3,835.3","408.36K","0.65%"
"11/11/2013","3,860.2","3,860.2","3,910.0","3,860.2","459.43K","0.00%"
"08/11/2013","3,860.2","3,860.2","3,885.1","3,860.2","109.59K","0.00%"
"07/11/2013","3,860.2","3,885.1","3,910.0","3,860.2","93.84K","-0.64%"
"06/11/2013","3,885.1","3,885.1","3,910.0","3,885.1","209.39K","-0.64%"
"05/11/2013","3,910.0","3,860.2","3,910.0","3,860.2","214.09K","0.64%"
"04/11/2013","3,885.1","3,885.1","3,910.0","3,860.2","206.99K","-0.64%"
"01/11/2013","3,910.0","3,860.2","3,910.0","3,860.2","256.96K","0.64%"
"31/10/2013","3,885.1","3,860.2","3,885.1","3,860.2","927.03K","0.00%"
"30/10/2013","3,885.1","3,860.2","3,910.0","3,860.2","309.45K","0.00%"
"29/10/2013","3,885.1","3,860.2","3,885.1","3,860.2","647.09K","0.65%"
"28/10/2013","3,860.2","3,885.1","3,885.1","3,860.2","501.21K","-0.64%"
"25/10/2013","3,885.1","3,885.1","3,910.0","3,860.2","358.17K","0.00%"
"24/10/2013","3,885.1","3,885.1","3,910.0","3,860.2","843.01K","0.00%"
"23/10/2013","3,885.1","3,885.1","3,885.1","3,860.2","263.80K","0.00%"
"22/10/2013","3,885.1","3,910.0","3,910.0","3,860.2","661.79K","-0.64%"
"21/10/2013","3,910.0","3,910.0","3,910.0","3,885.1","572.69K","0.00%"
"18/10/2013","3,910.0","3,885.1","3,910.0","3,885.1","175.84K","0.00%"
"17/10/2013","3,910.0","3,910.0","3,959.8","3,910.0","467.93K","-0.63%"
"16/10/2013","3,934.9","3,934.9","3,959.8","3,885.1","593.16K","0.00%"
"15/10/2013","3,934.9","3,885.1","3,934.9","3,885.1","729.17K","0.64%"
"14/10/2013","3,910.0","3,934.9","3,934.9","3,910.0","1.11M","0.00%"
"11/10/2013","3,910.0","3,910.0","3,910.0","3,885.1","273.77K","0.00%"
"10/10/2013","3,910.0","3,910.0","3,934.9","3,885.1","625.78K","-0.63%"
"09/10/2013","3,934.9","3,885.1","3,934.9","3,885.1","611.73K","1.28%"
"08/10/2013","3,885.1","3,860.2","3,910.0","3,860.2","732.23K","-0.64%"
"07/10/2013","3,910.0","3,885.1","3,910.0","3,860.2","399.55K","0.64%"
"04/10/2013","3,885.1","3,860.2","3,885.1","3,860.2","398.19K","-0.64%"
"03/10/2013","3,910.0","3,885.1","3,910.0","3,860.2","289.37K","0.64%"
"02/10/2013","3,885.1","3,910.0","3,910.0","3,885.1","414.64K","-0.64%"
"01/10/2013","3,910.0","3,885.1","3,934.9","3,860.2","601.54K","1.29%"
"30/09/2013","3,860.2","3,860.2","3,885.1","3,860.2","346.05K","0.00%"
"27/09/2013","3,860.2","3,860.2","3,885.1","3,835.3","901.17K","0.00%"
"26/09/2013","3,860.2","3,860.2","3,885.1","3,860.2","303.63K","0.00%"
"25/09/2013","3,860.2","3,860.2","3,885.1","3,860.2","588.39K","0.00%"
"24/09/2013","3,860.2","3,835.3","3,860.2","3,835.3","1.25M","0.65%"
"23/09/2013","3,835.3","3,835.3","3,860.2","3,835.3","2.81M","-0.65%"
"20/09/2013","3,860.2","3,835.3","3,860.2","3,835.3","677.44K","0.65%"
"19/09/2013","3,835.3","3,835.3","3,860.2","3,835.3","1.22M","0.00%"
"18/09/2013","3,835.3","3,835.3","3,860.2","3,835.3","735.83K","0.00%"
"17/09/2013","3,835.3","3,835.3","3,860.2","3,835.3","591.84K","0.00%"
"16/09/2013","3,835.3","3,835.3","3,860.2","3,835.3","288.32K","0.00%"
"13/09/2013","3,835.3","3,835.3","3,860.2","3,835.3","204.93K","0.65%"
"12/09/2013","3,810.4","3,860.2","3,860.2","3,810.4","771.26K","-1.29%"
"11/09/2013","3,860.2","3,835.3","3,860.2","3,835.3","274.84K","0.65%"
"10/09/2013","3,835.3","3,810.4","3,860.2","3,735.7","106.56K","0.65%"
"09/09/2013","3,810.4","3,860.2","3,860.2","3,810.4","649.27K","-0.65%"
"06/09/2013","3,835.3","3,835.3","3,835.3","3,810.4","214.15K","0.65%"
"05/09/2013","3,810.4","3,810.4","3,835.3","3,810.4","465.18K","0.66%"
"04/09/2013","3,785.5","3,810.4","3,835.3","3,785.5","292.96K","-0.65%"
"03/09/2013","3,810.4","3,760.6","3,810.4","3,760.6","202.33K","-0.65%"
"30/08/2013","3,835.3","3,785.5","3,835.3","3,785.5","752.54K","1.32%"
"29/08/2013","3,785.5","3,810.4","3,810.4","3,760.6","1.41M","0.00%"
"28/08/2013","3,785.5","3,835.3","3,860.2","3,760.6","1.16M","-1.94%"
"27/08/2013","3,860.2","3,860.2","3,860.2","3,860.2","314.05K","0.00%"
"26/08/2013","3,860.2","3,835.3","3,885.1","3,835.3","219.27K","0.00%"
"23/08/2013","3,860.2","3,885.1","3,885.1","3,486.6","949.10K","0.00%"
"22/08/2013","3,860.2","3,885.1","3,910.0","3,860.2","727.83K","-0.64%"
"21/08/2013","3,885.1","3,910.0","3,910.0","3,885.1","500.10K","0.00%"
"20/08/2013","3,885.1","3,910.0","3,910.0","3,885.1","335.63K","0.00%"
"19/08/2013","3,885.1","3,885.1","3,910.0","3,860.2","506.25K","0.65%"
"16/08/2013","3,860.2","3,885.1","3,885.1","3,860.2","703.34K","-0.64%"
"15/08/2013","3,885.1","3,885.1","3,910.0","3,860.2","278.11K","-0.64%"
"14/08/2013","3,910.0","3,860.2","3,910.0","3,860.2","161.58K","1.29%"
"13/08/2013","3,860.2","3,835.3","3,885.1","3,835.3","593.14K","0.00%"
"12/08/2013","3,860.2","3,860.2","3,934.9","3,860.2","742.45K","0.00%"
"09/08/2013","3,860.2","3,785.5","3,910.0","3,785.5","1.51M","-0.64%"
"08/08/2013","3,885.1","3,910.0","3,910.0","3,885.1","1.42M","-1.27%"
"07/08/2013","3,934.9","3,910.0","3,934.9","3,885.1","331.11K","0.64%"
"06/08/2013","3,910.0","3,910.0","3,934.9","3,885.1","1.08M","0.00%"
"05/08/2013","3,910.0","3,910.0","3,934.9","3,536.4","1.35M","0.00%"
"02/08/2013","3,910.0","3,934.9","3,959.8","3,910.0","480.19K","0.00%"
"01/08/2013","3,910.0","3,934.9","3,959.8","3,910.0","2.40M","-0.63%"
"31/07/2013","3,934.9","3,934.9","3,984.7","3,934.9","1.72M","-1.25%"
"30/07/2013","3,984.7","3,959.8","3,984.7","3,934.9","719.28K","0.63%"
"29/07/2013","3,959.8","3,934.9","3,984.7","3,934.9","561.02K","0.00%"
"26/07/2013","3,959.8","3,959.8","3,959.8","3,910.0","1.48M","0.63%"
"25/07/2013","3,934.9","3,959.8","3,984.7","3,934.9","851.36K","-1.25%"
"24/07/2013","3,984.7","3,984.7","3,984.7","3,984.7","1.52M","-0.62%"
"23/07/2013","4,009.6","4,009.6","4,009.6","3,984.7","554.47K","0.62%"
"22/07/2013","3,984.7","4,009.6","4,009.6","3,984.7","1.56M","0.00%"
"19/07/2013","3,984.7","3,984.7","4,009.6","3,984.7","839.61K","-0.62%"
"18/07/2013","4,009.6","3,984.7","4,034.5","3,984.7","852.83K","0.00%"
"17/07/2013","4,009.6","3,984.7","4,034.5","3,959.8","1.66M","1.26%"
"16/07/2013","3,959.8","3,959.8","3,984.7","3,959.8","250.23K","-0.62%"
"15/07/2013","3,984.7","3,984.7","3,984.7","3,959.8","456.36K","0.00%"
"12/07/2013","3,984.7","3,959.8","3,984.7","3,934.9","850.26K","0.63%"
"11/07/2013","3,959.8","3,959.8","3,984.7","3,934.9","295.06K","-0.62%"
"10/07/2013","3,984.7","3,959.8","3,984.7","3,934.9","485.76K","0.63%"
"09/07/2013","3,959.8","3,959.8","3,984.7","3,934.9","1.25M","0.63%"
"08/07/2013","3,934.9","3,984.7","3,984.7","3,934.9","228.55K","-1.25%"
"05/07/2013","3,984.7","4,009.6","4,009.6","3,984.7","1.14M","-1.23%"
"04/07/2013","4,034.5","3,984.7","4,034.5","3,984.7","1.10M","0.00%"
"03/07/2013","4,034.5","4,009.6","4,034.5","3,984.7","1.37M","0.00%"
"02/07/2013","4,034.5","3,984.7","4,034.5","3,984.7","1.25M","0.62%"
"01/07/2013","4,009.6","3,984.7","4,009.6","3,984.7","1.26M","0.00%"
"28/06/2013","4,009.6","3,984.7","4,034.5","3,984.7","2.48M","0.00%"
"27/06/2013","4,009.6","3,984.7","4,009.6","3,959.8","2.86M","0.00%"
"26/06/2013","4,009.6","4,009.6","4,034.5","3,984.7","1.24M","0.00%"
"25/06/2013","4,009.6","4,009.6","4,034.5","3,984.7","5.29M","-1.23%"
"24/06/2013","4,059.4","4,034.5","4,059.4","3,984.7","2.12M","0.62%"
"21/06/2013","4,034.5","4,009.6","4,059.4","3,984.7","847.32K","0.00%"
"20/06/2013","4,034.5","4,059.4","4,059.4","3,984.7","1.86M","-0.61%"
"19/06/2013","4,059.4","4,009.6","4,059.4","3,984.7","1.05M","0.62%"
"18/06/2013","4,034.5","4,009.6","4,034.5","3,934.9","1.55M","0.00%"
"17/06/2013","4,034.5","4,084.3","4,084.3","3,984.7","1.59M","-1.22%"
"14/06/2013","4,084.3","4,109.2","4,109.2","4,034.5","1.30M","-0.61%"
"13/06/2013","4,109.2","4,134.1","4,134.1","4,059.4","1.03M","-0.60%"
"12/06/2013","4,134.1","4,134.1","4,159.0","4,109.2","1.04M","-0.60%"
"11/06/2013","4,159.0","4,183.9","4,183.9","4,134.1","1.47M","0.00%"
"10/06/2013","4,159.0","4,183.9","4,183.9","4,134.1","1.48M","-0.60%"
"07/06/2013","4,183.9","4,134.1","4,183.9","4,109.2","2.20M","1.20%"
"06/06/2013","4,134.1","4,134.1","4,134.1","4,109.2","1.80M","0.00%"
"05/06/2013","4,134.1","4,134.1","4,134.1","4,084.3","1.10M","0.61%"
"04/06/2013","4,109.2","4,183.9","4,208.8","4,084.3","1.92M","-1.79%"
"03/06/2013","4,183.9","4,134.1","4,233.7","4,109.2","3.95M","1.82%"
"31/05/2013","4,109.2","4,134.1","4,159.0","4,084.3","2.51M","0.00%"
"30/05/2013","4,109.2","4,109.2","4,134.1","4,084.3","1.17M","-0.60%"
"29/05/2013","4,134.1","4,159.0","4,183.9","4,109.2","2.48M","0.00%"
"28/05/2013","4,134.1","4,109.2","4,159.0","4,084.3","2.43M","0.61%"
"27/05/2013","4,109.2","4,109.2","4,159.0","4,084.3","2.49M","-0.60%"
"24/05/2013","4,134.1","4,134.1","4,134.1","4,084.3","513.32K","0.61%"
"23/05/2013","4,109.2","4,159.0","4,183.9","4,084.3","1.85M","-1.20%"
"22/05/2013","4,159.0","4,034.5","4,308.5","4,034.5","5.55M","3.73%"
"21/05/2013","4,009.6","3,984.7","4,034.5","3,959.8","844.38K","0.62%"
"20/05/2013","3,984.7","4,009.6","4,009.6","3,959.8","1.25M","-0.62%"
"17/05/2013","4,009.6","4,059.4","4,059.4","3,984.7","780.08K","0.53%"
"16/05/2013","3,988.4","3,940.7","3,988.4","3,916.8","761.71K","2.45%"
"15/05/2013","3,892.9","3,892.9","3,916.8","3,869.0","798.82K","0.00%"
"14/05/2013","3,892.9","3,892.9","3,916.8","3,869.0","1.61M","-0.61%"
"13/05/2013","3,916.8","3,892.9","3,916.8","3,892.9","605.55K","0.00%"
"10/05/2013","3,916.8","3,916.8","3,916.8","3,869.0","667.64K","0.61%"
"09/05/2013","3,892.9","3,869.0","3,916.8","3,869.0","1.19M","1.24%"
"08/05/2013","3,845.1","3,892.9","3,892.9","3,845.1","1.21M","-1.23%"
"07/05/2013","3,892.9","3,869.0","3,892.9","3,821.3","1.35M","0.62%"
"06/05/2013","3,869.0","3,821.3","3,869.0","3,821.3","1.43M","0.62%"
"03/05/2013","3,845.1","3,821.3","3,845.1","3,821.3","582.03K","0.00%"
"02/05/2013","3,845.1","3,845.1","3,845.1","3,821.3","666.17K","0.62%"
"26/04/2013","3,821.3","3,821.3","3,869.0","3,821.3","605.18K","0.00%"
"25/04/2013","3,821.3","3,821.3","3,845.1","3,797.4","261.62K","0.63%"
"24/04/2013","3,797.4","3,821.3","3,821.3","3,773.5","218.63K","0.00%"
"23/04/2013","3,797.4","3,773.5","3,821.3","3,773.5","468.86K","0.63%"
"22/04/2013","3,773.5","3,773.5","3,821.3","3,773.5","1.11M","0.00%"
"18/04/2013","3,773.5","3,773.5","3,797.4","3,749.6","1.64M","0.00%"
"17/04/2013","3,773.5","3,773.5","3,821.3","3,749.6","1.18M","-1.25%"
"16/04/2013","3,821.3","3,845.1","3,869.0","3,797.4","1.44M","-0.62%"
"15/04/2013","3,845.1","3,940.7","3,940.7","3,821.3","1.28M","-2.43%"
"12/04/2013","3,940.7","3,964.6","4,060.1","3,916.8","931.83K","-1.20%"
"11/04/2013","3,988.4","3,797.4","4,060.1","3,797.4","3.43M","4.37%"
"10/04/2013","3,821.3","3,821.3","3,845.1","3,797.4","578.35K","0.00%"
"09/04/2013","3,821.3","3,821.3","3,845.1","3,797.4","343.93K","-0.62%"
"08/04/2013","3,845.1","3,869.0","3,869.0","3,797.4","1.52M","-0.62%"
"05/04/2013","3,869.0","3,892.9","3,892.9","3,821.3","1.21M","0.62%"
"04/04/2013","3,845.1","3,892.9","3,892.9","3,845.1","970.42K","-1.23%"
"03/04/2013","3,892.9","3,940.7","3,940.7","3,869.0","381.04K","0.00%"
"02/04/2013","3,892.9","3,916.8","3,940.7","3,892.9","953.15K","0.00%"
"01/04/2013","3,892.9","3,869.0","3,916.8","3,869.0","866.06K","-0.61%"
"29/03/2013","3,916.8","3,940.7","3,940.7","3,869.0","691.89K","0.00%"
"28/03/2013","3,916.8","3,940.7","3,940.7","3,892.9","852.47K","0.61%"
"27/03/2013","3,892.9","3,916.8","3,940.7","3,845.1","985.85K","0.00%"
"26/03/2013","3,892.9","3,940.7","3,964.6","3,892.9","234.06K","-1.21%"
"25/03/2013","3,940.7","3,940.7","3,940.7","3,892.9","566.60K","0.00%"
"22/03/2013","3,940.7","3,940.7","3,964.6","3,916.8","1.71M","0.00%"
"21/03/2013","3,940.7","3,964.6","3,964.6","3,916.8","693.73K","-0.60%"
"20/03/2013","3,964.6","3,940.7","3,964.6","3,940.7","408.60K","0.61%"
"19/03/2013","3,940.7","3,940.7","3,964.6","3,916.8","242.51K","0.00%"
"18/03/2013","3,940.7","3,940.7","3,964.6","3,916.8","1.09M","-0.60%"
"15/03/2013","3,964.6","3,940.7","3,964.6","3,916.8","287.34K","0.61%"
"14/03/2013","3,940.7","3,916.8","3,964.6","3,916.8","497.15K","0.00%"
"13/03/2013","3,940.7","3,964.6","3,964.6","3,916.8","638.98K","-0.60%"
"12/03/2013","3,964.6","3,988.4","4,179.5","3,916.8","406.39K","0.00%"
"11/03/2013","3,964.6","3,773.5","3,964.6","3,773.5","881.86K","0.61%"
"08/03/2013","3,940.7","3,892.9","3,940.7","3,869.0","638.98K","0.61%"
"07/03/2013","3,916.8","3,892.9","3,940.7","3,892.9","874.88K","-0.61%"
"06/03/2013","3,940.7","3,845.1","3,940.7","3,821.3","465.18K","1.23%"
"05/03/2013","3,892.9","3,892.9","3,940.7","3,869.0","1.13M","-0.61%"
"04/03/2013","3,916.8","3,964.6","3,964.6","3,892.9","1.81M","-1.80%"
"01/03/2013","3,988.4","3,964.6","3,988.4","3,940.7","674.99K","1.21%"
"28/02/2013","3,940.7","3,964.6","4,012.3","3,940.7","443.87K","0.00%"
"27/02/2013","3,940.7","3,892.9","3,964.6","3,869.0","2.13M","0.61%"
"26/02/2013","3,916.8","4,012.3","4,012.3","3,892.9","4.30M","-2.38%"
"25/02/2013","4,012.3","4,012.3","4,036.2","3,964.6","1.03M","0.00%"
"22/02/2013","4,012.3","3,940.7","4,060.1","3,916.8","2.67M","1.82%"
"21/02/2013","3,940.7","4,155.6","4,155.6","3,916.8","5.33M","-5.17%"
"20/02/2013","4,155.6","4,155.6","4,179.5","4,060.1","2.92M","-1.70%"
"19/02/2013","4,227.3","4,251.1","4,251.1","4,179.5","1.62M","-0.56%"
"18/02/2013","4,251.1","4,251.1","4,298.9","4,203.4","1.72M","-0.56%"
"08/02/2013","4,275.0","4,227.3","4,275.0","4,203.4","1.43M","1.70%"
"07/02/2013","4,203.4","4,227.3","4,275.0","4,179.5","1.68M","0.00%"
"06/02/2013","4,203.4","4,155.6","4,251.1","4,155.6","1.99M","0.57%"
"05/02/2013","4,179.5","4,203.4","4,203.4","4,131.7","2.21M","-0.57%"
"04/02/2013","4,203.4","4,227.3","4,227.3","4,179.5","1.42M","-0.57%"
"01/02/2013","4,227.3","4,179.5","4,227.3","4,179.5","2.15M","0.00%"
"31/01/2013","4,227.3","4,203.4","4,275.0","4,179.5","3.16M","-1.12%"
"30/01/2013","4,275.0","4,298.9","4,298.9","4,227.3","3.03M","0.00%"
"29/01/2013","4,275.0","4,227.3","4,322.8","4,203.4","2.10M","1.13%"
"28/01/2013","4,227.3","4,227.3","4,322.8","4,179.5","4.17M","0.57%"
"25/01/2013","4,203.4","4,179.5","4,275.0","4,179.5","2.89M","1.74%"
"24/01/2013","4,131.7","4,107.8","4,155.6","4,036.2","1.23M","1.76%"
"23/01/2013","4,060.1","4,036.2","4,084.0","3,940.7","1.22M","0.00%"
"22/01/2013","4,060.1","4,179.5","4,203.4","4,012.3","2.71M","-2.86%"
"21/01/2013","4,179.5","4,251.1","4,251.1","4,155.6","1.26M","-1.68%"
"18/01/2013","4,251.1","4,275.0","4,275.0","4,155.6","2.50M","-1.11%"
"17/01/2013","4,298.9","4,346.7","4,394.4","4,275.0","3.93M","-1.10%"
"16/01/2013","4,346.7","4,346.7","4,490.0","4,322.8","4.95M","0.00%"
"15/01/2013","4,346.7","4,346.7","4,370.6","4,203.4","4.82M","1.11%"
"14/01/2013","4,298.9","4,394.4","4,394.4","4,227.3","2.26M","-1.10%"
"11/01/2013","4,346.7","4,537.7","4,537.7","4,346.7","2.96M","-0.55%"
"10/01/2013","4,370.6","4,322.8","4,370.6","4,227.3","3.24M","1.11%"
"09/01/2013","4,322.8","4,084.0","4,346.7","4,084.0","14.19M","4.63%"
"08/01/2013","4,131.7","4,084.0","4,179.5","4,036.2","8.01M","0.58%"
"07/01/2013","4,107.8","4,060.1","4,179.5","4,060.1","4.98M","0.00%"
"04/01/2013","4,107.8","4,036.2","4,107.8","3,988.4","4.30M","1.17%"
"03/01/2013","4,060.1","4,179.5","4,251.1","3,988.4","7.23M","-1.73%"
"02/01/2013","4,131.7","3,892.9","4,155.6","3,892.9","9.47M","4.85%"
"28/12/2012","3,940.7","3,892.9","3,940.7","3,845.1","2.36M","1.23%"
"27/12/2012","3,892.9","3,916.8","3,940.7","3,869.0","2.20M","0.00%"
"26/12/2012","3,892.9","3,892.9","3,916.8","3,845.1","1.28M","1.24%"
"25/12/2012","3,845.1","3,845.1","3,916.8","3,821.3","1.69M","0.00%"
"24/12/2012","3,845.1","3,845.1","3,916.8","3,821.3","975.93K","0.00%"
"21/12/2012","3,845.1","3,845.1","3,869.0","3,797.4","597.46K","-0.62%"
"20/12/2012","3,869.0","3,940.7","3,940.7","3,821.3","748.85K","-0.61%"
"19/12/2012","3,892.9","3,821.3","3,940.7","3,821.3","1.23M","1.87%"
"18/12/2012","3,821.3","3,916.8","3,916.8","3,797.4","1.31M","-2.44%"
"17/12/2012","3,916.8","3,821.3","4,012.3","3,821.3","1.42M","-2.96%"
"14/12/2012","4,036.2","3,821.3","4,060.1","3,821.3","4.80M","4.97%"
"13/12/2012","3,845.1","3,725.7","3,916.8","3,701.8","2.45M","3.87%"
"12/12/2012","3,701.8","3,534.7","3,701.8","3,534.7","869.37K","3.33%"
"11/12/2012","3,582.4","3,582.4","3,582.4","3,534.7","311.96K","0.00%"
"10/12/2012","3,582.4","3,534.7","3,582.4","3,486.9","647.80K","1.35%"
"07/12/2012","3,534.7","3,534.7","3,534.7","3,510.8","153.59K","0.00%"
"06/12/2012","3,534.7","3,558.5","3,558.5","3,486.9","390.22K","-0.67%"
"05/12/2012","3,558.5","3,510.8","3,558.5","3,510.8","581.66K","2.05%"
"04/12/2012","3,486.9","3,486.9","3,486.9","3,463.0","292.85K","0.00%"
"03/12/2012","3,486.9","3,463.0","3,486.9","3,463.0","312.33K","0.69%"
"30/11/2012","3,463.0","3,486.9","3,510.8","3,463.0","313.06K","-1.36%"
"29/11/2012","3,510.8","3,510.8","3,534.7","3,486.9","138.16K","0.00%"
"28/11/2012","3,510.8","3,486.9","3,510.8","3,463.0","278.52K","0.00%"
"27/11/2012","3,510.8","3,510.8","3,534.7","3,486.9","211.65K","0.00%"
"26/11/2012","3,510.8","3,510.8","3,534.7","3,486.9","342.82K","1.38%"
"23/11/2012","3,463.0","3,486.9","3,510.8","3,463.0","339.52K","-1.36%"
"22/11/2012","3,510.8","3,534.7","3,534.7","3,486.9","293.59K","0.00%"
"21/11/2012","3,510.8","3,510.8","3,534.7","3,486.9","249.86K","-0.68%"
"20/11/2012","3,534.7","3,510.8","3,534.7","3,486.9","204.67K","0.68%"
"19/11/2012","3,510.8","3,534.7","3,534.7","3,463.0","325.55K","-1.34%"
"16/11/2012","3,558.5","3,582.4","3,582.4","3,534.7","386.92K","-0.67%"
"15/11/2012","3,582.4","3,654.1","3,654.1","3,534.7","572.48K","-0.66%"
"14/11/2012","3,606.3","3,606.3","3,630.2","3,582.4","550.80K","0.00%"
"13/11/2012","3,606.3","3,630.2","3,654.1","3,582.4","839.97K","-0.66%"
"12/11/2012","3,630.2","3,582.4","3,630.2","3,558.5","546.39K","2.01%"
"09/11/2012","3,558.5","3,558.5","3,582.4","3,534.7","885.90K","0.67%"
"08/11/2012","3,534.7","3,463.0","3,606.3","3,463.0","312.33K","-1.33%"
"07/11/2012","3,582.4","3,510.8","3,654.1","3,486.9","445.34K","2.74%"
"06/11/2012","3,486.9","3,486.9","3,510.8","3,463.0","328.49K","0.00%"
"05/11/2012","3,486.9","3,439.1","3,486.9","3,391.4","748.85K","0.69%"
"02/11/2012","3,463.0","3,630.2","3,630.2","3,415.2","2.92M","-4.61%"
"01/11/2012","3,630.2","3,678.0","3,678.0","3,606.3","1.14M","-0.65%"
"31/10/2012","3,654.1","3,654.1","3,678.0","3,582.4","1.10M","-1.29%"
"30/10/2012","3,701.8","3,749.6","3,773.5","3,701.8","444.24K","-1.90%"
"29/10/2012","3,773.5","3,773.5","3,821.3","3,749.6","1.98M","0.00%"
"26/10/2012","3,773.5","3,701.8","3,773.5","3,654.1","2.02M","-0.63%"
"25/10/2012","3,797.4","3,749.6","3,821.3","3,749.6","3.10M","0.63%"
"24/10/2012","3,773.5","3,749.6","3,797.4","3,701.8","2.42M","0.64%"
"23/10/2012","3,749.6","3,725.7","3,749.6","3,701.8","2.56M","0.64%"
"22/10/2012","3,725.7","3,725.7","3,749.6","3,534.7","3.56M","-0.64%"
"19/10/2012","3,749.6","3,821.3","3,845.1","3,725.7","5.75M","-1.88%"
"18/10/2012","3,821.3","3,845.1","3,845.1","3,797.4","4.38M","-0.62%"
"17/10/2012","3,845.1","3,869.0","3,869.0","3,821.3","2.45M","-0.62%"
"16/10/2012","3,869.0","3,821.3","3,869.0","3,797.4","4.97M","1.25%"
"15/10/2012","3,821.3","3,845.1","3,869.0","3,797.4","5.62M","-0.62%"
"12/10/2012","3,845.1","3,869.0","3,892.9","3,845.1","1.92M","-0.62%"
"11/10/2012","3,869.0","3,821.3","3,964.6","3,797.4","8.98M","1.25%"
"10/10/2012","3,821.3","3,821.3","3,845.1","3,797.4","7.30M","0.00%"
"09/10/2012","3,821.3","3,821.3","3,845.1","3,797.4","8.94M","0.63%"
"08/10/2012","3,797.4","3,749.6","3,821.3","3,725.7","6.22M","0.63%"
"05/10/2012","3,773.5","3,773.5","3,773.5","3,725.7","2.57M","0.64%"
"04/10/2012","3,749.6","3,773.5","3,797.4","3,749.6","1.32M","-0.63%"
"03/10/2012","3,773.5","3,749.6","3,797.4","3,749.6","2.61M","0.00%"
"02/10/2012","3,773.5","3,773.5","3,845.1","3,749.6","2.49M","-0.63%"
"01/10/2012","3,797.4","3,940.7","3,940.7","3,797.4","3.99M","-3.05%"
"28/09/2012","3,916.8","3,845.1","3,988.4","3,725.7","3.24M","0.00%"
"27/09/2012","3,916.8","3,940.7","4,012.3","3,892.9","1.67M","-1.21%"
"26/09/2012","3,964.6","3,964.6","4,012.3","3,916.8","2.45M","-1.77%"
"25/09/2012","4,036.2","4,036.2","4,131.7","3,940.7","4.01M","-1.74%"
"24/09/2012","4,107.8","4,012.3","4,179.5","3,892.9","6.47M","4.88%"
"21/09/2012","3,916.8","3,678.0","3,916.8","3,678.0","8.34M","6.49%"
"20/09/2012","3,678.0","3,701.8","3,797.4","3,534.7","7.34M","-3.14%"
"19/09/2012","3,797.4","3,821.3","4,036.2","3,797.4","15.08M","-6.47%"
"18/09/2012","4,060.1","4,346.7","4,346.7","4,060.1","2.73M","-6.59%"
"17/09/2012","4,346.7","4,322.8","4,418.3","4,275.0","2.72M","0.55%"
"14/09/2012","4,322.8","4,275.0","4,418.3","4,275.0","2.68M","2.26%"
"13/09/2012","4,227.3","4,251.1","4,275.0","4,203.4","2.32M","-0.56%"
"12/09/2012","4,251.1","4,298.9","4,418.3","4,251.1","1.22M","-0.56%"
"11/09/2012","4,275.0","4,537.7","4,537.7","4,275.0","1.68M","-1.11%"
"10/09/2012","4,322.8","4,609.4","4,609.4","4,298.9","3.31M","-6.22%"
"07/09/2012","4,609.4","4,657.2","4,681.0","4,585.5","2.63M","-1.03%"
"06/09/2012","4,657.2","4,728.8","4,728.8","4,633.3","2.02M","-1.01%"
"05/09/2012","4,704.9","4,872.1","5,015.4","4,681.0","2.79M","-0.51%"
"04/09/2012","4,728.8","4,728.8","4,776.6","4,704.9","1.92M","0.00%"
"31/08/2012","4,728.8","4,776.6","4,776.6","4,704.9","2.07M","-1.00%"
"30/08/2012","4,776.6","4,896.0","4,896.0","4,728.8","1.59M","0.00%"
"29/08/2012","4,776.6","4,418.3","4,800.5","4,418.3","2.70M","5.26%"
"28/08/2012","4,537.7","4,657.2","4,776.6","4,490.0","2.78M","-5.94%"
"27/08/2012","4,824.3","5,206.5","5,254.2","4,824.3","3.40M","-7.34%"
"24/08/2012","5,206.5","4,681.0","5,349.8","4,681.0","6.00M","3.81%"
"23/08/2012","5,015.4","5,015.4","5,039.3","5,015.4","957.56K","-6.67%"
"22/08/2012","5,373.6","5,373.6","5,373.6","5,373.6","2.53M","-6.64%"
"21/08/2012","5,755.8","6,137.9","6,137.9","5,755.8","3.32M","-6.95%"
"20/08/2012","6,185.7","6,161.8","6,185.7","6,137.9","320.04K","0.39%"
"17/08/2012","6,161.8","6,137.9","6,161.8","6,137.9","712.84K","0.39%"
"16/08/2012","6,137.9","6,137.9","6,161.8","6,137.9","260.88K","-0.39%"
"15/08/2012","6,161.8","6,114.0","6,161.8","6,114.0","329.96K","0.00%"
"14/08/2012","6,161.8","6,137.9","6,161.8","6,114.0","566.96K","0.39%"
"13/08/2012","6,137.9","6,114.0","6,161.8","6,114.0","469.59K","0.00%"
"10/08/2012","6,137.9","6,137.9","6,137.9","6,114.0","239.94K","-0.39%"
"09/08/2012","6,161.8","6,137.9","6,161.8","6,114.0","157.27K","0.39%"
"08/08/2012","6,137.9","6,114.0","6,137.9","6,114.0","555.21K","0.39%"
"07/08/2012","6,114.0","6,161.8","6,161.8","6,114.0","465.92K","-0.78%"
"06/08/2012","6,161.8","6,114.0","6,161.8","6,114.0","817.93K","0.39%"
"03/08/2012","6,137.9","6,137.9","6,137.9","6,114.0","212.38K","0.00%"
"02/08/2012","6,137.9","6,137.9","6,161.8","6,114.0","1.08M","0.00%"
"01/08/2012","6,137.9","6,114.0","6,161.8","6,114.0","902.81K","0.00%"
"31/07/2012","6,137.9","6,137.9","6,161.8","6,114.0","293.22K","-0.39%"
"30/07/2012","6,161.8","6,137.9","6,161.8","6,114.0","306.81K","0.39%"
"27/07/2012","6,137.9","6,137.9","6,161.8","6,114.0","1.07M","0.00%"
"26/07/2012","6,137.9","6,114.0","6,137.9","6,114.0","2.65M","0.00%"
"25/07/2012","6,137.9","6,114.0","6,137.9","6,114.0","328.49K","0.39%"
"24/07/2012","6,114.0","6,114.0","6,137.9","6,114.0","316.74K","-0.39%"
"23/07/2012","6,137.9","6,137.9","6,161.8","6,114.0","652.95K","0.00%"
"20/07/2012","6,137.9","6,114.0","6,161.8","6,114.0","425.87K","-0.39%"
"19/07/2012","6,161.8","6,161.8","6,161.8","6,114.0","257.21K","0.00%"
"18/07/2012","6,161.8","6,137.9","6,161.8","6,114.0","90.76K","0.00%"
"17/07/2012","6,161.8","6,114.0","6,161.8","6,090.1","352.01K","0.78%"
"16/07/2012","6,114.0","6,090.1","6,114.0","6,090.1","352.38K","0.39%"
"13/07/2012","6,090.1","6,090.1","6,114.0","6,090.1","1.44M","0.00%"
"12/07/2012","6,090.1","6,114.0","6,114.0","6,090.1","1.56M","-0.39%"
"11/07/2012","6,114.0","6,090.1","6,137.9","6,090.1","1.34M","0.39%"
"10/07/2012","6,090.1","6,114.0","6,137.9","6,090.1","3.20M","-0.39%"
"09/07/2012","6,114.0","6,161.8","6,161.8","6,090.1","4.17M","-0.39%"
"06/07/2012","6,137.9","6,114.0","6,161.8","6,114.0","635.31K","0.00%"
"05/07/2012","6,137.9","6,114.0","6,137.9","6,114.0","828.58K","0.39%"
"04/07/2012","6,114.0","6,114.0","6,137.9","6,114.0","920.44K","0.00%"
"03/07/2012","6,114.0","6,114.0","6,137.9","6,114.0","2.76M","0.00%"
"02/07/2012","6,114.0","6,161.8","6,161.8","6,114.0","518.09K","-0.39%"
"29/06/2012","6,137.9","6,161.8","6,161.8","6,114.0","4.35M","0.00%"
"28/06/2012","6,137.9","6,114.0","6,161.8","6,114.0","2.29M","0.00%"
"27/06/2012","6,137.9","6,137.9","6,161.8","6,114.0","2.06M","0.00%"
"26/06/2012","6,137.9","6,161.8","6,161.8","6,090.1","2.67M","0.39%"
"25/06/2012","6,114.0","6,161.8","6,161.8","6,114.0","1.04M","-0.39%"
"22/06/2012","6,137.9","6,161.8","6,161.8","6,137.9","2.09M","-0.39%"
"21/06/2012","6,161.8","6,137.9","6,185.7","6,137.9","2.61M","0.00%"
"20/06/2012","6,161.8","6,185.7","6,185.7","6,137.9","1.25M","0.00%"
"19/06/2012","6,161.8","6,161.8","6,185.7","6,137.9","1.48M","0.00%"
"18/06/2012","6,161.8","6,114.0","6,185.7","6,114.0","474.00K","0.78%"
"15/06/2012","6,114.0","6,114.0","6,137.9","6,114.0","663.60K","0.00%"
"14/06/2012","6,114.0","6,137.9","6,161.8","6,114.0","1.08M","-0.78%"
"13/06/2012","6,161.8","6,114.0","6,161.8","6,114.0","1.06M","0.39%"
"12/06/2012","6,137.9","6,161.8","6,161.8","6,114.0","773.47K","-0.39%"
"11/06/2012","6,161.8","5,970.7","6,161.8","5,970.7","612.89K","0.78%"
"08/06/2012","6,114.0","6,185.7","6,209.5","6,114.0","463.35K","-1.16%"
"07/06/2012","6,185.7","6,114.0","6,185.7","6,114.0","198.05K","0.39%"
"06/06/2012","6,161.8","6,137.9","6,185.7","6,137.9","339.52K","0.39%"
"05/06/2012","6,137.9","6,114.0","6,161.8","6,114.0","930.00K","0.39%"
"04/06/2012","6,114.0","6,137.9","6,161.8","6,090.1","1.56M","-0.78%"
"01/06/2012","6,161.8","6,137.9","6,161.8","6,137.9","299.10K","0.39%"
"31/05/2012","6,137.9","6,137.9","6,161.8","6,114.0","1.62M","-0.77%"
"30/05/2012","6,185.7","6,161.8","6,185.7","6,137.9","207.61K","0.39%"
"29/05/2012","6,161.8","6,114.0","6,185.7","6,114.0","857.24K","0.00%"
"28/05/2012","6,161.8","6,185.7","6,209.5","6,137.9","632.74K","-0.39%"
"25/05/2012","6,185.7","6,090.1","6,185.7","6,090.1","747.75K","1.17%"
"24/05/2012","6,114.0","6,114.0","6,137.9","6,090.1","2.24M","0.00%"
"23/05/2012","6,114.0","6,114.0","6,137.9","6,090.1","2.04M","0.00%"
"22/05/2012","6,114.0","6,114.0","6,209.5","5,755.8","890.68K","-1.16%"
"21/05/2012","6,185.7","6,018.5","6,185.7","6,018.5","899.87K","2.37%"
"18/05/2012","6,042.4","6,114.0","6,114.0","5,970.7","3.86M","-1.56%"
"17/05/2012","6,137.9","6,114.0","6,161.8","6,114.0","2.42M","0.39%"
"16/05/2012","6,114.0","6,114.0","6,161.8","6,090.1","3.03M","0.00%"
"15/05/2012","6,114.0","6,114.0","6,161.8","6,066.2","3.22M","0.00%"
"14/05/2012","6,114.0","6,161.8","6,281.2","6,090.1","3.73M","0.00%"
"11/05/2012","6,114.0","6,161.8","6,209.5","6,090.1","1.28M","-1.16%"
"10/05/2012","6,185.7","6,185.7","6,281.2","6,137.9","2.14M","0.00%"
"09/05/2012","6,185.7","6,161.8","6,257.3","6,090.1","1.19M","0.00%"
"08/05/2012","6,185.7","6,137.9","6,352.8","6,137.9","3.15M","0.39%"
"07/05/2012","6,161.8","6,114.0","6,161.8","6,090.1","1.08M","1.18%"
"04/05/2012","6,090.1","6,042.4","6,114.0","6,042.4","1.16M","0.39%"
"03/05/2012","6,066.2","6,018.5","6,114.0","6,018.5","1.72M","0.00%"
"02/05/2012","6,066.2","6,090.1","6,137.9","6,042.4","969.68K","-1.17%"
"27/04/2012","6,137.9","6,090.1","6,161.8","6,066.2","988.05K","0.39%"
"26/04/2012","6,114.0","6,209.5","6,209.5","6,018.5","1.13M","-0.78%"
"25/04/2012","6,161.8","6,185.7","6,257.3","6,137.9","667.28K","0.00%"
"24/04/2012","6,161.8","6,137.9","6,161.8","6,090.1","561.82K","0.00%"
"23/04/2012","6,161.8","6,472.2","6,472.2","6,018.5","1.31M","1.18%"
"20/04/2012","6,090.1","6,066.2","6,090.1","6,018.5","2.42M","0.39%"
"19/04/2012","6,066.2","6,161.8","6,161.8","6,042.4","3.17M","-1.55%"
"18/04/2012","6,161.8","6,233.4","6,305.1","6,137.9","4.07M","-1.53%"
"17/04/2012","6,257.3","6,257.3","6,352.8","6,209.5","2.79M","-0.38%"
"16/04/2012","6,281.2","6,209.5","6,352.8","6,161.8","2.13M","0.00%"
"13/04/2012","6,281.2","6,329.0","6,329.0","6,161.8","2.64M","0.00%"
"12/04/2012","6,281.2","6,137.9","6,376.7","6,114.0","7.96M","2.73%"
"11/04/2012","6,114.0","6,018.5","6,161.8","6,018.5","2.73M","1.59%"
"10/04/2012","6,018.5","6,090.1","6,090.1","5,970.7","1.89M","-0.79%"
"09/04/2012","6,066.2","6,066.2","6,090.1","6,042.4","2.48M","0.39%"
"06/04/2012","6,042.4","6,066.2","6,090.1","6,018.5","3.48M","0.40%"
"05/04/2012","6,018.5","5,946.8","6,042.4","5,899.1","1.57M","1.61%"
"04/04/2012","5,922.9","6,042.4","6,042.4","5,899.1","1.14M","-0.80%"
"03/04/2012","5,970.7","5,899.1","5,994.6","5,875.2","1.18M","1.63%"
"30/03/2012","5,875.2","5,875.2","5,922.9","5,851.3","2.88M","0.00%"
"29/03/2012","5,875.2","6,018.5","6,018.5","5,755.8","4.05M","-1.99%"
"28/03/2012","5,994.6","5,946.8","6,018.5","5,875.2","4.27M","0.40%"
"27/03/2012","5,970.7","6,161.8","6,161.8","5,970.7","4.84M","-3.10%"
"26/03/2012","6,161.8","6,233.4","6,257.3","6,137.9","4.51M","0.78%"
"23/03/2012","6,114.0","6,114.0","6,185.7","6,066.2","5.15M","-0.78%"
"22/03/2012","6,161.8","6,209.5","6,209.5","6,066.2","2.13M","0.00%"
"21/03/2012","6,161.8","6,114.0","6,233.4","6,042.4","5.91M","0.39%"
"20/03/2012","6,137.9","6,090.1","6,209.5","6,018.5","3.17M","2.39%"
"19/03/2012","5,994.6","6,090.1","6,137.9","5,922.9","2.24M","-0.79%"
"16/03/2012","6,042.4","6,305.1","6,305.1","6,018.5","3.00M","0.80%"
"15/03/2012","5,994.6","5,875.2","6,066.2","5,779.6","2.91M","2.45%"
"14/03/2012","5,851.3","5,970.7","5,994.6","5,779.6","1.81M","-0.41%"
"13/03/2012","5,875.2","5,731.9","5,946.8","5,731.9","1.71M","3.36%"
"12/03/2012","5,684.1","5,875.2","5,875.2","5,684.1","3.11M","-3.25%"
"09/03/2012","5,875.2","5,851.3","6,042.4","5,684.1","4.77M","-0.41%"
"08/03/2012","5,899.1","5,875.2","6,185.7","5,851.3","5.70M","-5.36%"
"07/03/2012","6,233.4","6,448.4","6,448.4","6,233.4","5.40M","-3.33%"
"06/03/2012","6,448.4","6,687.2","7,093.2","6,424.5","7.02M","-2.88%"
"05/03/2012","6,639.4","6,305.1","6,639.4","6,305.1","8.16M","6.51%"
"02/03/2012","6,233.4","5,970.7","6,233.4","5,970.7","9.84M","5.24%"
"01/03/2012","5,922.9","5,612.5","5,922.9","5,612.5","7.08M","5.53%"
"29/02/2012","5,612.5","5,493.1","5,636.3","5,493.1","2.46M","2.17%"
"28/02/2012","5,493.1","5,684.1","5,684.1","5,469.2","3.06M","-2.54%"
"27/02/2012","5,636.3","5,493.1","5,636.3","5,469.2","2.45M","3.06%"
"24/02/2012","5,469.2","5,493.1","5,588.6","5,469.2","3.66M","-1.72%"
"23/02/2012","5,564.7","5,516.9","5,564.7","5,397.5","2.83M","0.43%"
"22/02/2012","5,540.8","5,421.4","5,564.7","5,325.9","2.12M","2.65%"
"21/02/2012","5,397.5","5,612.5","5,708.0","5,349.8","1.72M","-1.31%"
"20/02/2012","5,469.2","5,158.7","5,469.2","5,158.7","3.12M","6.02%"
"17/02/2012","5,158.7","5,087.0","5,158.7","5,087.0","1.99M","1.41%"
"16/02/2012","5,087.0","5,063.2","5,110.9","5,015.4","1.86M","1.43%"
"15/02/2012","5,015.4","5,206.5","5,254.2","4,991.5","1.56M","-3.67%"
"14/02/2012","5,206.5","5,302.0","5,349.8","5,158.7","1.83M","-1.80%"
"13/02/2012","5,302.0","5,564.7","5,564.7","5,302.0","1.64M","-4.31%"
"10/02/2012","5,540.8","5,636.3","5,708.0","5,493.1","1.45M","-0.86%"
"09/02/2012","5,588.6","5,397.5","5,779.6","5,373.6","4.24M","2.18%"
"08/02/2012","5,469.2","5,254.2","5,493.1","5,254.2","1.88M","2.23%"
"07/02/2012","5,349.8","5,134.8","5,373.6","5,134.8","2.23M","4.67%"
"06/02/2012","5,110.9","5,134.8","5,134.8","5,087.0","506.70K","0.00%"
"03/02/2012","5,110.9","5,254.2","5,254.2","4,896.0","794.78K","-1.84%"
"02/02/2012","5,206.5","5,015.4","5,254.2","5,015.4","935.51K","3.32%"
"01/02/2012","5,039.3","5,087.0","5,087.0","4,967.6","567.33K","-0.47%"
"31/01/2012","5,063.2","4,991.5","5,087.0","4,967.6","768.32K","1.92%"
"30/01/2012","4,967.6","5,110.9","5,110.9","4,919.9","337.68K","1.46%"
"20/01/2012","4,896.0","4,896.0","4,967.6","4,872.1","475.84K","0.49%"
"19/01/2012","4,872.1","4,824.3","4,896.0","4,824.3","505.23K","1.49%"
"18/01/2012","4,800.5","4,752.7","4,800.5","4,752.7","318.21K","0.50%"
"17/01/2012","4,776.6","4,657.2","4,776.6","4,657.2","791.10K","1.01%"
"16/01/2012","4,728.8","4,657.2","4,752.7","4,657.2","529.12K","1.02%"
"13/01/2012","4,681.0","4,657.2","4,704.9","4,633.3","305.71K","0.51%"
"12/01/2012","4,657.2","4,657.2","4,681.0","4,633.3","284.40K","0.00%"
"11/01/2012","4,657.2","4,657.2","4,704.9","4,633.3","583.87K","-0.51%"
"10/01/2012","4,681.0","4,633.3","4,704.9","4,633.3","173.80K","0.51%"
"09/01/2012","4,657.2","4,657.2","4,657.2","4,609.4","451.95K","-0.51%"
"06/01/2012","4,681.0","4,752.7","4,752.7","4,633.3","856.51K","-0.51%"
"05/01/2012","4,704.9","4,657.2","4,919.9","4,633.3","1.26M","2.07%"
"04/01/2012","4,609.4","4,537.7","4,609.4","4,537.7","823.81K","1.58%"
"03/01/2012","4,537.7","4,776.6","4,776.6","4,537.7","99.94K","-3.55%"
"30/12/2011","4,704.9","4,661.6","4,704.9","4,639.9","5.50M","0.93%"
"29/12/2011","4,661.6","4,683.2","4,704.9","4,661.6","2.63M","-0.46%"
"28/12/2011","4,683.2","4,639.9","4,726.6","4,639.9","3.89M","0.93%"
"27/12/2011","4,639.9","4,336.3","4,661.6","4,336.3","2.15M","0.00%"
"26/12/2011","4,639.9","4,596.5","4,639.9","4,596.5","1.70M","0.94%"
"23/12/2011","4,596.5","4,596.5","4,661.6","4,574.8","786.69K","0.47%"
"22/12/2011","4,574.8","4,639.9","4,639.9","4,574.8","2.02M","-1.40%"
"21/12/2011","4,639.9","4,661.6","4,661.6","4,596.5","1.94M","-0.47%"
"20/12/2011","4,661.6","4,661.6","4,661.6","4,596.5","1.02M","1.42%"
"19/12/2011","4,596.5","4,553.1","4,618.2","4,423.1","610.69K","3.92%"
"16/12/2011","4,423.1","4,379.7","4,423.1","4,379.7","405.29K","0.99%"
"15/12/2011","4,379.7","4,401.4","4,401.4","4,314.6","965.64K","-0.98%"
"14/12/2011","4,423.1","4,444.7","4,466.4","4,401.4","1.54M","-0.49%"
"13/12/2011","4,444.7","4,444.7","4,466.4","4,444.7","614.00K","0.00%"
"12/12/2011","4,444.7","4,444.7","4,466.4","4,444.7","457.47K","-0.49%"
"09/12/2011","4,466.4","4,444.7","4,466.4","4,423.1","1.17M","0.00%"
"08/12/2011","4,466.4","4,379.7","4,466.4","4,379.7","765.38K","1.48%"
"07/12/2011","4,401.4","4,314.6","4,401.4","4,314.6","740.03K","1.50%"
"06/12/2011","4,336.3","4,336.3","4,358.0","4,314.6","1.74M","0.00%"
"05/12/2011","4,336.3","4,314.6","4,336.3","4,293.0","408.60K","1.52%"
"02/12/2011","4,271.3","4,293.0","4,293.0","4,249.6","346.50K","0.00%"
"01/12/2011","4,271.3","4,249.6","4,314.6","4,249.6","531.32K","0.00%"
"30/11/2011","4,271.3","4,293.0","4,314.6","4,249.6","489.43K","-1.00%"
"29/11/2011","4,314.6","4,336.3","4,336.3","4,293.0","478.41K","-0.50%"
"28/11/2011","4,336.3","4,336.3","4,358.0","4,314.6","630.53K","0.00%"
"25/11/2011","4,336.3","4,336.3","4,336.3","4,314.6","471.43K","0.00%"
"24/11/2011","4,336.3","4,358.0","4,358.0","4,336.3","831.89K","-0.50%"
"23/11/2011","4,358.0","4,379.7","4,379.7","4,336.3","887.37K","-0.50%"
"22/11/2011","4,379.7","4,358.0","4,401.4","4,358.0","1.19M","0.00%"
"21/11/2011","4,379.7","4,379.7","4,379.7","4,358.0","935.88K","0.00%"
"18/11/2011","4,379.7","4,379.7","4,444.7","4,358.0","1.04M","0.00%"
"17/11/2011","4,379.7","4,379.7","4,401.4","4,358.0","3.91M","-0.49%"
"16/11/2011","4,401.4","4,336.3","4,401.4","4,336.3","1.66M","0.50%"
"15/11/2011","4,379.7","4,336.3","4,379.7","4,336.3","2.67M","1.51%"
"14/11/2011","4,314.6","4,336.3","4,336.3","4,314.6","931.47K","-1.00%"
"11/11/2011","4,358.0","4,358.0","4,379.7","4,336.3","2.44M","0.00%"
"10/11/2011","4,358.0","4,336.3","4,358.0","4,314.6","1.31M","0.00%"
"09/11/2011","4,358.0","4,358.0","4,379.7","4,293.0","4.49M","1.01%"
"08/11/2011","4,314.6","4,358.0","4,401.4","4,293.0","1.81M","-0.50%"
"07/11/2011","4,336.3","4,444.7","4,444.7","4,336.3","2.22M","-1.48%"
"04/11/2011","4,401.4","4,466.4","4,488.1","4,379.7","1.08M","-0.97%"
"03/11/2011","4,444.7","4,574.8","4,661.6","4,423.1","2.54M","-3.30%"
"02/11/2011","4,596.5","4,618.2","4,618.2","4,574.8","2.60M","-0.47%"
"01/11/2011","4,618.2","4,661.6","4,661.6","4,618.2","921.91K","-1.39%"
"31/10/2011","4,683.2","4,683.2","4,726.6","4,639.9","471.06K","0.00%"
"28/10/2011","4,683.2","4,639.9","4,704.9","4,639.9","636.78K","0.93%"
"27/10/2011","4,639.9","4,639.9","4,639.9","4,618.2","329.60K","0.00%"
"26/10/2011","4,639.9","4,639.9","4,639.9","4,618.2","422.93K","0.47%"
"25/10/2011","4,618.2","4,618.2","4,661.6","4,618.2","1.76M","0.00%"
"24/10/2011","4,618.2","4,639.9","4,639.9","4,618.2","1.51M","-0.93%"
"21/10/2011","4,661.6","4,596.5","4,661.6","4,596.5","2.15M","0.94%"
"20/10/2011","4,618.2","4,639.9","4,639.9","4,596.5","901.34K","0.00%"
"19/10/2011","4,618.2","4,596.5","4,618.2","4,596.5","615.83K","0.00%"
"18/10/2011","4,618.2","4,618.2","4,639.9","4,618.2","756.20K","-0.47%"
"17/10/2011","4,639.9","4,661.6","4,661.6","4,618.2","579.46K","-0.47%"
"14/10/2011","4,661.6","4,683.2","4,748.3","4,639.9","4.90M","0.00%"
"13/10/2011","4,661.6","4,748.3","4,748.3","4,661.6","3.21M","-1.83%"
"12/10/2011","4,748.3","4,770.0","4,770.0","4,726.6","4.30M","-0.90%"
"11/10/2011","4,791.6","4,748.3","4,813.3","4,748.3","376.26K","1.38%"
"10/10/2011","4,726.6","4,813.3","4,813.3","4,726.6","213.48K","-1.80%"
"07/10/2011","4,813.3","4,704.9","4,921.7","4,704.9","1.02M","1.83%"
"06/10/2011","4,726.6","4,683.2","4,726.6","4,683.2","202.83K","0.93%"
"05/10/2011","4,683.2","4,704.9","4,704.9","4,683.2","384.35K","-0.46%"
"04/10/2011","4,704.9","4,683.2","4,704.9","4,683.2","1.40M","0.00%"
"03/10/2011","4,704.9","4,661.6","4,704.9","4,661.6","807.27K","0.46%"
"30/09/2011","4,683.2","4,683.2","4,683.2","4,639.9","1.32M","0.46%"
"29/09/2011","4,661.6","4,661.6","4,683.2","4,618.2","1.82M","-0.46%"
"28/09/2011","4,683.2","4,661.6","4,748.3","4,661.6","1.61M","0.46%"
"27/09/2011","4,661.6","4,661.6","4,726.6","4,618.2","771.63K","0.94%"
"26/09/2011","4,618.2","4,661.6","4,683.2","4,618.2","705.49K","-0.93%"
"23/09/2011","4,661.6","4,683.2","4,704.9","4,661.6","637.15K","-0.92%"
"22/09/2011","4,704.9","4,683.2","4,704.9","4,661.6","575.05K","0.46%"
"21/09/2011","4,683.2","4,661.6","4,704.9","4,639.9","508.91K","0.46%"
"20/09/2011","4,661.6","4,726.6","4,726.6","4,639.9","527.28K","-0.92%"
"19/09/2011","4,704.9","4,683.2","4,726.6","4,639.9","566.96K","0.93%"
"16/09/2011","4,661.6","4,770.0","4,878.4","4,661.6","655.15K","-1.83%"
"15/09/2011","4,748.3","4,770.0","4,813.3","4,704.9","1.09M","-1.79%"
"14/09/2011","4,835.0","4,900.1","4,965.1","4,770.0","784.49K","-1.76%"
"13/09/2011","4,921.7","4,921.7","4,986.8","4,900.1","942.49K","0.00%"
"12/09/2011","4,921.7","4,900.1","4,943.4","4,856.7","864.96K","0.00%"
"09/09/2011","4,921.7","4,986.8","4,986.8","4,900.1","1.42M","-2.58%"
"08/09/2011","5,051.8","5,203.6","5,225.3","4,986.8","2.40M","-1.69%"
"07/09/2011","5,138.6","4,986.8","5,203.6","4,900.1","1.24M","4.87%"
"06/09/2011","4,900.1","4,986.8","5,008.5","4,835.0","1.13M","-3.42%"
"05/09/2011","5,073.5","5,160.2","5,160.2","5,030.1","3.59M","3.54%"
"01/09/2011","4,900.1","4,618.2","4,900.1","4,618.2","2.55M","6.10%"
"31/08/2011","4,618.2","4,661.6","4,683.2","4,574.8","997.97K","0.47%"
"30/08/2011","4,596.5","4,553.1","4,726.6","4,553.1","971.89K","0.95%"
"29/08/2011","4,553.1","4,509.8","4,553.1","4,509.8","616.20K","0.48%"
"26/08/2011","4,531.5","4,531.5","4,531.5","4,509.8","403.45K","-0.47%"
"25/08/2011","4,553.1","4,509.8","4,553.1","4,509.8","725.70K","0.00%"
"24/08/2011","4,553.1","4,249.6","4,553.1","4,249.6","408.60K","0.00%"
"23/08/2011","4,553.1","4,553.1","4,553.1","4,531.5","1.46M","0.00%"
"22/08/2011","4,553.1","4,509.8","4,553.1","4,509.8","1.42M","0.96%"
"19/08/2011","4,509.8","4,531.5","4,531.5","4,509.8","885.17K","-0.95%"
"18/08/2011","4,553.1","4,509.8","4,553.1","4,509.8","969.31K","0.96%"
"17/08/2011","4,509.8","4,509.8","4,531.5","4,488.1","979.24K","0.00%"
"16/08/2011","4,509.8","4,509.8","4,509.8","4,488.1","1.41M","0.00%"
"15/08/2011","4,509.8","4,509.8","4,509.8","4,488.1","869.74K","0.00%"
"12/08/2011","4,509.8","4,466.4","4,509.8","4,466.4","889.21K","0.48%"
"11/08/2011","4,488.1","4,488.1","4,509.8","4,466.4","1.69M","-0.48%"
"10/08/2011","4,509.8","4,488.1","4,509.8","4,488.1","1.09M","0.48%"
"09/08/2011","4,488.1","4,509.8","4,509.8","4,488.1","1.89M","-0.48%"
"08/08/2011","4,509.8","4,509.8","4,531.5","4,488.1","1.04M","-0.48%"
"05/08/2011","4,531.5","4,509.8","4,553.1","4,509.8","1.26M","-0.47%"
"04/08/2011","4,553.1","4,553.1","4,553.1","4,488.1","780.82K","0.96%"
"03/08/2011","4,509.8","4,488.1","4,531.5","4,488.1","515.52K","0.00%"
"02/08/2011","4,509.8","4,488.1","4,509.8","4,466.4","2.90M","0.00%"
"01/08/2011","4,509.8","4,509.8","4,509.8","4,488.1","829.69K","-0.95%"
"29/07/2011","4,553.1","4,488.1","4,553.1","4,444.7","2.20M","0.48%"
"28/07/2011","4,531.5","4,531.5","4,531.5","4,509.8","1.32M","-0.47%"
"27/07/2011","4,553.1","4,509.8","4,553.1","4,509.8","1.28M","0.00%"
"26/07/2011","4,553.1","4,531.5","4,553.1","4,509.8","1.51M","0.48%"
"25/07/2011","4,531.5","4,553.1","4,596.5","4,531.5","3.11M","-0.47%"
"22/07/2011","4,553.1","4,574.8","4,574.8","4,553.1","447.55K","0.00%"
"21/07/2011","4,553.1","4,553.1","4,704.9","4,531.5","1.58M","0.48%"
"20/07/2011","4,531.5","4,531.5","4,553.1","4,509.8","1.41M","-0.47%"
"19/07/2011","4,553.1","4,531.5","4,553.1","4,531.5","1.73M","0.48%"
"18/07/2011","4,531.5","4,553.1","4,553.1","4,531.5","621.71K","-0.47%"
"15/07/2011","4,553.1","4,531.5","4,553.1","4,509.8","1.69M","0.48%"
"14/07/2011","4,531.5","4,553.1","4,553.1","4,531.5","1.50M","0.00%"
"13/07/2011","4,531.5","4,509.8","4,553.1","4,509.8","979.60K","-0.47%"
"12/07/2011","4,553.1","4,553.1","4,553.1","4,531.5","580.19K","0.48%"
"11/07/2011","4,531.5","4,531.5","4,553.1","4,531.5","770.53K","-0.47%"
"08/07/2011","4,553.1","4,531.5","4,553.1","4,531.5","374.42K","0.48%"
"07/07/2011","4,531.5","4,531.5","4,553.1","4,531.5","521.03K","-0.47%"
"06/07/2011","4,553.1","4,531.5","4,553.1","4,531.5","359.73K","0.48%"
"05/07/2011","4,531.5","4,553.1","4,553.1","4,531.5","453.79K","0.00%"
"04/07/2011","4,531.5","4,509.8","4,553.1","4,509.8","682.34K","0.48%"
"01/07/2011","4,509.8","4,509.8","4,553.1","4,488.1","1.53M","-0.48%"
"30/06/2011","4,531.5","4,488.1","4,531.5","4,488.1","1.18M","0.48%"
"29/06/2011","4,509.8","4,509.8","4,531.5","4,509.8","733.78K","0.00%"
"28/06/2011","4,509.8","4,509.8","4,509.8","4,488.1","911.63K","0.00%"
"27/06/2011","4,509.8","4,509.8","4,509.8","4,488.1","2.06M","0.00%"
"24/06/2011","4,509.8","4,509.8","4,509.8","4,488.1","1.45M","0.00%"
"23/06/2011","4,509.8","4,509.8","4,531.5","4,488.1","3.55M","-0.48%"
"22/06/2011","4,531.5","4,531.5","4,553.1","4,509.8","1.23M","-0.47%"
"21/06/2011","4,553.1","4,531.5","4,553.1","4,509.8","1.29M","0.48%"
"20/06/2011","4,531.5","4,509.8","4,531.5","4,488.1","2.30M","0.00%"
"17/06/2011","4,531.5","4,531.5","4,531.5","4,488.1","1.85M","0.00%"
"16/06/2011","4,531.5","4,509.8","4,553.1","4,509.8","1.64M","0.97%"
"15/06/2011","4,488.1","4,531.5","4,531.5","4,488.1","1.98M","-0.48%"
"14/06/2011","4,509.8","4,509.8","4,596.5","4,488.1","2.29M","0.00%"
"13/06/2011","4,509.8","4,531.5","4,553.1","4,488.1","1.55M","0.00%"
"10/06/2011","4,509.8","4,444.7","4,574.8","4,444.7","997.61K","0.48%"
"09/06/2011","4,488.1","4,509.8","4,531.5","4,466.4","711.00K","0.00%"
"08/06/2011","4,488.1","4,531.5","4,574.8","4,488.1","795.88K","-1.43%"
"07/06/2011","4,553.1","4,509.8","4,574.8","4,488.1","1.81M","1.94%"
"06/06/2011","4,466.4","4,553.1","4,553.1","4,444.7","711.37K","-0.96%"
"03/06/2011","4,509.8","4,683.2","4,770.0","4,488.1","1.40M","-2.35%"
"02/06/2011","4,618.2","4,553.1","4,618.2","4,488.1","1.25M","1.91%"
"01/06/2011","4,531.5","4,401.4","4,531.5","4,401.4","1.70M","1.46%"
"31/05/2011","4,466.4","4,466.4","4,531.5","4,423.1","1.29M","0.98%"
"30/05/2011","4,423.1","4,423.1","4,509.8","4,423.1","1.59M","-0.49%"
"27/05/2011","4,444.7","4,553.1","4,553.1","4,358.0","1.27M","-2.38%"
"26/05/2011","4,553.1","4,423.1","4,553.1","4,162.9","1.52M","2.94%"
"25/05/2011","4,423.1","4,574.8","4,574.8","4,336.3","2.44M","-3.77%"
"24/05/2011","4,596.5","4,661.6","4,661.6","4,553.1","2.98M","-1.40%"
"23/05/2011","4,661.6","4,704.9","4,726.6","4,618.2","1.92M","-0.46%"
"20/05/2011","4,683.2","4,726.6","4,726.6","4,683.2","1.93M","-1.37%"
"19/05/2011","4,748.3","4,748.3","4,770.0","4,704.9","1.84M","0.00%"
"18/05/2011","4,748.3","4,748.3","4,770.0","4,748.3","1.11M","0.00%"
"17/05/2011","4,748.3","4,770.0","4,878.4","4,748.3","311.59K","-0.45%"
"16/05/2011","4,770.0","4,748.3","4,856.7","4,748.3","786.69K","0.00%"
"13/05/2011","4,770.0","4,748.3","4,770.0","4,748.3","1.64M","0.46%"
"12/05/2011","4,748.3","4,748.3","4,770.0","4,748.3","373.69K","-0.45%"
"11/05/2011","4,770.0","4,748.3","4,770.0","4,726.6","830.05K","0.92%"
"10/05/2011","4,726.6","4,748.3","4,748.3","4,726.6","312.33K","-0.46%"
"09/05/2011","4,748.3","4,748.3","4,748.3","4,726.6","1.06M","0.00%"
"06/05/2011","4,748.3","4,704.9","4,748.3","4,704.9","577.62K","0.46%"
"05/05/2011","4,726.6","4,704.9","4,726.6","4,704.9","492.74K","0.46%"
"04/05/2011","4,704.9","4,748.3","4,748.3","4,683.2","480.25K","0.00%"
"29/04/2011","4,704.9","4,683.2","4,726.6","4,683.2","1.61M","0.00%"
"28/04/2011","4,704.9","4,726.6","4,726.6","4,661.6","944.70K","-0.46%"
"27/04/2011","4,726.6","4,748.3","4,748.3","4,726.6","2.43M","0.00%"
"26/04/2011","4,726.6","4,770.0","4,770.0","4,704.9","1.17M","0.00%"
"25/04/2011","4,726.6","4,813.3","4,813.3","4,726.6","1.83M","-1.80%"
"22/04/2011","4,813.3","4,770.0","4,856.7","4,770.0","1.23M","-0.45%"
"21/04/2011","4,835.0","4,986.8","4,986.8","4,813.3","887.01K","-0.45%"
"20/04/2011","4,856.7","4,835.7","4,940.8","4,835.7","1.34M","0.00%"
"19/04/2011","4,856.7","4,835.7","4,856.7","4,835.7","575.05K","0.43%"
"18/04/2011","4,835.7","4,856.7","4,856.7","4,814.6","3.25M","0.00%"
"15/04/2011","4,835.7","4,856.7","5,003.9","4,835.7","583.87K","0.00%"
"14/04/2011","4,835.7","4,814.6","4,856.7","4,814.6","1.63M","0.44%"
"13/04/2011","4,814.6","4,814.6","4,856.7","4,814.6","950.94K","-0.44%"
"08/04/2011","4,835.7","4,814.6","4,835.7","4,814.6","1.25M","0.00%"
"07/04/2011","4,835.7","4,835.7","4,856.7","4,814.6","1.56M","-0.43%"
"06/04/2011","4,856.7","4,835.7","4,856.7","4,814.6","804.33K","0.87%"
"05/04/2011","4,814.6","4,793.6","4,835.7","4,793.6","1.90M","0.00%"
"04/04/2011","4,814.6","4,814.6","4,856.7","4,814.6","2.97M","-0.44%"
"01/04/2011","4,835.7","4,814.6","4,835.7","4,793.6","1.60M","0.44%"
"31/03/2011","4,814.6","4,793.6","4,814.6","4,793.6","825.64K","0.00%"
"30/03/2011","4,814.6","4,793.6","4,835.7","4,772.6","1.17M","0.00%"
"29/03/2011","4,814.6","4,814.6","4,835.7","4,793.6","2.17M","0.00%"
"28/03/2011","4,814.6","4,793.6","4,856.7","4,793.6","1.23M","0.00%"
"25/03/2011","4,814.6","4,772.6","4,814.6","4,772.6","1.46M","0.44%"
"24/03/2011","4,793.6","4,793.6","4,814.6","4,772.6","865.70K","-0.44%"
"23/03/2011","4,814.6","4,793.6","4,814.6","4,772.6","1.22M","0.44%"
"22/03/2011","4,793.6","4,751.6","4,814.6","4,751.6","1.42M","-0.44%"
"21/03/2011","4,814.6","4,793.6","4,856.7","4,793.6","2.10M","0.00%"
"18/03/2011","4,814.6","4,709.5","4,835.7","4,688.5","2.21M","2.23%"
"17/03/2011","4,709.5","4,730.5","4,730.5","4,646.4","2.13M","-0.44%"
"16/03/2011","4,730.5","4,730.5","4,730.5","4,688.5","1.71M","0.00%"
"15/03/2011","4,730.5","4,520.3","4,751.6","4,520.3","1.94M","-0.44%"
"14/03/2011","4,751.6","4,835.7","4,835.7","4,730.5","2.37M","-1.74%"
"11/03/2011","4,835.7","4,814.6","4,877.7","4,772.6","1.94M","0.44%"
"10/03/2011","4,814.6","4,688.5","4,835.7","4,688.5","1.64M","1.78%"
"09/03/2011","4,730.5","4,730.5","4,751.6","4,646.4","1.89M","0.00%"
"08/03/2011","4,730.5","4,688.5","4,751.6","4,688.5","925.22K","0.90%"
"07/03/2011","4,688.5","4,730.5","4,730.5","4,667.5","398.31K","-1.33%"
"04/03/2011","4,751.6","4,625.4","4,751.6","4,625.4","1.90M","2.73%"
"03/03/2011","4,625.4","4,520.3","4,667.5","4,499.3","1.66M","1.38%"
"02/03/2011","4,562.3","4,688.5","4,730.5","4,541.3","2.40M","-3.13%"
"01/03/2011","4,709.5","4,730.5","4,751.6","4,709.5","843.28K","0.00%"
"28/02/2011","4,709.5","4,730.5","4,793.6","4,688.5","962.33K","-0.44%"
"25/02/2011","4,730.5","4,667.5","4,730.5","4,667.5","1.00M","0.90%"
"24/02/2011","4,688.5","4,709.5","4,772.6","4,604.4","2.35M","-0.45%"
"23/02/2011","4,709.5","4,688.5","4,751.6","4,646.4","1.78M","0.45%"
"22/02/2011","4,688.5","4,415.2","4,730.5","4,394.1","1.50M","1.36%"
"21/02/2011","4,625.4","4,940.8","4,940.8","4,604.4","3.61M","-6.78%"
"18/02/2011","4,961.8","4,982.8","4,982.8","4,919.8","2.00M","-0.42%"
"17/02/2011","4,982.8","5,045.9","5,045.9","4,982.8","659.93K","-0.84%"
"16/02/2011","5,024.9","5,045.9","5,088.0","5,003.9","844.75K","-1.24%"
"15/02/2011","5,088.0","5,151.0","5,151.0","5,045.9","803.96K","-0.82%"
"14/02/2011","5,130.0","5,151.0","5,172.1","5,109.0","1.00M","-0.81%"
"11/02/2011","5,172.1","5,151.0","5,193.1","5,130.0","814.99K","0.41%"
"10/02/2011","5,151.0","5,256.2","5,256.2","5,130.0","1.07M","-0.81%"
"09/02/2011","5,193.1","5,298.2","5,340.3","5,172.1","1.16M","0.41%"
"08/02/2011","5,172.1","5,256.2","5,256.2","5,151.0","264.19K","1.24%"
"28/01/2011","5,109.0","5,151.0","5,151.0","5,088.0","1.21M","-0.82%"
"27/01/2011","5,151.0","5,151.0","5,172.1","5,088.0","925.96K","0.00%"
"26/01/2011","5,151.0","5,088.0","5,151.0","5,088.0","587.17K","1.24%"
"25/01/2011","5,088.0","5,172.1","5,172.1","5,066.9","786.69K","-1.63%"
"24/01/2011","5,172.1","5,235.1","5,319.2","5,172.1","1.51M","-1.20%"
"21/01/2011","5,235.1","4,982.8","5,340.3","4,982.8","2.64M","4.18%"
"20/01/2011","5,024.9","5,024.9","5,045.9","4,982.8","456.00K","0.84%"
"19/01/2011","4,982.8","5,003.9","5,024.9","4,919.8","569.17K","-0.42%"
"18/01/2011","5,003.9","4,961.8","5,066.9","4,961.8","537.20K","-1.24%"
"17/01/2011","5,066.9","5,066.9","5,130.0","5,045.9","783.02K","0.42%"
"14/01/2011","5,045.9","5,045.9","5,088.0","5,003.9","618.04K","0.00%"
"13/01/2011","5,045.9","5,066.9","5,088.0","5,024.9","806.90K","0.84%"
"12/01/2011","5,003.9","5,045.9","5,151.0","5,003.9","577.25K","0.85%"
"11/01/2011","4,961.8","5,088.0","5,088.0","4,940.8","1.42M","-2.48%"
"10/01/2011","5,088.0","5,172.1","5,172.1","5,088.0","979.60K","-1.63%"
"07/01/2011","5,172.1","5,235.1","5,256.2","5,172.1","754.36K","-1.60%"
"06/01/2011","5,256.2","5,214.1","5,319.2","5,214.1","637.51K","1.22%"
"05/01/2011","5,193.1","5,319.2","5,319.2","5,193.1","1.26M","-1.98%"
"04/01/2011","5,298.2","5,466.4","5,466.4","5,298.2","635.31K","-3.45%"